hora,event_key,tipo,torneo,jugador1,jugador2,mercado,linea,lado,casa,cuota,p_pinnacle,cuota_pinnacle,valor,n_casas
2026-10-11 00:01,12169697,Atp Singles,Shanghai,A. Zverev,Q. Halys,ganador,,jugador2,WilliamHill,7.0,0.1537,6.33,0.0762,9
2026-10-11 00:01,12169747,Atp Singles,Shanghai,A. Bublik,B. Nakashima,ganador,,jugador1,bet365,2.2,0.4745,2.06,0.0439,9
2026-10-11 00:01,12169747,Atp Singles,Shanghai,A. Bublik,B. Nakashima,ganador,,jugador1,BetVictor,2.2,0.4745,2.06,0.0439,9
2026-10-11 00:01,12169896,Itf Women Singles,W15 Chisinau (Moldova),A. Brune,F. Dorofeeva-Rybas,ganador,,jugador1,bet365,7.5,0.2253,4.16,0.6899,6
2026-10-11 00:01,12169896,Itf Women Singles,W15 Chisinau (Moldova),A. Brune,F. Dorofeeva-Rybas,ganador,,jugador1,1xBet,7.5,0.2253,4.16,0.6899,6
2026-10-11 00:01,12169896,Itf Women Singles,W15 Chisinau (Moldova),A. Brune,F. Dorofeeva-Rybas,ganador,,jugador1,Marathon,5.0,0.2253,4.16,0.1266,6
2026-10-11 01:03,12169822,Wta Singles,Wuhan,Z. Sonmez,S. Kraus,juegos,21.5,menos,Betano,1.91,0.5492,1.74,0.049,6
2026-10-11 01:03,12169841,Itf Women Singles,W50 Heraklion 2,I. Oz,A. Oktiabreva,ganador,,jugador1,bet365,3.75,0.2956,3.17,0.1083,9
2026-10-11 01:03,12169877,Itf Women Singles,W35 Lagos,M. Rajeshwaran Revathi,C. Cervino Ruiz,ganador,,jugador1,bet365,2.1,0.5213,1.80,0.0947,7
2026-10-11 01:03,12169881,Challenger Men Singles,Jinan,I. Ivashka,B. Zhukayev,ganador,,jugador2,bet365,3.75,0.2767,3.45,0.0377,6
