hora,event_key,mercado,linea,lado,p_pinnacle,cuota_pinnacle
2026-10-10 10:09,12169478,ganador,,jugador1,0.3156,3.08
2026-10-10 10:09,12169478,ganador,,jugador2,0.6844,1.42
2026-10-10 10:09,12169478,juegos,22.5,más,0.5013,1.93
2026-10-10 10:09,12169478,juegos,22.5,menos,0.4987,1.94
2026-10-10 10:09,12169478,juegos,23.5,más,0.4203,2.29
2026-10-10 10:09,12169478,juegos,23.5,menos,0.5797,1.66
2026-10-10 10:09,12169478,juegos,21.5,más,0.6158,1.56
2026-10-10 10:09,12169478,juegos,21.5,menos,0.3842,2.50
2026-10-10 08:12,12169483,ganador,,jugador1,0.8758,1.10
2026-10-10 08:12,12169483,ganador,,jugador2,0.1242,7.76
2026-10-10 08:12,12169483,juegos,19.5,más,0.5501,1.75
2026-10-10 08:12,12169483,juegos,19.5,menos,0.4499,2.14
2026-10-10 08:12,12169483,juegos,20.5,más,0.4793,2.01
2026-10-10 08:12,12169483,juegos,20.5,menos,0.5207,1.85
2026-10-10 11:04,12169492,ganador,,jugador1,0.6527,1.49
2026-10-10 11:04,12169492,ganador,,jugador2,0.3473,2.80
2026-10-10 11:04,12169492,juegos,22.5,más,0.4677,2.06
2026-10-10 11:04,12169492,juegos,22.5,menos,0.5323,1.81
2026-10-10 11:04,12169492,juegos,21.5,más,0.5375,1.79
2026-10-10 11:04,12169492,juegos,21.5,menos,0.4625,2.08
2026-10-10 09:11,12169495,ganador,,jugador1,0.7097,1.37
2026-10-10 09:11,12169495,ganador,,jugador2,0.2903,3.35
2026-10-10 09:11,12169495,juegos,21.5,más,0.5501,1.75
2026-10-10 09:11,12169495,juegos,21.5,menos,0.4499,2.14
2026-10-10 09:11,12169495,juegos,20.5,más,0.5776,1.66
2026-10-10 09:11,12169495,juegos,20.5,menos,0.4224,2.27
2026-10-10 09:11,12169495,juegos,22.5,más,0.4741,2.03
2026-10-10 09:11,12169495,juegos,22.5,menos,0.5259,1.83
2026-10-10 12:01,12169503,ganador,,jugador1,0.274,3.55
2026-10-10 12:01,12169503,ganador,,jugador2,0.726,1.34
2026-10-10 12:01,12169503,juegos,21.5,más,0.5207,1.85
2026-10-10 12:01,12169503,juegos,21.5,menos,0.4793,2.01
2026-10-10 12:01,12169503,juegos,22.5,más,0.4462,2.16
2026-10-10 12:01,12169503,juegos,22.5,menos,0.5538,1.74
2026-10-10 12:01,12169503,juegos,20.5,más,0.5844,1.65
2026-10-10 12:01,12169503,juegos,20.5,menos,0.4156,2.32
2026-10-10 06:15,12169504,ganador,,jugador1,0.6298,1.54
2026-10-10 06:15,12169504,ganador,,jugador2,0.3702,2.62
2026-10-10 06:15,12169504,juegos,22.5,más,0.4884,1.98
2026-10-10 06:15,12169504,juegos,22.5,menos,0.5116,1.89
2026-10-10 06:15,12169504,juegos,23.5,más,0.4203,2.29
2026-10-10 06:15,12169504,juegos,23.5,menos,0.5797,1.66
2026-10-10 06:15,12169504,juegos,21.5,más,0.5797,1.66
2026-10-10 06:15,12169504,juegos,21.5,menos,0.4203,2.29
2026-10-10 07:13,12169534,ganador,,jugador1,0.5167,1.88
2026-10-10 07:13,12169534,ganador,,jugador2,0.4833,2.01
2026-10-10 07:13,12169534,juegos,23.5,más,0.4373,2.20
2026-10-10 07:13,12169534,juegos,23.5,menos,0.5627,1.71
2026-10-10 07:13,12169534,juegos,22.5,más,0.5065,1.91
2026-10-10 07:13,12169534,juegos,22.5,menos,0.4935,1.96
2026-10-10 07:13,12169534,juegos,21.5,más,0.603,1.60
2026-10-10 07:13,12169534,juegos,21.5,menos,0.397,2.43
2026-10-10 11:04,12169535,ganador,,jugador1,0.0974,9.92
2026-10-10 11:04,12169535,ganador,,jugador2,0.9026,1.07
2026-10-10 11:04,12169535,juegos,18.5,más,0.5232,1.85
2026-10-10 11:04,12169535,juegos,18.5,menos,0.4768,2.03
2026-10-10 11:04,12169535,juegos,19.5,más,0.43,2.24
2026-10-10 11:04,12169535,juegos,19.5,menos,0.57,1.69
2026-10-10 11:04,12169535,juegos,17.5,más,0.6379,1.51
2026-10-10 11:04,12169535,juegos,17.5,menos,0.3621,2.66
2026-10-10 11:04,12169537,ganador,,jugador1,0.3593,2.71
2026-10-10 11:04,12169537,ganador,,jugador2,0.6407,1.52
2026-10-10 11:04,12169537,juegos,22.5,más,0.491,1.97
2026-10-10 11:04,12169537,juegos,22.5,menos,0.509,1.90
2026-10-10 11:04,12169537,juegos,23.5,más,0.43,2.24
2026-10-10 11:04,12169537,juegos,23.5,menos,0.57,1.69
2026-10-10 11:04,12169537,juegos,21.5,más,0.5833,1.65
2026-10-10 11:04,12169537,juegos,21.5,menos,0.4167,2.31
2026-10-10 11:04,12169556,ganador,,jugador1,0.3693,2.63
2026-10-10 11:04,12169556,ganador,,jugador2,0.6307,1.54
2026-10-10 11:04,12169556,juegos,22.5,más,0.4987,1.94
2026-10-10 11:04,12169556,juegos,22.5,menos,0.5013,1.93
2026-10-10 11:04,12169556,juegos,23.5,más,0.4399,2.19
2026-10-10 11:04,12169556,juegos,23.5,menos,0.5601,1.72
2026-10-10 11:04,12169556,juegos,21.5,más,0.5772,1.67
2026-10-10 11:04,12169556,juegos,21.5,menos,0.4228,2.28
2026-10-10 06:15,12169557,ganador,,jugador1,0.6879,1.42
2026-10-10 06:15,12169557,ganador,,jugador2,0.3121,3.13
2026-10-10 06:15,12169557,juegos,20.5,más,0.5436,1.78
2026-10-10 06:15,12169557,juegos,20.5,menos,0.4564,2.12
2026-10-10 06:15,12169557,juegos,21.5,más,0.4936,1.97
2026-10-10 06:15,12169557,juegos,21.5,menos,0.5064,1.92
2026-10-10 06:15,12169557,juegos,22.5,más,0.434,2.23
2026-10-10 06:15,12169557,juegos,22.5,menos,0.566,1.71
2026-10-10 06:15,12169707,ganador,,jugador1,0.4793,2.01
2026-10-10 06:15,12169707,ganador,,jugador2,0.5207,1.85
2026-10-10 06:15,12169707,juegos,20.5,más,0.517,1.85
2026-10-10 06:15,12169707,juegos,20.5,menos,0.483,1.98
2026-10-10 06:15,12169707,juegos,21.5,más,0.4623,2.07
2026-10-10 06:15,12169707,juegos,21.5,menos,0.5377,1.78
2026-10-10 06:15,12169707,juegos,19.5,más,0.5806,1.64
2026-10-10 06:15,12169707,juegos,19.5,menos,0.4194,2.27
2026-10-10 06:15,12169708,ganador,,jugador1,0.5247,1.83
2026-10-10 06:15,12169708,ganador,,jugador2,0.4753,2.02
2026-10-10 06:15,12169708,juegos,22.5,más,0.4356,2.19
2026-10-10 06:15,12169708,juegos,22.5,menos,0.5644,1.69
2026-10-10 06:15,12169708,juegos,20.5,más,0.5429,1.76
2026-10-10 06:15,12169708,juegos,20.5,menos,0.4571,2.09
2026-10-10 06:15,12169708,juegos,21.5,más,0.4909,1.95
2026-10-10 06:15,12169708,juegos,21.5,menos,0.5091,1.88
2026-10-10 07:13,12169709,ganador,,jugador1,0.5259,1.83
2026-10-10 07:13,12169709,ganador,,jugador2,0.4741,2.03
2026-10-10 07:13,12169709,juegos,22.5,más,0.4407,2.17
2026-10-10 07:13,12169709,juegos,22.5,menos,0.5593,1.71
2026-10-10 07:13,12169709,juegos,20.5,más,0.557,1.71
2026-10-10 07:13,12169709,juegos,20.5,menos,0.443,2.15
2026-10-10 07:13,12169709,juegos,21.5,más,0.5039,1.90
2026-10-10 07:13,12169709,juegos,21.5,menos,0.4961,1.93
2026-10-10 07:13,12169710,ganador,,jugador1,0.3663,2.63
2026-10-10 07:13,12169710,ganador,,jugador2,0.6337,1.52
2026-10-10 07:13,12169710,juegos,20.5,más,0.5429,1.76
2026-10-10 07:13,12169710,juegos,20.5,menos,0.4571,2.09
2026-10-10 07:13,12169710,juegos,21.5,más,0.4909,1.95
2026-10-10 07:13,12169710,juegos,21.5,menos,0.5091,1.88
2026-10-10 07:13,12169710,juegos,22.5,más,0.4381,2.18
2026-10-10 07:13,12169710,juegos,22.5,menos,0.5619,1.70
2026-10-10 08:12,12169711,ganador,,jugador1,0.4741,2.03
2026-10-10 08:12,12169711,ganador,,jugador2,0.5259,1.83
2026-10-10 08:12,12169711,juegos,21.5,más,0.5222,1.83
2026-10-10 08:12,12169711,juegos,21.5,menos,0.4778,2.00
2026-10-10 08:12,12169711,juegos,22.5,más,0.4583,2.08
2026-10-10 08:12,12169711,juegos,22.5,menos,0.5417,1.76
2026-10-10 09:11,12169712,ganador,,jugador1,0.2925,3.29
2026-10-10 09:11,12169712,ganador,,jugador2,0.7075,1.36
2026-10-10 09:11,12169712,juegos,21.5,más,0.4378,2.17
2026-10-10 09:11,12169712,juegos,21.5,menos,0.5622,1.69
2026-10-10 09:11,12169712,juegos,19.5,más,0.5262,1.81
2026-10-10 09:11,12169712,juegos,19.5,menos,0.4738,2.01
2026-10-10 09:11,12169712,juegos,20.5,más,0.4534,2.11
2026-10-10 09:11,12169712,juegos,20.5,menos,0.5466,1.75
2026-10-10 08:12,12169714,ganador,,jugador1,0.3857,2.50
2026-10-10 08:12,12169714,ganador,,jugador2,0.6143,1.57
2026-10-10 08:12,12169714,juegos,21.5,más,0.4726,2.02
2026-10-10 08:12,12169714,juegos,21.5,menos,0.5274,1.81
2026-10-10 08:12,12169714,juegos,20.5,más,0.5248,1.82
2026-10-10 08:12,12169714,juegos,20.5,menos,0.4752,2.01
2026-10-10 07:13,12169720,ganador,,jugador1,0.2762,3.46
2026-10-10 07:13,12169720,ganador,,jugador2,0.7238,1.32
2026-10-10 07:13,12169720,juegos,21.5,más,0.4738,2.01
2026-10-10 07:13,12169720,juegos,21.5,menos,0.5262,1.81
2026-10-10 07:13,12169720,juegos,20.5,más,0.534,1.78
2026-10-10 07:13,12169720,juegos,20.5,menos,0.466,2.04
2026-10-10 07:13,12169721,ganador,,jugador1,0.567,1.68
2026-10-10 07:13,12169721,ganador,,jugador2,0.433,2.20
2026-10-10 07:13,12169721,juegos,20.5,más,0.5184,1.83
2026-10-10 07:13,12169721,juegos,20.5,menos,0.4816,1.97
2026-10-10 07:13,12169721,juegos,21.5,más,0.4686,2.03
2026-10-10 07:13,12169721,juegos,21.5,menos,0.5314,1.79
2026-10-10 08:12,12169725,ganador,,jugador1,0.7078,1.35
2026-10-10 08:12,12169725,ganador,,jugador2,0.2922,3.27
2026-10-10 08:12,12169725,juegos,20.5,más,0.4738,2.01
2026-10-10 08:12,12169725,juegos,20.5,menos,0.5262,1.81
2026-10-10 08:12,12169725,juegos,19.5,más,0.5495,1.73
2026-10-10 08:12,12169725,juegos,19.5,menos,0.4505,2.11
2026-10-10 08:12,12169725,juegos,21.5,más,0.4524,2.07
2026-10-10 08:12,12169725,juegos,21.5,menos,0.5476,1.71
2026-10-10 09:11,12169726,ganador,,jugador1,0.4934,1.93
2026-10-10 09:11,12169726,ganador,,jugador2,0.5066,1.88
2026-10-10 09:11,12169726,juegos,20.5,más,0.534,1.78
2026-10-10 09:11,12169726,juegos,20.5,menos,0.466,2.04
2026-10-10 09:11,12169726,juegos,21.5,más,0.4829,1.97
2026-10-10 09:11,12169726,juegos,21.5,menos,0.5171,1.84
2026-10-10 08:12,12169727,ganador,,jugador1,0.7524,1.27
2026-10-10 08:12,12169727,ganador,,jugador2,0.2476,3.86
2026-10-10 08:12,12169727,juegos,19.5,más,0.5223,1.82
2026-10-10 08:12,12169727,juegos,19.5,menos,0.4777,1.99
2026-10-10 08:12,12169727,juegos,20.5,más,0.4595,2.07
2026-10-10 08:12,12169727,juegos,20.5,menos,0.5405,1.76
2026-10-10 07:13,12169728,ganador,,jugador1,0.3326,2.87
2026-10-10 07:13,12169728,ganador,,jugador2,0.6674,1.43
2026-10-10 07:13,12169728,juegos,20.5,más,0.5197,1.83
2026-10-10 07:13,12169728,juegos,20.5,menos,0.4803,1.98
2026-10-10 07:13,12169728,juegos,21.5,más,0.4712,2.02
2026-10-10 07:13,12169728,juegos,21.5,menos,0.5288,1.80
2026-10-10 07:13,12169729,ganador,,jugador1,0.4005,2.38
2026-10-10 07:13,12169729,ganador,,jugador2,0.5995,1.59
2026-10-10 07:13,12169729,juegos,20.5,más,0.5405,1.76
2026-10-10 07:13,12169729,juegos,20.5,menos,0.4595,2.07
2026-10-10 07:13,12169729,juegos,21.5,más,0.4869,1.96
2026-10-10 07:13,12169729,juegos,21.5,menos,0.5131,1.86
2026-10-10 07:13,12169729,juegos,22.5,más,0.4278,2.22
2026-10-10 07:13,12169729,juegos,22.5,menos,0.5722,1.66
2026-10-10 11:04,12169732,ganador,,jugador1,0.2954,3.22
2026-10-10 11:04,12169732,ganador,,jugador2,0.7046,1.35
2026-10-10 11:04,12169732,juegos,19.5,más,0.5393,1.76
2026-10-10 11:04,12169732,juegos,19.5,menos,0.4607,2.06
2026-10-10 11:04,12169732,juegos,20.5,más,0.4751,2.00
2026-10-10 11:04,12169732,juegos,20.5,menos,0.5249,1.81
2026-10-10 10:09,12169733,ganador,,jugador1,0.575,1.70
2026-10-10 10:09,12169733,ganador,,jugador2,0.425,2.30
2026-10-10 10:09,12169733,juegos,22.5,más,0.4859,2.00
2026-10-10 10:09,12169733,juegos,22.5,menos,0.5141,1.89
2026-10-10 10:09,12169733,juegos,23.5,más,0.4351,2.22
2026-10-10 10:09,12169733,juegos,23.5,menos,0.5649,1.71
2026-10-10 10:09,12169733,juegos,21.5,más,0.5587,1.73
2026-10-10 10:09,12169733,juegos,21.5,menos,0.4413,2.19
2026-10-10 06:15,12169734,ganador,,jugador1,0.7633,1.25
2026-10-10 06:15,12169734,ganador,,jugador2,0.2367,4.03
2026-10-10 06:15,12169734,juegos,19.5,más,0.4869,1.96
2026-10-10 06:15,12169734,juegos,19.5,menos,0.5131,1.86
2026-10-10 06:15,12169735,ganador,,jugador1,0.219,4.35
2026-10-10 06:15,12169735,ganador,,jugador2,0.781,1.22
2026-10-10 06:15,12169735,juegos,19.5,más,0.4621,2.06
2026-10-10 06:15,12169735,juegos,19.5,menos,0.5379,1.77
2026-10-10 06:15,12169735,juegos,18.5,más,0.5469,1.74
2026-10-10 06:15,12169735,juegos,18.5,menos,0.4531,2.10
2026-10-10 07:13,12169736,ganador,,jugador1,0.5619,1.70
2026-10-10 07:13,12169736,ganador,,jugador2,0.4381,2.18
2026-10-10 07:13,12169736,juegos,20.5,más,0.5405,1.76
2026-10-10 07:13,12169736,juegos,20.5,menos,0.4595,2.07
2026-10-10 07:13,12169736,juegos,21.5,más,0.4921,1.94
2026-10-10 07:13,12169736,juegos,21.5,menos,0.5079,1.88
2026-10-10 07:13,12169736,juegos,22.5,más,0.4352,2.18
2026-10-10 07:13,12169736,juegos,22.5,menos,0.5648,1.68
2026-10-10 07:13,12169737,ganador,,jugador1,0.7176,1.33
2026-10-10 07:13,12169737,ganador,,jugador2,0.2824,3.38
2026-10-10 07:13,12169737,juegos,19.5,más,0.5648,1.68
2026-10-10 07:13,12169737,juegos,19.5,menos,0.4352,2.18
2026-10-10 07:13,12169737,juegos,20.5,más,0.5026,1.90
2026-10-10 07:13,12169737,juegos,20.5,menos,0.4974,1.92
2026-10-10 07:13,12169737,juegos,21.5,más,0.4543,2.09
2026-10-10 07:13,12169737,juegos,21.5,menos,0.5457,1.74
2026-10-10 08:12,12169741,ganador,,jugador1,0.641,1.49
2026-10-10 08:12,12169741,ganador,,jugador2,0.359,2.66
2026-10-10 08:12,12169741,juegos,21.5,más,0.4934,1.93
2026-10-10 08:12,12169741,juegos,21.5,menos,0.5066,1.88
2026-10-10 08:12,12169741,juegos,20.5,más,0.5469,1.74
2026-10-10 08:12,12169741,juegos,20.5,menos,0.4531,2.10
2026-10-10 08:12,12169741,juegos,22.5,más,0.4253,2.23
2026-10-10 08:12,12169741,juegos,22.5,menos,0.5747,1.65
2026-10-10 09:11,12169742,ganador,,jugador1,0.4817,1.98
2026-10-10 09:11,12169742,ganador,,jugador2,0.5183,1.84
2026-10-10 09:11,12169742,juegos,19.5,más,0.5777,1.63
2026-10-10 09:11,12169742,juegos,19.5,menos,0.4223,2.23
2026-10-10 09:11,12169742,juegos,20.5,más,0.5393,1.76
2026-10-10 09:11,12169742,juegos,20.5,menos,0.4607,2.06
2026-10-10 09:11,12169742,juegos,21.5,más,0.4921,1.94
2026-10-10 09:11,12169742,juegos,21.5,menos,0.5079,1.88
2026-10-10 09:11,12169751,ganador,,jugador1,0.3024,3.16
2026-10-10 09:11,12169751,ganador,,jugador2,0.6976,1.37
2026-10-10 09:11,12169751,juegos,19.5,más,0.5469,1.74
2026-10-10 09:11,12169751,juegos,19.5,menos,0.4531,2.10
2026-10-10 09:11,12169751,juegos,20.5,más,0.4791,1.99
2026-10-10 09:11,12169751,juegos,20.5,menos,0.5209,1.83
2026-10-10 14:03,12169754,ganador,,jugador1,0.2981,3.25
2026-10-10 14:03,12169754,ganador,,jugador2,0.7019,1.38
2026-10-10 14:03,12169754,juegos,20.5,más,0.5476,1.76
2026-10-10 14:03,12169754,juegos,20.5,menos,0.4524,2.13
2026-10-10 14:03,12169754,juegos,21.5,más,0.4884,1.98
2026-10-10 14:03,12169754,juegos,21.5,menos,0.5116,1.89
2026-10-10 14:03,12169754,juegos,22.5,más,0.4253,2.27
2026-10-10 14:03,12169754,juegos,22.5,menos,0.5747,1.68
2026-10-10 09:11,12169755,ganador,,jugador1,0.5747,1.68
2026-10-10 09:11,12169755,ganador,,jugador2,0.4253,2.27
2026-10-10 09:11,12169755,juegos,22.5,más,0.487,1.98
2026-10-10 09:11,12169755,juegos,22.5,menos,0.513,1.88
2026-10-10 09:11,12169755,juegos,23.5,más,0.4385,2.19
2026-10-10 09:11,12169755,juegos,23.5,menos,0.5615,1.71
2026-10-10 09:11,12169755,juegos,21.5,más,0.5575,1.73
2026-10-10 09:11,12169755,juegos,21.5,menos,0.4425,2.18
2026-10-10 09:11,12169756,ganador,,jugador1,0.5955,1.63
2026-10-10 09:11,12169756,ganador,,jugador2,0.4045,2.40
2026-10-10 09:11,12169756,juegos,21.5,más,0.5601,1.72
2026-10-10 09:11,12169756,juegos,21.5,menos,0.4399,2.19
2026-10-10 09:11,12169756,juegos,23.5,más,0.4362,2.21
2026-10-10 09:11,12169756,juegos,23.5,menos,0.5638,1.71
2026-10-10 09:11,12169756,juegos,22.5,más,0.487,1.98
2026-10-10 09:11,12169756,juegos,22.5,menos,0.513,1.88
2026-10-10 09:11,12169757,ganador,,jugador1,0.3341,2.89
2026-10-10 09:11,12169757,ganador,,jugador2,0.6659,1.45
2026-10-10 09:11,12169757,juegos,20.5,más,0.513,1.88
2026-10-10 09:11,12169757,juegos,20.5,menos,0.487,1.98
2026-10-10 09:11,12169757,juegos,21.5,más,0.4625,2.08
2026-10-10 09:11,12169757,juegos,21.5,menos,0.5375,1.79
2026-10-10 07:13,12169760,ganador,,jugador1,0.3002,3.17
2026-10-10 07:13,12169760,ganador,,jugador2,0.6998,1.36
2026-10-10 07:13,12169760,juegos,20.5,más,0.4531,2.10
2026-10-10 07:13,12169760,juegos,20.5,menos,0.5469,1.74
2026-10-10 07:13,12169760,juegos,19.5,más,0.5171,1.84
2026-10-10 07:13,12169760,juegos,19.5,menos,0.4829,1.97
2026-10-10 07:13,12169761,ganador,,jugador1,0.4184,2.28
2026-10-10 07:13,12169761,ganador,,jugador2,0.5816,1.64
2026-10-10 07:13,12169761,juegos,20.5,más,0.5184,1.83
2026-10-10 07:13,12169761,juegos,20.5,menos,0.4816,1.97
2026-10-10 07:13,12169761,juegos,21.5,más,0.4686,2.03
2026-10-10 07:13,12169761,juegos,21.5,menos,0.5314,1.79
2026-10-10 07:13,12169762,ganador,,jugador1,0.403,2.37
2026-10-10 07:13,12169762,ganador,,jugador2,0.597,1.60
2026-10-10 07:13,12169762,juegos,20.5,más,0.5314,1.79
2026-10-10 07:13,12169762,juegos,20.5,menos,0.4686,2.03
2026-10-10 07:13,12169762,juegos,21.5,más,0.4803,1.98
2026-10-10 07:13,12169762,juegos,21.5,menos,0.5197,1.83
2026-10-10 08:12,12169763,ganador,,jugador1,0.81,1.18
2026-10-10 08:12,12169763,ganador,,jugador2,0.19,5.03
2026-10-10 08:12,12169763,juegos,20.5,más,0.4404,2.16
2026-10-10 08:12,12169763,juegos,20.5,menos,0.5596,1.70
2026-10-10 08:12,12169763,juegos,19.5,más,0.5223,1.82
2026-10-10 08:12,12169763,juegos,19.5,menos,0.4777,1.99
2026-10-10 09:11,12169764,ganador,,jugador1,0.7885,1.21
2026-10-10 09:11,12169764,ganador,,jugador2,0.2115,4.51
2026-10-10 09:11,12169764,juegos,19.5,más,0.5066,1.88
2026-10-10 09:11,12169764,juegos,19.5,menos,0.4934,1.93
2026-10-10 09:11,12169764,juegos,20.5,más,0.4341,2.19
2026-10-10 09:11,12169764,juegos,20.5,menos,0.5659,1.68
2026-10-10 09:11,12169764,juegos,18.5,más,0.5769,1.65
2026-10-10 09:11,12169764,juegos,18.5,menos,0.4231,2.25
2026-10-10 11:04,12169765,ganador,,jugador1,0.3725,2.56
2026-10-10 11:04,12169765,ganador,,jugador2,0.6275,1.52
2026-10-10 11:04,12169765,juegos,20.5,más,0.5249,1.81
2026-10-10 11:04,12169765,juegos,20.5,menos,0.4751,2.00
2026-10-10 11:04,12169765,juegos,19.5,más,0.5758,1.65
2026-10-10 11:04,12169765,juegos,19.5,menos,0.4242,2.24
2026-10-10 11:04,12169765,juegos,21.5,más,0.4751,2.00
2026-10-10 11:04,12169765,juegos,21.5,menos,0.5249,1.81
2026-10-10 10:09,12169766,ganador,,jugador1,0.4672,2.03
2026-10-10 10:09,12169766,ganador,,jugador2,0.5328,1.78
2026-10-10 10:09,12169766,juegos,21.5,más,0.4735,1.99
2026-10-10 10:09,12169766,juegos,21.5,menos,0.5265,1.79
2026-10-10 10:09,12169766,juegos,20.5,más,0.5238,1.80
2026-10-10 10:09,12169766,juegos,20.5,menos,0.4762,1.98
2026-10-10 08:12,12169767,ganador,,jugador1,0.5391,1.77
2026-10-10 08:12,12169767,ganador,,jugador2,0.4609,2.07
2026-10-10 08:12,12169767,juegos,23.5,más,0.4634,2.05
2026-10-10 08:12,12169767,juegos,23.5,menos,0.5366,1.77
2026-10-10 08:12,12169767,juegos,22.5,más,0.5249,1.81
2026-10-10 08:12,12169767,juegos,22.5,menos,0.4751,2.00
2026-10-10 07:13,12169769,ganador,,jugador1,0.4256,2.24
2026-10-10 07:13,12169769,ganador,,jugador2,0.5744,1.66
2026-10-10 07:13,12169769,juegos,20.5,más,0.5052,1.89
2026-10-10 07:13,12169769,juegos,20.5,menos,0.4948,1.93
2026-10-10 07:13,12169769,juegos,19.5,más,0.5696,1.67
2026-10-10 07:13,12169769,juegos,19.5,menos,0.4304,2.21
2026-10-10 07:13,12169769,juegos,21.5,más,0.4543,2.09
2026-10-10 07:13,12169769,juegos,21.5,menos,0.5457,1.74
2026-10-10 07:13,12169770,ganador,,jugador1,0.9064,1.06
2026-10-10 07:13,12169770,ganador,,jugador2,0.0936,10.26
2026-10-10 07:13,12169773,ganador,,jugador1,0.5262,1.81
2026-10-10 07:13,12169773,ganador,,jugador2,0.4738,2.01
2026-10-10 07:13,12169773,juegos,19.5,más,0.5469,1.74
2026-10-10 07:13,12169773,juegos,19.5,menos,0.4531,2.10
2026-10-10 07:13,12169773,juegos,20.5,más,0.4751,2.00
2026-10-10 07:13,12169773,juegos,20.5,menos,0.5249,1.81
2026-10-10 10:09,12169774,ganador,,jugador1,0.4635,2.06
2026-10-10 10:09,12169774,ganador,,jugador2,0.5365,1.78
2026-10-10 10:09,12169774,juegos,20.5,más,0.5302,1.79
2026-10-10 10:09,12169774,juegos,20.5,menos,0.4698,2.02
2026-10-10 10:09,12169774,juegos,21.5,más,0.4816,1.97
2026-10-10 10:09,12169774,juegos,21.5,menos,0.5184,1.83
2026-10-10 11:04,12169789,ganador,,jugador1,0.459,2.11
2026-10-10 11:04,12169789,ganador,,jugador2,0.541,1.79
2026-10-10 11:04,12169789,juegos,21.5,más,0.5259,1.83
2026-10-10 11:04,12169789,juegos,21.5,menos,0.4741,2.03
2026-10-10 11:04,12169789,juegos,22.5,más,0.4677,2.06
2026-10-10 11:04,12169789,juegos,22.5,menos,0.5323,1.81
2026-10-10 13:04,12169790,ganador,,jugador1,0.4627,2.09
2026-10-10 13:04,12169790,ganador,,jugador2,0.5373,1.80
2026-10-10 13:04,12169790,juegos,22.5,más,0.4884,1.98
2026-10-10 13:04,12169790,juegos,22.5,menos,0.5116,1.89
2026-10-10 13:04,12169790,juegos,23.5,más,0.4373,2.20
2026-10-10 13:04,12169790,juegos,23.5,menos,0.5627,1.71
2026-10-10 13:04,12169790,juegos,21.5,más,0.5601,1.72
2026-10-10 13:04,12169790,juegos,21.5,menos,0.4399,2.19
2026-10-10 12:01,12169791,ganador,,jugador1,0.3863,2.51
2026-10-10 12:01,12169791,ganador,,jugador2,0.6137,1.58
2026-10-10 12:01,12169791,juegos,21.5,más,0.5601,1.72
2026-10-10 12:01,12169791,juegos,21.5,menos,0.4399,2.19
2026-10-10 12:01,12169791,juegos,22.5,más,0.491,1.97
2026-10-10 12:01,12169791,juegos,22.5,menos,0.509,1.90
2026-10-10 12:01,12169791,juegos,23.5,más,0.441,2.18
2026-10-10 12:01,12169791,juegos,23.5,menos,0.559,1.72
2026-10-10 11:04,12169792,ganador,,jugador1,0.3458,2.80
2026-10-10 11:04,12169792,ganador,,jugador2,0.6542,1.48
2026-10-10 11:04,12169792,juegos,20.5,más,0.5065,1.91
2026-10-10 11:04,12169792,juegos,20.5,menos,0.4935,1.96
2026-10-10 11:04,12169792,juegos,19.5,más,0.5772,1.67
2026-10-10 11:04,12169792,juegos,19.5,menos,0.4228,2.28
2026-10-10 11:04,12169792,juegos,21.5,más,0.4576,2.11
2026-10-10 11:04,12169792,juegos,21.5,menos,0.5424,1.78
2026-10-10 10:09,12169794,ganador,,jugador1,0.4545,2.10
2026-10-10 10:09,12169794,ganador,,jugador2,0.5455,1.75
2026-10-10 10:09,12169794,juegos,22.5,más,0.4843,1.97
2026-10-10 10:09,12169794,juegos,22.5,menos,0.5157,1.85
2026-10-10 10:09,12169794,juegos,23.5,más,0.4242,2.24
2026-10-10 10:09,12169794,juegos,23.5,menos,0.5758,1.65
2026-10-10 10:09,12169794,juegos,21.5,más,0.5696,1.67
2026-10-10 10:09,12169794,juegos,21.5,menos,0.4304,2.21
2026-10-10 11:04,12169796,ganador,,jugador1,0.3837,2.49
2026-10-10 11:04,12169796,ganador,,jugador2,0.6163,1.55
2026-10-10 11:04,12169796,juegos,20.5,más,0.5249,1.81
2026-10-10 11:04,12169796,juegos,20.5,menos,0.4751,2.00
2026-10-10 11:04,12169796,juegos,21.5,más,0.4738,2.01
2026-10-10 11:04,12169796,juegos,21.5,menos,0.5262,1.81
2026-10-10 14:03,12169798,ganador,,jugador1,0.6,1.58
2026-10-10 14:03,12169798,ganador,,jugador2,0.4,2.37
2026-10-10 14:03,12169798,juegos,20.5,más,0.5172,1.82
2026-10-10 14:03,12169798,juegos,20.5,menos,0.4828,1.95
2026-10-10 14:03,12169798,juegos,21.5,más,0.467,2.02
2026-10-10 14:03,12169798,juegos,21.5,menos,0.533,1.77
2026-10-10 14:03,12169799,ganador,,jugador1,0.5747,1.68
2026-10-10 14:03,12169799,ganador,,jugador2,0.4253,2.27
2026-10-10 14:03,12169799,juegos,22.5,más,0.4793,2.01
2026-10-10 14:03,12169799,juegos,22.5,menos,0.5207,1.85
2026-10-10 14:03,12169799,juegos,21.5,más,0.5476,1.76
2026-10-10 14:03,12169799,juegos,21.5,menos,0.4524,2.13
2026-10-10 14:03,12169800,ganador,,jugador1,0.8074,1.20
2026-10-10 14:03,12169800,ganador,,jugador2,0.1926,5.03
2026-10-10 14:03,12169800,juegos,19.5,más,0.555,1.74
2026-10-10 14:03,12169800,juegos,19.5,menos,0.445,2.17
2026-10-10 14:03,12169800,juegos,20.5,más,0.4961,1.95
2026-10-10 14:03,12169800,juegos,20.5,menos,0.5039,1.92
2026-10-10 14:03,12169800,juegos,21.5,más,0.4373,2.20
2026-10-10 14:03,12169800,juegos,21.5,menos,0.5627,1.71
2026-10-10 12:01,12169802,ganador,,jugador1,0.4895,1.95
2026-10-10 12:01,12169802,ganador,,jugador2,0.5105,1.87
2026-10-10 12:01,12169802,juegos,21.5,más,0.5223,1.82
2026-10-10 12:01,12169802,juegos,21.5,menos,0.4777,1.99
2026-10-10 12:01,12169802,juegos,22.5,más,0.4557,2.09
2026-10-10 12:01,12169802,juegos,22.5,menos,0.5443,1.75
2026-10-10 14:03,12169804,ganador,,jugador1,0.8759,1.08
2026-10-10 14:03,12169804,ganador,,jugador2,0.1241,7.62
2026-10-10 14:03,12169806,ganador,,jugador1,0.8674,1.09
2026-10-10 14:03,12169806,ganador,,jugador2,0.1326,7.13
2026-10-10 14:03,12169806,juegos,18.5,más,0.5133,1.83
2026-10-10 14:03,12169806,juegos,18.5,menos,0.4867,1.93
2026-10-10 09:11,12169742,juegos,22.5,más,0.4367,2.18
2026-10-10 09:11,12169742,juegos,22.5,menos,0.5633,1.69
2026-10-10 14:03,12169806,juegos,19.5,más,0.492,1.91
2026-10-10 14:03,12169806,juegos,19.5,menos,0.508,1.85
