event_key,tipo,torneo,jugador1,jugador2,estado,sets,juegos_totales
12168218,Challenger Men Doubles,Braga,Drzewiecki/ Kalender,Karol/ Paulson,,-,0
12168219,Challenger Men Doubles,Braga,Jecan/ Kielan,Cervantes/ Molchanov,,-,0
12168220,Challenger Men Doubles,Braga,Dodig/ Nedic,Lalami Laaroussi/ Mansilla Diez,,-,0
12168221,Challenger Men Doubles,Braga,Hermans/ Nijboer,Barroso Campos/ Nikles,,-,0
12168222,Challenger Men Doubles,Braga,Cacao/ Rocha,Bass/ Duncan,,-,0
12168223,Challenger Men Doubles,Braga,Alcala Gurri/ Sanchez Izquierdo,Domingues/ Torres,,-,0
12168224,Challenger Men Doubles,Braga,Barrientos/ Vocel,Martos Gornes/ Walkow,,-,0
12168225,Challenger Men Doubles,Braga,Pereira/ Winter Lopez,Forcano/ Izquierdo Luque,,-,0
12168280,Atp Singles,Shanghai,N. Borges,F. Diaz Acosta,,-,0
12168283,Atp Singles,Shanghai,M. Giron,S. Baez,,-,0
12168285,Atp Singles,Shanghai,H. Hurkacz,J. Duckworth,,-,0
12168286,Atp Singles,Shanghai,V. Kopriva,Z. Bergs,,-,0
12168288,Atp Singles,Shanghai,M. Landaluce,J-L. Struff,,-,0
12168289,Atp Singles,Shanghai,F. Marozsan,Z. Svajda,,-,0
12168290,Atp Singles,Shanghai,J. Munar,J. Brooksby,,-,0
12168291,Atp Singles,Shanghai,M. Navone,P. Carreno-Busta,,-,0
12168292,Atp Singles,Shanghai,C. Norrie,D. Shapovalov,Cancelled,-,0
12168295,Atp Singles,Shanghai,T. A. Tirante,H. Medjedovic,,-,0
12168296,Atp Singles,Shanghai,D. Vallejo,V. Royer,,-,0
12168297,Atp Singles,Shanghai,L. van Assche,Y. Bu,,-,0
12168298,Atp Singles,Shanghai,B. Van De Zandschulp,D. Merida Aguilar,,-,0
12168535,Challenger Men Singles,Braga,V. Gaubas,D. Ajdukovic,,-,0
12168570,Challenger Men Singles,Braga,Z. Piros,E. Moller,,-,0
12168710,Itf Women Singles,W15 Cipolletti (Argentina),Z. Doldan,M. F. Urrutia,,-,0
12168711,Itf Women Singles,W15 Cipolletti (Argentina),A. S. Sanchez,M. Cristobal,,-,0
12168712,Itf Women Singles,W15 Cipolletti (Argentina),C. C. Sosa,S. Meabe,,-,0
12168713,Itf Women Singles,W15 Cipolletti (Argentina),L. F. Britez Risso,M. Madrid Rocca,,-,0
12168714,Itf Women Singles,W15 Cipolletti (Argentina),F. B. Moron,J. M. Gonzalez Daniele,,-,0
12168715,Itf Women Singles,W15 Cipolletti (Argentina),L. Moyano,S. N. Nappi,,-,0
12168737,Itf Women Doubles,W15 Cipolletti (Argentina),Duarte/ Lassaga,Gobbi Monllau/ Zornada,,-,0
12168738,Itf Women Doubles,W15 Cipolletti (Argentina),BASEL/ Vega Gudino,Mondati/ Tejada,,-,0
12168739,Itf Women Doubles,W15 Cipolletti (Argentina),Baier/ Corvalan,Doldan/ Sosa,,-,0
12168740,Itf Women Doubles,W15 Cipolletti (Argentina),Nappi/ Rondinoni,Cristobal/ Pajello,,-,0
12168741,Itf Women Doubles,W15 Cipolletti (Argentina),Sanchez/ Urrutia,Maruca/ Soto Neira,,-,0
12168742,Itf Women Doubles,W15 Cipolletti (Argentina),Jurado/ Madrid Rocca,Mai/ Markus,,-,0
12168743,Itf Women Doubles,W15 Cipolletti (Argentina),Bhatia/ Moron,Larraya Guidi/ Meabe,,-,0
12168744,Itf Women Doubles,W15 Cipolletti (Argentina),Britez Risso/ Kawano Cho,Bulbarella/ Rain Contreras,,-,0
12168777,Itf Women Doubles,W35 Las Vegas,Bernales/ Fakih,Chang/ Shymanovich,Finished,1 - 2,31
12168778,Itf Women Doubles,W35 Las Vegas,Battistone/ Hu,Abbagnato/ Gomez Pezuela Cano,Finished,0 - 2,13
12168779,Itf Women Doubles,W35 Las Vegas,Cheong/ Kha,Rencheli/ Sholokhova,Finished,0 - 2,14
12168780,Itf Women Doubles,W35 Las Vegas,Fairclough/ Lutkemeyer,Alicea/ Snells,Set 2,1 - 0,21
12168781,Itf Women Doubles,W35 Las Vegas,Maklakova/ Mamedova,Falkner/ Soke,,-,0
12168782,Itf Women Doubles,W35 Las Vegas,Hejtmanek/ Rodriguez,Chan/ Ghirardato,Finished,2 - 0,18
12168795,Challenger Women Singles,Suzhou,O. Oliynykova,A. Falei,,-,0
12168804,Wta Singles,Beijing,E. Alexandrova,M. Andreeva,,-,0
12168806,Itf Women Doubles,W35 Wagga Wagga 2,Arakawa/ Nishimoto,Barry/ Sawashiro,Set 1,0 - 0,2
12168807,Itf Women Doubles,W35 Wagga Wagga 2,Carbis/ Swarbrick,Hosoki/ Sato,,-,0
12168809,Challenger Men Singles,Wuning 3 (China) - Qualification,F. Sun,K. Samrej,,-,0
12168811,Challenger Women Singles,Suzhou,K. Zavatska,D. Khomutsianskaya,,-,0
12168812,Itf Women Doubles,W35 Wagga Wagga 2,Stevens/ Thompson,Khan/ McKenzie,Set 2,0 - 1,10
12168813,Itf Women Doubles,W35 Wagga Wagga 2,Arakawa/ Uemura,Adams/ Dodaj,,-,0
12168815,Challenger Men Singles,Wuning 3 (China) - Qualification,J. D. Hara Friend,W. K. Leong M.,Set 1,0 - 0,0
12168816,Challenger Men Singles,Wuning 3 (China) - Qualification,R. Seggerman,K. Uchida,Set 1,0 - 0,0
12168834,Itf Men Doubles,M25 Luan,Huang/ Jeong,Bar Biryukov/ Hongyu,,-,0
12168836,Challenger Women Singles,Suzhou,Z. Bai,E. Jones,Set 2,0 - 1,12
12168838,Challenger Women Doubles,Suzhou,Prozorova/ Sasnovich,Kobori/ Shimizu,,-,0
12168840,Challenger Men Doubles,Wuning 3 (China),Demin/ Derepasko,Fomin/ Lomakin,,-,0
12168841,Itf Men Singles,M25 Darwin 2,E. Cook,P. Sekulic,,-,0
12168842,Itf Women Singles,W50 Burgas (Bulgaria),S. Van Emst,A. Kovackova,,-,0
12168843,Itf Men Doubles,M25 Luan,Becroft/ Shepp,Masabayashi/ Yamanaka,,-,0
12168845,Challenger Men Singles,Wuning 3 (China) - Qualification,E. Zhu,A. Kachmazov,,-,0
12168846,Challenger Women Singles,Samsun,A. Dudeney,A. Aksu,,-,0
12168847,Challenger Women Singles,Suzhou,E. Kalieva,T. Korpatsch,Set 2,0 - 1,12
12168866,Wta Singles,Beijing,K. Muchova,N. Bartunkova,,-,0
12168877,Itf Men Doubles,M25 Darwin 2,Cook/ Sach,Ishikawa/ Ito,,-,0
12168878,Atp Singles,Shanghai,J. M. Cerundolo,N. Mejia,,-,0
12168879,Atp Singles,Shanghai,K. Coppejans,S. Tsitsipas,,-,0
12168880,Atp Singles,Shanghai,P. Kotov,T. Griekspoor,,-,0
12168881,Atp Singles,Shanghai,C. Norrie,D. Svrcina,,-,0
12168882,Atp Singles,Shanghai,B. Tomic,M. Arnaldi,,-,0
12168883,Atp Singles,Shanghai,C. Ugo Carabelli,I. Simakin,,-,0
12168884,Itf Men Singles,M25 Kigali 2,Y. Oliel,A. Beckley,,-,0
12168888,Itf Men Doubles,M25 Darwin 2,Hoeyeraal/ Padgham,Mehrotra/ Ryan Ziegann,,-,0
12168889,Itf Men Doubles,M25 Darwin 2,Baker/ Stevens,Delaney/ Vujic,,-,0
12168890,Itf Men Doubles,M25 Darwin 2,Adam-Gedge/ Vickery,Charlton/ Falck,,-,0
12168892,Itf Men Singles,M25 Kigali 2,T. Sahtali,K. S. Shah,,-,0
12168893,Itf Men Singles,M25 Santa Margherita di Pula 9,M. Mazza,I. Ivanov,,-,0
12168895,Itf Women Singles,W35 Villeneuve d'Ascq,J. Stusek,J. Otzipka,,-,0
12168962,Itf Men Singles,M25 Kigali 2,P. Brown,C. Denolly,,-,0
12168963,Itf Women Singles,W35 Lagos,Y. Kotliar,K. Lazarenko,,-,0
12168965,Itf Women Doubles,W50 Burgas (Bulgaria),Alexandrova/ Garnevska,Urgesi/ Van Emst,,-,0
12168966,Itf Women Doubles,W50 Heraklion 2,Hrda/ Voracek,Amiraghyan/ Nepliy,,-,0
12168969,Challenger Men Singles,Villena,J. Pinnington Jones,J. J. Schwaerzler,,-,0
12168994,Itf Women Doubles,W35 Lagos,Jialin/ Medvedeva,Kotliar/ Rajeshwaran Revathi,,-,0
12168995,Itf Men Doubles,M25 Santa Margherita di Pula 9,Spadola/ Vavassori,Bellifemine/ Noce,,-,0
12168996,Itf Women Doubles,W35 Monastir 6,Castillo Meza/ Millan,Gniewkowska/ Tahiri,,-,0
12168997,Itf Women Doubles,W50 Burgas (Bulgaria),Burcescu/ Zhenikhova,Kostova/ Krastenova,,-,0
12168998,Itf Women Doubles,W35 Santa Margherita di Pula 9,Lazar/ Shapatava,Molaro/ Pieragostini,,-,0
12169001,Challenger Men Singles,Antofagasta,M. Tobon,T. Barrios Vera,,-,0
12169002,Challenger Men Singles,Villena,M. Echargui,D. Glinka,,-,0
12169055,Itf Women Singles,W35 Lagos,B. Xu,T. Jialin,,-,0
12169056,Itf Women Doubles,W35 Lagos,Cabrera/ Martinez Vaquero,Isakova/ Xu,,-,0
12169057,Challenger Men Singles,Villena,P. Llamas Ruiz,P. Nesterov,,-,0
12169058,Challenger Men Singles,Palermo (Italy) - Qualification,C. Sanchez Jover,L. Giustino,,-,0
12169064,Challenger Men Singles,Antofagasta,J. C. Prado Angelo,P. Boscardin Dias,,-,0
12169065,Challenger Men Singles,Palermo (Italy) - Qualification,B. Gadamauri,Y. Milev,,-,0
12169067,Itf Women Singles,W35 Villeneuve d'Ascq,M. Thamm,C. Vlasselaer,,-,0
12169079,Itf Women Singles,W50 Lexington,A. Rus,M. Rapolu,,-,0
12169080,Challenger Men Singles,Palermo (Italy) - Qualification,C. A. Caniato,F. Passaro,,-,0
12169081,Itf Women Singles,W50 Lexington,H. Inoue,L. Ma,,-,0
12169091,Challenger Men Singles,Antofagasta,G. Heide,E. Ribeiro,,-,0
12169092,Challenger Men Singles,Villena,D. Rincon,P. Martinez,,-,0
12169093,Itf Women Doubles,W50 Lexington,Slama/ Tanasie,Heuser/ Sharabura,,-,0
12169105,Challenger Men Singles,Antofagasta,J. Aguilar Cardozo,L. Midon,,-,0
12169106,Challenger Men Singles,Palermo (Italy) - Qualification,G. Piraino,E. Dalla Valle,,-,0
12169107,Itf Women Singles,W35 Las Vegas,V. Rodriguez,A. Penickova,,-,0
12169108,Itf Women Singles,W35 Wagga Wagga 2,H. Arakawa,T. Russell,Finished,2 - 0,21
12169114,Itf Women Singles,W35 Las Vegas,J. Preston,A. Grubor,Finished,2 - 0,17
12169115,Itf Women Singles,W35 Las Vegas,K. Scott,L. Reed,Retired,0 - 1,17
12169116,Itf Women Singles,W35 Wagga Wagga 2,A. Simes,Y. Kitahara,Finished,0 - 2,15
12169117,Itf Women Singles,W35 Wagga Wagga 2,W. Wan I,T. Kokkinis,Retired,1 - 0,12
12169118,Itf Women Singles,W35 Wagga Wagga 2,E. Shibahara,M. Barry,Finished,2 - 0,13
12169119,Itf Men Singles,M25 Luan,Y. Erel,E. Pleshivtsev,,-,0
12169122,Itf Women Singles,W35 Wagga Wagga 2,H. Kaji,J. Adams,Finished,2 - 0,14
12169123,Itf Women Singles,W35 Wagga Wagga 2,M. Uemura,H. Sato,Finished,2 - 0,20
12169125,Itf Women Singles,W35 Wagga Wagga 2,Mushika Mio,H. Sato,Set 3,1 - 1,27
12169129,Itf Men Singles,M25 Darwin 2,C. Hoole,T. Sach,,-,0
12169130,Itf Women Singles,W35 Wagga Wagga 2,O. Danilova,N. Sato,Finished,0 - 2,16
12169131,Itf Men Singles,M25 Darwin 2,Ja. Delaney,W. Van Der Merwe,,-,0
12169137,Wta Doubles,Beijing,Errani/ Paolini,Dabrowski/ Stefani,,-,0
12169139,Challenger Men Doubles,Wuning 3 (China),Tamm/ Wang,Santillan/ Zheng,,-,0
12169140,Challenger Men Doubles,Wuning 3 (China),Banthia/ Rai,Hara Friend/ Sueoka,,-,0
12169141,Challenger Men Doubles,Wuning 3 (China),Seggerman/ Wang,Betov/ Hsieh,,-,0
12169142,Challenger Women Doubles,Samsun,McGiffin/ Wagner,Jakupovic/ Salden,,-,0
12169143,Challenger Women Doubles,Suzhou,Li/ Zheng,Korpatsch/ Tagger,,-,0
12169144,Challenger Women Doubles,Suzhou,Brooks/ Ovcharenko,Kuwata/ Ye,,-,0
12169145,Itf Men Singles,M25 Luan,M. Dellavedova,J. Chiu,Set 2,1 - 0,9
12169146,Itf Men Singles,M25 Luan,X. Han,Y. Zeng,,-,0
12169147,Itf Men Singles,M25 Luan,D. J. Kim,Y. C. Chen,,-,0
12169148,Itf Men Singles,M25 Luan,K. Suzuki,M. Alkaya,,-,0
12169149,Itf Men Singles,M25 Luan,Y. Tomida,P. Bar Biryukov,Set 2,1 - 0,13
12169150,Itf Men Singles,M25 Luan,T. Yamanaka,A. Shepp,Set 1,0 - 0,10
12169151,Itf Women Singles,W35 Santa Margherita di Pula 9,S. Cakarevic,L. Zaar,,-,0
12169152,Itf Women Singles,W50 Burgas (Bulgaria),I. D. Amariei,J. Ortenzi,,-,0
12169170,Challenger Women Singles,Samsun,M. Bolkvadze,B. Andreescu,,-,0
12169171,Challenger Women Doubles,Suzhou,Chong/ Hozumi,Li/ Zhang,,-,0
12169172,Itf Men Singles,M25 Kigali 2,C. Hemery,B. Lock,,-,0
12169173,Itf Men Singles,M25 Luan,N. Ehrenschneider,M. Sasikumar,Set 1,0 - 0,8
12169174,Itf Men Singles,M25 Santa Margherita di Pula 9,G. Crivellaro,D. Kisimov,,-,0
12169175,Itf Women Singles,W15 Maanshan 7,Y. Chen,A. Yang,Set 2,0 - 1,8
12169176,Itf Women Singles,W15 Maanshan 7,F. Franchi,Y. Wang,,-,0
12169177,Itf Women Singles,W15 Maanshan 7,V. Panshina,S. H. Jang,Set 2,1 - 0,12
12169178,Itf Women Singles,W15 Maanshan 7,M. Guo,D. Egorova,Set 1,0 - 0,0
12169179,Itf Women Singles,W15 Maanshan 7,G. Jang,F. A. Lin,,-,0
12169180,Itf Women Singles,W15 Maanshan 7,M. Shikhanova,J. Zhang,,-,0
12169181,Itf Women Singles,W35 Monastir 6,V. Losciale,P. Skliar,,-,0
12169182,Itf Men Doubles,M25 Luan,Barsukov/ Ehrenschneider,Tang/ Zhao,,-,0
12169183,Itf Women Doubles,W15 Maanshan 7,Egorova/ Yuneva,Kakenova/ Toregen,,-,0
12169184,Itf Women Singles,W35 Seville,Ma. Garcia Cid,L. Nguyen Tan,,-,0
12169187,Itf Men Singles,M25 Darwin 2,J. Charlton,S. Ryan Ziegann,,-,0
12169188,Itf Men Singles,M25 Darwin 2,C. Dong,S. Vujic,,-,0
12169189,Itf Men Doubles,M25 Luan,Dong/ Liu,Inui/ Yang,,-,0
12169190,Itf Men Singles,M25 Darwin 2,M. Bouzige,Je. Delaney,,-,0
12169191,Challenger Women Singles,Samsun,C. Werner,A. Blinkova,,-,0
12169192,Itf Men Singles,M25 Kigali 2,C. Ishimwe,F. Bax,,-,0
12169193,Itf Men Singles,M25 Kigali 2,D. Javia,Y. Chaurasia,,-,0
12169194,Itf Men Singles,M25 Kigali 2,N. Schachter,M. Vankan,,-,0
12169195,Itf Men Singles,M25 Santa Margherita di Pula 9,G. Oradini,F. Iannaccone,,-,0
12169196,Itf Women Singles,W15 Maanshan 7,X. Tang,J. Wang,,-,0
12169197,Itf Women Singles,W15 Maanshan 7,Y. Hou,A. Yuneva,,-,0
12169198,Itf Women Singles,W35 Lagos,B. Du Pree,C. Moccia,,-,0
12169199,Itf Women Singles,W35 Monastir 6,E. Haavisto,A. Paszun,,-,0
12169200,Itf Women Singles,W35 Santa Margherita di Pula 9,B. Zeltina,A. Mazzola,,-,0
12169201,Itf Women Singles,W35 Villeneuve d'Ascq,N. Schunk,E. Lene,,-,0
12169202,Itf Women Singles,W50 Burgas (Bulgaria),F. Urgesi,I. Ivanova,,-,0
12169203,Itf Women Singles,W50 Burgas (Bulgaria),E. Yaneva,S. Zhenikhova,,-,0
12169204,Itf Women Singles,W50 Heraklion 2,M. Matoula,E. R. Bertea,,-,0
12169205,Itf Women Singles,W50 Heraklion 2,I. Oz,A. Rame,,-,0
12169206,Itf Women Singles,W50 Heraklion 2,J. Ruggeri,R. Serban,,-,0
12169207,Itf Women Singles,W50 Heraklion 2,C. N. Todoni,N. Brancaccio,,-,0
12169208,Itf Women Doubles,W15 Maanshan 7,Panshina/ Suvirdjonkova,Ren/ Tang,,-,0
12169209,Itf Women Doubles,W15 Maanshan 7,Lu/ Wang,Han/ Yang,,-,0
12169212,Wta Doubles,Beijing,Mertens/ Shnaider,Perez/ Schuurs,,-,0
12169213,Challenger Women Singles,Samsun,S. Waltert,L. Klimovicova,,-,0
12169214,Itf Women Singles,W35 Monastir 6,T. Krejcova,D. Zoldakova,,-,0
12169215,Itf Women Singles,W35 Santa Margherita di Pula 9,J. Pieri,N. Radovanovic,,-,0
12169216,Itf Women Singles,W35 Santa Margherita di Pula 9,L. S. Steur J.,C. Giambelli,,-,0
12169217,Itf Women Singles,W50 Heraklion 2,D. Papamichail,J. Bertoldo,,-,0
12169218,Itf Men Doubles,M25 Kigali 2,Alujas/ Bax,Van Herck/ Vankan,,-,0
12169219,Itf Women Singles,W35 Seville,Y. Kabbaj,R. Roura Llaverias,,-,0
12169220,Itf Women Singles,W35 Seville,K. Tsygourova,A. Zantedeschi,,-,0
12169221,Itf Women Doubles,W35 Seville,Mattel/ Nguyen Tan,Corte/ Teixido Garcia,,-,0
12169222,Challenger Men Singles,Villena,D. Dzumhur,A. Shelbayh,,-,0
12169223,Itf Women Singles,W15 Islamabad (Pakistan),A. Bista,J. Khramtsova,,-,0
12169224,Itf Women Singles,W15 Islamabad (Pakistan),A. Cirotte,G. Levinsky,,-,0
12169225,Itf Women Singles,W15 Islamabad (Pakistan),F. Dekkers,K. Yodpetch,,-,0
12169226,Itf Women Singles,W15 Islamabad (Pakistan),K. Laskutova,S. Suslova,,-,0
12169227,Itf Women Singles,W15 Islamabad (Pakistan),E. Jamshidi,S. Olimjanova,,-,0
12169228,Itf Women Singles,W15 Islamabad (Pakistan),S. Oigawa,W. Mdlulwa,,-,0
12169229,Itf Women Singles,W15 Islamabad (Pakistan),V. Rubtsova,A. Kuparev,,-,0
12169230,Itf Women Singles,W15 Islamabad (Pakistan),E. Van Poppel,S. Yuldasheva,,-,0
12169231,Itf Women Singles,W35 Monastir 6,J. Hinojosa Gomez,W. Ewald,,-,0
12169232,Itf Women Singles,W50 Burgas (Bulgaria),A. Mintegi Del Olmo,J. Kovackova,,-,0
12169233,Itf Women Doubles,W15 Islamabad (Pakistan),Khramtsova/ Laskutova,Moon/ Yodpetch,,-,0
12169234,Itf Women Doubles,W15 Islamabad (Pakistan),Cirotte/ Leon,Qureshi/ Suhail,,-,0
12169235,Itf Women Doubles,W15 Islamabad (Pakistan),Mdlulwa/ Mdlulwa,Cheung/ Oigawa,,-,0
12169236,Itf Women Doubles,W15 Islamabad (Pakistan),Jamshidi/ Van Poppel,Kuparev/ Yuldasheva,,-,0
12169237,Itf Women Doubles,W50 Heraklion 2,Brancaccio/ Papamichail,Bertoldo/ Giordano,,-,0
12169240,Challenger Men Singles,Villena,P. Henning,B. Gojo,,-,0
12169241,Challenger Men Singles,Villena,O. Tarvet,L. Djere,,-,0
12169242,Challenger Women Doubles,Samsun,Pridankina/ Tikhonova,Raina/ Turkmen,,-,0
12169243,Itf Men Singles,M25 Darwin 2,H. Jones,C. Sinclair,,-,0
12169244,Itf Men Singles,M25 Kigali 2,M. Houkes,M. Plunger,,-,0
12169245,Itf Men Singles,M25 Santa Margherita di Pula 9,G. Tabacco,A. Chepelev,,-,0
12169246,Itf Women Singles,W35 Lagos,M. Rajeshwaran Revathi,B. Bonardi,,-,0
12169247,Itf Women Singles,W35 Villeneuve d'Ascq,A. Monnot,K. Chiarello,,-,0
12169248,Itf Women Singles,W35 Villeneuve d'Ascq,K. Veldman,A. Lukosiute,,-,0
12169249,Itf Women Singles,W50 Burgas (Bulgaria),C. Alves,L. Giovannini,,-,0
12169250,Itf Women Singles,W50 Burgas (Bulgaria),L. Ebeling Koning,R. Dencheva,,-,0
12169251,Itf Women Singles,W50 Heraklion 2,A. Tubello,V. Paganetti,,-,0
12169253,Itf Women Doubles,W35 Santa Margherita di Pula 9,Pedone/ Zaar,Bohrer Martins/ Zanolini,,-,0
12169256,Challenger Men Singles,Braga,M. Damas,M. Dodig,,-,0
12169257,Challenger Men Singles,Braga,T. Pereira,N. Sanchez Izquierdo,,-,0
12169259,Itf Men Singles,M25 Darwin 2,Z. Stevens,D. Pham,,-,0
12169260,Itf Men Singles,M25 Santa Margherita di Pula 9,S. D'Agostino,G. M. Noce,,-,0
12169261,Itf Men Singles,M25 Santa Margherita di Pula 9,L. Lokoli,G. Pennaforti,,-,0
12169262,Itf Men Singles,M25 Santa Margherita di Pula 9,D. Michalski,A. Bellifemine,,-,0
12169263,Itf Men Singles,M25 Santa Margherita di Pula 9,R. T. Pieleanu,A. Weis,,-,0
12169264,Itf Women Singles,W35 Lagos,C. Cervino Ruiz,A. Rey Garcia,,-,0
12169265,Itf Women Singles,W35 Monastir 6,K. Kuzmova,S. Biolay,,-,0
12169266,Itf Women Singles,W35 Santa Margherita di Pula 9,E. Alvisi,G. Pedone,,-,0
12169267,Itf Men Doubles,M25 Kigali 2,Brown/ De Alba,Amadike/ Bangargi,,-,0
12169268,Itf Men Doubles,M25 Kigali 2,Lock/ Lock,Kucukhuseyin/ Van Aken,,-,0
12169269,Itf Men Doubles,M25 Kigali 2,Gatoto/ Shah,Javia/ Sahtali,,-,0
12169270,Itf Women Doubles,W50 Burgas (Bulgaria),Gavrila/ Sakellaridi,Rasim/ Stankovic,,-,0
12169271,Itf Women Doubles,W50 Heraklion 2,La Cagnina/ Veleva,Korokozidi/ Matoula,,-,0
12169273,Itf Women Singles,W35 Seville,L. Cortez Llorca,C. W. Hennemann,,-,0
12169274,Itf Women Doubles,W35 Seville,Cabassers Morros/ Cabassers Morros,Kabbaj/ Tsygourova,,-,0
12169277,Itf Women Doubles,W35 Villeneuve d'Ascq,Im/ Kim Eunchae,Ngounoue/ Poling,,-,0
12169278,Itf Women Doubles,W35 Santa Margherita di Pula 9,Alvisi/ Parentini,Radovanovic/ Senic,,-,0
12169279,Itf Women Doubles,W35 Santa Margherita di Pula 9,Bennemann/ Mazzola,Ezzat/ Vladson,,-,0
12169280,Challenger Men Singles,Braga,P. Schoen,M. Alcala Gurri,,-,0
12169281,Challenger Men Singles,Villena,M. H. Rehberg,H. Barton,,-,0
12169282,Challenger Men Doubles,Antofagasta,Ribeiro/ Zormann Da Silva,Meligeni Alves/ Pucinelli de Almeida,,-,0
12169283,Challenger Men Doubles,Palermo (Italy),Gadamauri/ Sakellaridis,Bianchi/ Pearson,,-,0
12169284,Challenger Men Doubles,Palermo (Italy),Barry/ Vives Marcos,Ovcharenko/ Wehnelt,,-,0
12169285,Challenger Men Doubles,Villena,Cornea/ Poljak,Cukierman/ Romboli,,-,0
12169286,Challenger Men Doubles,Villena,Reynolds/ Watt,Carrascosa Diaz/ Carrascosa Diaz,,-,0
12169288,Itf Men Singles,M15 Heraklion 7,J. Filip,M. Walters,,-,0
12169289,Itf Men Singles,M15 Heraklion 7,F. Murgett,M. Scaglia,,-,0
12169290,Itf Men Singles,M15 Heraklion 7,B. Pietri,J. Hasson,,-,0
12169291,Itf Men Singles,M15 Heraklion 7,A. Vales,O. Geladaris,,-,0
12169292,Itf Men Singles,M15 Heraklion 7,Pa. Tsitsipas,N. Belozertsev,,-,0
12169293,Itf Women Singles,W15 Chisinau (Moldova),A. Brune,M. Jovanovic,,-,0
12169294,Itf Women Singles,W15 Chisinau (Moldova),S. E. Butuc Cerchez,F. Dorofeeva-Rybas,,-,0
12169295,Itf Women Singles,W15 Chisinau (Moldova),S. Ksandinov,M. Kalyakina,,-,0
12169296,Itf Women Singles,W15 Chisinau (Moldova),M. Mikhaylova,S. Luescher,,-,0
12169297,Itf Women Singles,W15 Chisinau (Moldova),Z. Bednarz,Y. Trush,,-,0
12169298,Itf Women Singles,W15 Chisinau (Moldova),A. Corvi,A. Safta,,-,0
12169299,Itf Women Singles,W15 Chisinau (Moldova),K. Diatlova,M. V. Pop,,-,0
12169300,Itf Women Singles,W15 Chisinau (Moldova),A. Prisacariu,A. Reva,,-,0
12169301,Itf Women Singles,W35 Lagos,M. Ivantsiv,M. Martinez Vaquero,,-,0
12169302,Itf Women Singles,W35 Lagos,I. L. Van den Broek,A. Voloshchuk,,-,0
12169303,Itf Women Singles,W35 Monastir 6,T. Lemaitre,E. Tupitsyna,,-,0
12169304,Itf Women Singles,W35 Monastir 6,Z. Pawlikowska,A. Bertacchi,,-,0
12169305,Itf Women Singles,W35 Monastir 6,V. Turini,J. Lim,,-,0
12169306,Itf Women Singles,W35 Santa Margherita di Pula 9,M. Andrienko,N. Senic,,-,0
12169307,Itf Women Singles,W35 Santa Margherita di Pula 9,E. Bennemann,M. Paoletti,,-,0
12169308,Itf Women Singles,W35 Santa Margherita di Pula 9,D. Chiesa,M. Lombardini,,-,0
12169309,Itf Women Singles,W35 Villeneuve d'Ascq,M. Hageman,S. J. Visscher,,-,0
12169310,Itf Women Singles,W50 Burgas (Bulgaria),A. Sobolieva,L. Encheva,,-,0
12169311,Itf Women Singles,W50 Heraklion 2,F. Curmi,M. Bulgaru,,-,0
12169312,Itf Women Singles,W50 Heraklion 2,A. Oktiabreva,L. Giza,,-,0
12169313,Itf Men Doubles,M15 Heraklion 7,Makk/ Perego,Belozertsev/ Chatziavraam,,-,0
12169314,Itf Men Doubles,M15 Heraklion 7,Geladaris/ Sakellaridis,Pietri/ Scaglia,,-,0
12169315,Itf Men Doubles,M15 Heraklion 7,Elamin/ Stice,Tsitsipas/ Tsitsipas,,-,0
12169316,Itf Men Doubles,M15 Heraklion 7,Murgett/ Walters,Dimitriou/ Schinas,,-,0
12169317,Itf Men Doubles,M25 Santa Margherita di Pula 9,Alvarez Valdes/ Maric,Filippi/ Mazza,,-,0
12169318,Itf Men Doubles,M25 Santa Margherita di Pula 9,Garbero/ Rocco,Crivellaro/ Oradini,,-,0
12169319,Itf Men Doubles,M25 Santa Margherita di Pula 9,Primucci/ Taddia,Alfano/ Sciahbasi,,-,0
12169320,Itf Women Doubles,W15 Chisinau (Moldova),Brune/ Luescher,Kalyakina/ Mikhaylova,,-,0
12169321,Itf Women Doubles,W15 Chisinau (Moldova),Iurina/ Semichina,Agureeva/ Dorofeeva-Rybas,,-,0
12169322,Itf Women Doubles,W15 Chisinau (Moldova),Cucu/ Wagner,Belibova/ Gamretkaia,,-,0
12169323,Itf Women Doubles,W15 Chisinau (Moldova),Boyden/ Safta,Marinescu/ Prisacariu,,-,0
12169324,Itf Women Doubles,W35 Monastir 6,Hinojosa Gomez/ Kumru,Bosman/ Zoldakova,,-,0
12169325,Itf Women Doubles,W35 Monastir 6,Krejcova/ Paszun,Barrera Aguirre/ Mi,,-,0
12169326,Itf Women Doubles,W35 Monastir 6,Kuzmova/ Pawlikowska,Kmiecik/ Skliar,,-,0
12169327,Itf Women Doubles,W50 Burgas (Bulgaria),Popa/ Simionescu,Kovackova/ Kovackova,,-,0
12169328,Itf Women Doubles,W50 Heraklion 2,Bertea/ Todoni,Romanova/ Wiersholm,,-,0
12169330,Challenger Men Singles,Braga,O. Krutykh,L. Mikrut,,-,0
12169331,Challenger Men Doubles,Palermo (Italy),Bilardo/ Ricca,Caniato/ Forti,,-,0
12169332,Challenger Men Doubles,Palermo (Italy),Nedunchezhiyan/ Suarez,Forejtek/ Wiskandt,,-,0
12169333,Itf Men Singles,M15 Burgas (Bulgaria),T. C. Baragiola Mordini,G. Misasi,,-,0
12169334,Itf Men Singles,M15 Burgas (Bulgaria),J. Sperle,V. C. Breazu,,-,0
12169335,Itf Men Singles,M15 Burgas (Bulgaria),N. Garcia Longo,G. Lazarov,,-,0
12169336,Itf Men Singles,M15 Burgas (Bulgaria),S. Gima,I. Miletich,,-,0
12169337,Itf Men Singles,M15 Burgas (Bulgaria),M. Nannelli,A. Vasilev,,-,0
12169338,Itf Men Singles,M15 Burgas (Bulgaria),M. Bertimon,A. Tolev,,-,0
12169339,Itf Men Singles,M15 Burgas (Bulgaria),J. Kupcic,C. Maguire,,-,0
12169340,Itf Men Singles,M15 Sharm ElSheikh 12,S. Ivanov,A. Arzhankin,,-,0
12169341,Itf Men Singles,M15 Sharm ElSheikh 12,J. Plans,R. Neimanis,,-,0
12169342,Itf Men Singles,M15 Sharm ElSheikh 12,R. Strombachs,K. Ibrahim,,-,0
12169343,Itf Men Singles,M15 Sharm ElSheikh 12,N. Waldner,R. Faucon,,-,0
12169344,Itf Men Singles,M15 Sharm ElSheikh 12,A. Elsayed,A. F. Alhogbani,,-,0
12169345,Itf Men Singles,M15 Sharm ElSheikh 12,B. Seleznev,K. Kirci,,-,0
12169346,Itf Men Singles,M15 Sharm ElSheikh 12,N. Senn,F. Drab,,-,0
12169347,Itf Men Singles,M15 Sharm ElSheikh 12,J. Trainauskas,A. Funk,,-,0
12169348,Itf Women Singles,W15 Sharm ElSheikh 14,L. Alhussein,A. Sushkova,,-,0
12169349,Itf Women Singles,W15 Sharm ElSheikh 14,S. Pieroni,A. E. Samardzic,,-,0
12169350,Itf Women Singles,W15 Sharm ElSheikh 14,J. E. De Boer,A. Vasileva,,-,0
12169351,Itf Women Singles,W15 Sharm ElSheikh 14,A. Reguer,J. Elkady,,-,0
12169352,Itf Women Singles,W15 Sharm ElSheikh 14,A. Wildgruber,A. Worring La Torre,,-,0
12169353,Itf Women Singles,W15 Sharm ElSheikh 14,M. Favier,A. Snigireva,,-,0
12169354,Itf Women Singles,W50 Lexington,B. Bergkvist Larsson,J. Dunyon,,-,0
12169355,Itf Men Doubles,M15 Burgas (Bulgaria),Bentzel/ Constantin,Ciric/ Kosev,,-,0
12169356,Itf Men Doubles,M15 Burgas (Bulgaria),Breazu/ Breazu,Nannelli/ Paolini,,-,0
12169357,Itf Men Doubles,M15 Burgas (Bulgaria),Ivanov/ Kirov,Garcia Longo/ Miletich,,-,0
12169358,Itf Men Doubles,M15 Burgas (Bulgaria),Chetverikov/ Petre,Lazarov/ Manukyan,,-,0
12169359,Itf Men Doubles,M15 Sharm ElSheikh 12,Gabet/ Livet Novkirichka,Drab/ Hrazdil,,-,0
12169360,Itf Men Doubles,M15 Sharm ElSheikh 12,Batin/ Neimanis,Paldanius/ Sadzik,,-,0
12169361,Itf Men Doubles,M15 Sharm ElSheikh 12,Trainauskas/ Vaitiekunas,Ibrahim/ Waldner,,-,0
12169362,Itf Men Doubles,M15 Sharm ElSheikh 12,Faucon/ Vega,Ivanov/ Kukasian,,-,0
12169363,Itf Women Doubles,W15 Sharm ElSheikh 14,Lekomtseva/ Perapekhina,Alhussein/ Ibrahim,,-,0
12169364,Itf Women Doubles,W15 Sharm ElSheikh 14,Avataneo/ Roots,Pieroni/ Russo,,-,0
12169365,Itf Women Doubles,W15 Sharm ElSheikh 14,Hansen/ Reguer,Popovic/ Samardzic,,-,0
12169366,Itf Women Doubles,W15 Sharm ElSheikh 14,Meshcheryakova/ Wildgruber,Barth/ Groen,,-,0
12169368,Itf Women Singles,W50 Lexington,L. Perez Alarcon,M. L. Carle,,-,0
12169369,Challenger Men Singles,Braga,O. Wallin,L. Neumayer,,-,0
12169370,Challenger Men Doubles,Villena,Molteni/ Vega Hernandez,Kittay/ Yuzuki,,-,0
12169371,Challenger Men Doubles,Villena,Jans/ Vliegen,Jebens/ Vrbensky,,-,0
12169372,Itf Men Singles,M15 Burgas (Bulgaria),M. Hopp,M. F. Breazu,,-,0
12169373,Itf Men Singles,M15 Heraklion 7,J. Dominguez Alonso,P. Makk,,-,0
12169374,Itf Men Singles,M15 Heraklion 7,E. Kypriotis,A. Elamin,,-,0
12169375,Itf Men Singles,M15 Heraklion 7,G. Perego,M. Domenc,,-,0
12169376,Itf Men Singles,M15+H Rodez,N. Boutleux,G. Dalmasso,,-,0
12169377,Itf Men Singles,M15+H Rodez,L. Massard,M. Malige,,-,0
12169378,Itf Men Singles,M15+H Rodez,O. Prihodko,A. Garcian,,-,0
12169379,Itf Men Singles,M15+H Rodez,D. Jade,E. Donnet,,-,0
12169380,Itf Men Singles,M15+H Rodez,T. Trufelli,A. Gobat,,-,0
12169381,Itf Women Singles,W35 Lagos,A. Arifullina,V. Savinykh,,-,0
12169382,Itf Women Singles,W35 Villeneuve d'Ascq,S. Iliev,A. Burchak,,-,0
12169383,Itf Men Doubles,M15+H Rodez,Garcian/ Rivet,Dando/ Poupinel,,-,0
12169384,Itf Men Doubles,M15+H Rodez,Dhokia/ Friberg,Barreira Bonzom/ Casas Blasi,,-,0
12169385,Itf Men Doubles,M15+H Rodez,Batsabaken/ Ramiaramanana,Baluska/ Raynel,,-,0
12169386,Challenger Men Doubles,Antofagasta,Aguilar Cardozo/ Barrena,Cigarran/ De La Fuente,,-,0
12169387,Challenger Men Doubles,Antofagasta,Dellien Velasco/ Roncadelli,Magadan/ Merino,,-,0
12169388,Itf Men Singles,M15 Monastir 34,E. Coulibaly,R. Piatti,,-,0
12169389,Itf Men Singles,M15 Monastir 34,J. Echeverria,F. Roussel,,-,0
12169390,Itf Men Singles,M15 Monastir 34,K. I. Kosaner,K. Rahmani,,-,0
12169391,Itf Men Singles,M15 Monastir 34,A. Ouakaa,Y. Smiej,,-,0
12169392,Itf Men Singles,M15 Monastir 34,V. Frydrych,M. Picard,,-,0
12169393,Itf Men Singles,M15 Monastir 34,N. Makhlouf,T. Duran,,-,0
12169394,Itf Men Singles,M15 Monastir 34,A. Mazdrashki,K. van Wyk,,-,0
12169395,Itf Men Singles,M15 Monastir 34,I. Nortey,L. Wiedenmann,,-,0
12169396,Itf Men Singles,M15 Pontevedra,M. Bobichon,L. Sheyngezikht,,-,0
12169397,Itf Men Singles,M15 Pontevedra,A. Burdet,H. S. Callejon,,-,0
12169398,Itf Men Singles,M15 Pontevedra,T. Genier,A. Bacaloni,,-,0
12169399,Itf Men Singles,M15 Pontevedra,L. Cervantes Tomas,A. Garcia,,-,0
12169400,Itf Men Singles,M15 Pontevedra,D. Eichenseher,V. Gonzalez-Galino,,-,0
12169401,Itf Men Singles,M15 Pontevedra,D. Marques,X. Palomar,,-,0
12169402,Itf Men Singles,M15 Pontevedra,J. Cesar Porras,D. Sarksian,,-,0
12169403,Itf Men Singles,M15 Pontevedra,D. Verbeek,Z. Sesko,,-,0
12169404,Itf Women Singles,W15 Sharm ElSheikh 14,S. Avataneo,Y. Perapekhina,,-,0
12169405,Itf Women Singles,W15 Sharm ElSheikh 14,A. L. Popovic,I. Marinkovic,,-,0
12169406,Itf Women Singles,W15 Szekesfehervar (Hungary),V. Artemeva,L. Beviz,,-,0
12169407,Itf Women Singles,W15 Szekesfehervar (Hungary),L. Claeys,A. Janiszewska,,-,0
12169408,Itf Women Singles,W15 Szekesfehervar (Hungary),L. Virc,C. Fornasieri,,-,0
12169409,Itf Women Singles,W15 Szekesfehervar (Hungary),L. Kalman,A. Jaskova,,-,0
12169410,Itf Women Singles,W15 Szekesfehervar (Hungary),M. Pawelska,A. Breaz,,-,0
12169411,Itf Women Singles,W15 Szekesfehervar (Hungary),V. Pohle,M. Nuudi,,-,0
12169412,Itf Women Singles,W15 Szekesfehervar (Hungary),B. Fruhvirtova,K. Zajickova,,-,0
12169413,Itf Women Singles,W15 Szekesfehervar (Hungary),D. Popovski,A. Sucha,,-,0
12169414,Itf Men Doubles,M15 Monastir 34,Carroll/ Manuel,De Felipe Garcia/ Nirundorn,,-,0
12169415,Itf Men Doubles,M15 Monastir 34,De Carvalho/ Echeverria,Kosaner/ Mondazzi,,-,0
12169416,Itf Men Doubles,M15 Monastir 34,Mansouri/ Ouakaa,Pernas/ Schlossmann,,-,0
12169417,Itf Men Doubles,M15 Monastir 34,Collignon/ Rahmani,Nagoudi/ Piatti,,-,0
12169418,Itf Men Doubles,M15 Pontevedra,Paganetti/ Sheyngezikht,Bacaloni/ Barcala,,-,0
12169419,Itf Men Doubles,M15 Pontevedra,Leote Prata/ Marques,Castelnuovo/ Genier,,-,0
12169420,Itf Men Doubles,M15 Pontevedra,Cervantes Tomas/ Reyes Tiraldo,Garcia/ Palomar,,-,0
12169421,Itf Men Doubles,M15 Pontevedra,Eichenseher/ Thurner,Burdet/ Tanner,,-,0
12169422,Itf Women Doubles,W15 Szekesfehervar (Hungary),Biro/ Breaz,Fenyves/ Nemcsek,,-,0
12169423,Itf Women Doubles,W15 Szekesfehervar (Hungary),Kalman/ Mihalka,Pohle/ Schaedel,,-,0
12169424,Itf Women Singles,W50 Lexington,K. Rinaldo Persson,K. Carnicella,,-,0
12169428,Challenger Men Singles,Braga,R. Nijboer,M. Moeller,,-,0
12169429,Itf Men Singles,M15+H Rodez,V. Barreira Bonzom,E. Hudd,,-,0
12169430,Itf Men Singles,M15+H Rodez,A. Braynin,J. Penzlin,,-,0
12169431,Itf Men Singles,M15+H Rodez,A. Reco,J. Sels,,-,0
12169432,Itf Women Singles,W15 Cipolletti (Argentina),A. D. Duarte,S. A. Larraya Guidi,,-,0
12169433,Itf Women Singles,W15 Cipolletti (Argentina),A. Pajello,F. Rain Contreras,,-,0
12169434,Itf Women Singles,W35 Las Vegas,A. Abbagnato,E. K. Malmkjaer,,-,0
12169435,Itf Women Singles,W35 Las Vegas,K. Fakih,F. Pace,,-,0
12169436,Itf Women Singles,W35 Las Vegas,T. Frodin,D. Cherubini,,-,0
12169437,Itf Women Singles,W35 Villeneuve d'Ascq,S. Dal,O. Dodin,,-,0
12169438,Itf Women Singles,W50 Lexington,C. Brace,A. Sharma,,-,0
12169439,Itf Women Singles,W50 Lexington,M. Brengle,A. Schuman,,-,0
12169440,Itf Women Singles,W50 Lexington,A. Nguyen,W. Osuigwe,,-,0
12169441,Itf Men Doubles,M15+H Rodez,Boutleux/ Grandvincent,Mueller/ Penzlin,,-,0
12169443,Itf Women Doubles,W50 Lexington,Inoue/ Naito,El Jardi/ Yamalapalli,,-,0
12169444,Itf Women Doubles,W50 Lexington,Rapolu/ Sieg,Bajraliu/ Rus,,-,0
12169446,Challenger Men Doubles,Antofagasta,Loureiro/  Ribero,Casanova/ Villanueva,,-,0
12169447,Itf Women Singles,W35 Las Vegas,M. E. Reasco Gonzalez,K. Penickova,,-,0
12169448,Itf Men Singles,M15 Quito 3,L. Andrade da Silva,M. Echazu,,-,0
12169449,Itf Men Singles,M15 Quito 3,S. L. Hernandez R.,T. McCormick,,-,0
12169450,Itf Men Singles,M15 Quito 3,M. Mouilleron Salvo,N. E. Rico Arias,,-,0
12169451,Itf Men Singles,M15 Quito 3,M. Covato,M. Mbithi,,-,0
12169452,Itf Men Singles,M15 Quito 3,F. De Dios,J. S. Gomez,,-,0
12169453,Itf Men Singles,M15 Quito 3,J. S. Osorio,V. Bini,,-,0
12169454,Itf Men Singles,M15 Quito 3,F. J. Rivadeneira Gallegos,D. Salazar,,-,0
12169455,Itf Men Singles,M15 Quito 3,A. Hernandez,M. Clark,,-,0
12169456,Itf Men Doubles,M15 Quito 3,Mbithi/ Osorio,Gomez/ Urrea,,-,0
12169457,Itf Men Doubles,M15 Quito 3,Rico Arias/ Salazar,Covato/ Voelzke,,-,0
12169459,Itf Women Singles,W35 Las Vegas,J. Preston,H. Chang,,-,0
12169461,Itf Men Doubles,M15 Quito 3,Hollender/ Meneo,Bobo/ McCormick,,-,0
12169462,Itf Men Doubles,M15 Quito 3,Macias Elizalde/ Rivadeneira Gallegos,Castro/ Guadagno,,-,0
12169463,Itf Women Singles,W35 Las Vegas,L. Reed,E. Mamedova,,-,0
12169464,Itf Women Doubles,W35 Las Vegas,Cherubini/ Pace,Abbagnato/ Gomez Pezuela Cano,,-,0
12169467,Itf Women Singles,W35 Las Vegas,F. Mattioli,V. Bosio,,-,0
12169468,Itf Women Doubles,W35 Las Vegas,Hejtmanek/ Rodriguez,Rencheli/ Sholokhova,,-,0
