playerId,rank,points
S0AG,1,12800
Z355,2,7790
A0E2,3,7160
AG37,4,4640
D643,5,3770
C0E9,6,3720
DH58,7,3650
MM58,8,3580
S0S1,9,3480
FB98,10,3475
F0F1,11,3140
TD51,12,2680
J0DZ,13,2671
M0EJ,14,2605
T0HA,15,2565
BK92,16,2525
N0AE,17,2485
M0NI,18,2445
L0BV,19,2420
RH16,20,2385
PL56,21,2225
D0FJ,22,2175
VA25,23,2168
RE44,24,2080
C0AU,25,1980
F0FV,26,1800
DH50,27,1730
TE30,28,1688
RC91,29,1683
B0ID,30,1550
HH26,31,1545
EA24,32,1440
F0DM,33,1415
B0PG,34,1396
N771,35,1365
A0FC,36,1349
BU13,37,1345
C0JP,38,1207
M0N7,39,1157
V0DZ,40,1140
BT72,41,1135
T0A1,42,1125
BK40,43,1115
SL28,44,1089
C0C8,45,1076
M0QI,46,1070
HB71,47,1070
SU55,48,1065
N0BS,49,1065
KE29,50,1050
B0BI,51,1044
HB64,52,1030
TE51,53,1015
H997,54,991
MU94,55,990
GJ37,56,975
AE14,57,964
M0FH,58,960
B0FV,59,960
V0DP,60,954
Q02L,61,949
MW02,62,935
M0CI,63,930
KI95,64,925
L0IL,65,922
CD85,66,899
ME82,67,895
K0AH,68,890
KI82,69,883
V812,70,868
D994,71,853
F0F2,72,847
MQ75,73,827
B0CD,74,803
R0EB,75,778
CH12,76,773
U182,77,770
GC88,78,765
M0JF,79,764
S0K7,80,759
C977,81,751
D0CG,82,732
TA29,83,731
K0AZ,84,730
H0BH,85,724
MV14,86,710
G0IX,87,709
SY67,88,705
SU87,89,698
D0DT,90,697
G09O,91,697
A0GC,92,687
W09E,93,670
W0BH,94,668
B0GG,95,659
V832,96,659
BM95,97,656
S0H2,98,655
SX50,99,634
D0C1,100,628
F0BY,101,623
P0HW,102,618
D0DW,103,616
D923,104,612
M0GZ,105,600
O483,106,598
Z0BZ,107,590
J0AZ,108,581
V0AM,109,574
S0TM,110,567
N0AM,111,561
S0JA,112,557
WB32,113,551
D0F6,114,550
M0AW,115,548
K0A3,116,540
M0HU,117,532
P09O,118,530
C0DF,119,516
R0GO,120,513
G0FW,121,511
F724,122,510
S0IA,123,506
Y09V,124,496
O513,125,495
L0CX,126,491
W367,127,486
H0DU,128,474
PH64,129,462
P09Z,130,458
R0FS,131,457
BG23,132,456
R0DG,133,450
S0GD,134,445
GD64,135,438
S0KT,136,435
D875,137,432
MP20,138,430
HG86,139,428
DA31,140,422
D0CO,141,410
C0H0,142,396
R09X,143,395
BS86,144,395
G0IB,145,393
MK66,146,390
TA12,147,388
MO44,148,387
B0U4,149,379
KF17,150,379
R0E0,151,377
L0GH,152,375
O522,153,371
Z371,154,365
P0IY,155,364
G0BY,156,363
S0UV,157,357
O0A2,158,355
T09X,159,353
DA81,160,351
HD68,161,349
GH92,162,349
B0NN,163,348
BI81,164,348
P0HT,165,344
CF01,166,342
L987,167,338
M0IF,168,337
GJ16,169,332
M0K4,170,331
S0WT,171,324
B0GR,172,322
MP01,173,321
BU70,174,319
KH56,175,318
M0N1,176,317
A0EA,177,317
K0EP,178,315
TA46,179,315
S0N0,180,313
C0NB,181,312
B0EJ,182,310
GK06,183,309
I0B0,184,307
C0BH,185,304
K0JH,186,302
G0A0,187,301
SS25,188,298
M0OH,189,293
D0LJ,190,291
N0CS,191,290
J476,192,289
S0DQ,193,287
C0NN,194,286
B0MM,195,286
W0AH,196,285
BI23,197,282
SX91,198,281
BV16,199,279
K0O4,200,279
GA79,201,279
N732,202,276
P0AY,203,273
Y218,204,272
S0GR,205,272
DB63,206,271
P0CT,207,270
R0FP,208,270
CF59,209,269
M0EA,210,269
AG08,211,269
M0SE,212,265
D0H9,213,263
G0EU,214,262
S0AK,215,261
S0S5,216,260
CG33,217,260
D0DP,218,255
N09U,219,255
S0GZ,220,255
T0AP,221,253
S0ZE,222,253
O660,223,249
BV24,224,249
C0AK,225,247
EA13,226,247
S0TX,227,246
S0RE,228,245
N679,229,245
C0B2,230,244
J0AW,231,244
BD06,232,243
F0F4,233,241
V836,234,240
B0GY,235,240
N897,236,239
BV21,237,239
M0HT,238,239
SN54,239,239
H0CX,240,238
N0BG,241,236
CI14,242,236
GF95,243,235
B0QC,244,233
B0NO,245,232
M0OQ,246,231
H09N,247,228
Z0CQ,248,228
Z0A1,249,227
K09F,250,226
S0NV,251,226
B0WL,252,226
W09G,253,225
D0L3,254,225
M0SC,255,225
HH06,256,224
N0DB,257,220
K0HC,258,220
B0JE,259,219
P0DF,260,219
S0EK,261,218
T0DM,262,218
K0FY,263,218
R0JW,264,216
G0CV,265,215
P0GQ,266,214
M0G4,267,213
H09F,268,213
J09X,269,213
B0OU,270,213
R0BT,271,212
P0J1,272,212
S0LA,273,211
M0NL,274,211
S0O6,275,210
H0BF,276,210
U120,277,210
M0BN,278,210
C0JX,279,208
MJ08,280,204
A09T,281,203
R0A7,282,202
K0CJ,283,202
H0A4,284,200
G0DH,285,199
H996,286,198
G0AO,287,198
B0LQ,288,198
L0GR,289,197
B0FI,290,197
AA27,291,196
MW76,292,196
D0A2,293,195
H0DC,294,192
F0A3,295,192
O0BI,296,190
KE64,297,189
B0C5,298,189
M0ON,299,186
A09Q,300,185
N0CJ,301,184
M0E1,302,184
B0BU,303,184
B0PE,304,184
E0AA,305,182
MJ98,306,182
C0HT,307,182
T0GR,308,181
D0D4,309,181
RD48,310,181
MC65,311,180
H0JL,312,180
P0FJ,313,180
M0NP,314,180
E0DD,315,179
D0CN,316,179
GB88,317,178
S0VU,318,178
R0HK,319,178
R0ED,320,176
V821,321,176
M0RG,322,175
SX90,323,174
A0CJ,324,174
A0IK,325,173
GG65,326,171
M0FA,327,169
HB48,328,168
KC29,329,168
Z0AK,330,168
SQ80,331,168
G0GW,332,164
DG80,333,164
TC61,334,163
GE33,335,163
K926,336,162
C0HB,337,162
P0MG,338,161
E0AC,339,161
R0KD,340,160
T0FI,341,160
B0JP,342,160
PJ74,343,160
W0C4,344,159
M0UR,345,158
RB60,346,158
S0CG,347,158
U134,348,156
S0EX,349,156
M09M,350,155
F0HO,351,153
T0CN,352,153
S0TI,353,152
H0K0,354,152
P0K4,355,151
G0IW,356,150
E0DI,357,149
KC12,358,148
N0EG,359,146
M0NJ,360,144
BU54,361,144
M0NB,362,143
CG07,363,143
S0QZ,364,143
DC38,365,143
B0OV,366,142
F0A4,367,142
S0DE,368,141
GB93,369,141
W857,370,141
L0CF,371,140
P0I6,372,140
R09V,373,140
C0BB,374,140
PG94,375,139
M0GB,376,139
DC48,377,138
MN20,378,137
FA43,379,137
CC66,380,136
D0JI,381,136
KC33,382,135
CO01,383,135
R0HP,384,134
Z0DA,385,133
LC12,386,132
W0BB,387,132
V0J1,388,131
F0BT,389,131
G09C,390,131
B0I5,391,130
K0BJ,392,130
I305,393,129
K0NP,394,129
S0XE,395,129
S0AQ,396,129
F0CK,397,128
I426,398,127
J0B5,399,126
S0VM,400,125
MF35,401,125
P0HY,402,125
B0F8,403,123
RH62,404,122
W0A4,405,122
TE16,406,121
U176,407,121
J553,408,121
B0JJ,409,121
B0LW,410,120
PL64,411,120
P0CY,412,120
D0HX,413,119
W0BU,414,119
S0GV,415,119
Z09F,416,119
KD46,417,118
D0AR,418,118
HG94,419,118
WB08,420,117
P0KA,421,117
G0I3,422,117
A0JW,423,116
N830,424,116
X01C,425,116
V0D4,426,115
C0HX,427,114
B0TP,428,114
CD00,429,113
V0D0,430,113
A0G7,431,113
P0O9,432,113
BU53,433,113
RH59,434,111
K0J9,435,109
O659,436,109
BV25,437,108
V0DG,438,108
F840,439,107
DF92,440,107
M0R4,441,107
S0MN,442,107
D0HM,443,107
Y171,444,107
L0ER,445,106
S0H1,446,106
DC76,447,106
K0DP,448,105
H0EK,449,105
L0ID,450,105
J0F2,451,104
B0QQ,452,104
V0BC,453,104
C0AJ,454,104
PH78,455,103
P0GN,456,103
A09P,457,103
M0AC,458,103
P0C1,459,103
B0EK,460,103
CH80,461,102
PI96,462,102
SG56,463,102
T0BW,464,101
MW75,465,101
SR81,466,101
M0RX,467,100
S0IV,468,100
Z09Z,469,99
K0DB,470,99
H0CD,471,99
T0I3,472,99
LI10,473,99
L0N0,474,98
KB95,475,97
GE28,476,97
EA27,477,96
RG42,478,96
V993,479,96
C0LK,480,96
N552,481,95
C0OW,482,95
M0SB,483,94
TD55,484,94
C0P0,485,94
S0HR,486,94
D0FA,487,93
P0B2,488,93
J0D2,489,93
WB25,490,93
A0KQ,491,93
C0OF,492,92
B0T6,493,92
M0XQ,494,92
L0DB,495,92
O0AI,496,92
A829,497,91
S0WX,498,91
S0NT,499,91
B0C0,500,91
SQ79,501,91
P0FV,502,91
S0LT,503,90
J0A4,504,90
A0I1,505,90
P0E9,506,90
SL94,507,90
M0EY,508,89
M0DY,509,89
M0D4,510,89
B0ME,511,88
M0GY,512,87
A0KU,513,87
B0PU,514,87
R0BC,515,87
S0U5,516,87
F0CJ,517,86
MI01,518,86
M0HD,519,86
C0I4,520,85
A0BA,521,85
S0C2,522,85
DH46,523,84
DF88,524,84
Z09K,525,84
K0HG,526,83
A0F3,527,83
S09P,528,83
S0T1,529,82
I0BF,530,82
Z0C9,531,82
N0B4,532,82
O09A,533,82
B0I6,534,81
TC01,535,81
B0JG,536,81
M0JZ,537,80
V09T,538,80
I0AX,539,80
M0NA,540,79
C0MH,541,79
D0D2,542,78
F0F0,543,78
Z0C3,544,77
Y0BF,545,77
SO20,546,77
W09T,547,77
K0DE,548,76
M0TE,549,75
B0LV,550,75
L0I5,551,75
B0GI,552,75
SY94,553,75
F09U,554,74
L0C1,555,74
O0BR,556,74
SY71,557,74
MW54,558,73
Z0BL,559,73
PF65,560,73
S0S9,561,73
B0VX,562,72
T0CU,563,72
G0G2,564,72
BU10,565,71
B0IY,566,71
CH27,567,71
D0CU,568,71
RB86,569,71
A0HZ,570,71
B0D6,571,70
J620,572,70
W712,573,70
KI71,574,70
K0HZ,575,69
MW62,576,69
N731,577,69
P0EA,578,69
M0CW,579,68
F0HN,580,68
E0AU,581,68
M0TO,582,68
R0JI,583,67
WB19,584,67
V0BS,585,67
B0PW,586,67
C0JT,587,67
F0BP,588,67
G0EQ,589,67
L0AT,590,67
I0B6,591,66
G0J9,592,66
A0G8,593,66
A0J5,594,66
G0LG,595,66
E0BO,596,66
B0OT,597,65
V0G2,598,65
D0K3,599,65
D0DB,600,65
R0H6,601,65
D985,602,64
R0IL,603,64
S0RI,604,64
VA08,605,63
P0EV,606,63
B0AM,607,63
H0EI,608,63
A0IA,609,62
GB41,610,62
M19T,611,62
MP13,612,62
L0K7,613,61
P0HP,614,61
D0HJ,615,61
LH70,616,61
DH23,617,60
V0BP,618,60
O0E7,619,60
M0C2,620,60
T0BD,621,60
SK94,622,59
V0GR,623,59
RH88,624,59
G0ME,625,59
J0DG,626,59
K0HN,627,59
H0B5,628,58
O0BE,629,58
P0G5,630,58
MV75,631,58
HG90,632,57
D0IO,633,57
P0K5,634,57
BU36,635,57
O656,636,57
O639,637,57
RC04,638,56
B0PN,639,56
D0LK,640,56
B0P4,641,56
Z0CO,642,56
I09N,643,56
M0I0,644,56
H0E7,645,56
F0C0,646,55
H0J1,647,55
F0FL,648,55
H0HU,649,55
O0AD,650,54
C0KV,651,54
PG20,652,54
EA31,653,54
T0FK,654,54
H09P,655,53
S0H9,656,53
KI48,657,53
C0GK,658,53
P0K3,659,52
M0WY,660,52
B0LL,661,52
R0HQ,662,52
K0AK,663,52
M0B2,664,52
CN88,665,52
M0O6,666,51
O0BQ,667,51
H0L4,668,51
D0I6,669,51
A0FM,670,51
D0JZ,671,51
S0LD,672,51
H0EH,673,51
D0HD,674,50
A0O1,675,50
R0H2,676,50
A0O2,677,50
P0EP,678,50
B0HY,679,50
D0L8,680,50
DB32,681,50
H0EZ,682,50
S0DL,683,49
B0ER,684,49
BE67,685,49
H0C9,686,49
V0DI,687,49
J0CU,688,49
K0CI,689,49
KG27,690,49
TF58,691,49
M0V5,692,49
B0G4,693,49
H0BA,694,49
S0BT,695,48
A09U,696,48
C0GG,697,48
D0DK,698,48
V0F6,699,48
V0G6,700,48
C0MX,701,48
J0EM,702,47
B0A0,703,47
S1AJ,704,47
S0UM,705,47
D0IN,706,47
R0BF,707,47
I09U,708,47
M0EG,709,47
KI63,710,46
M0FN,711,46
FA50,712,46
S0GM,713,46
V0B2,714,45
P0IT,715,45
B0NV,716,45
H0EB,717,45
N0BU,718,45
H0DW,719,45
SY74,720,45
P0I5,721,45
LA54,722,45
GC17,723,45
B0W9,724,45
BP74,725,44
M0V7,726,44
M0QK,727,44
R0KM,728,44
K0HO,729,43
V717,730,43
G0JJ,731,43
N0D9,732,43
S0YN,733,43
F0DP,734,43
S0GF,735,43
P0IN,736,43
S0VO,737,43
D0LY,738,43
A0IE,739,43
Z0BY,740,43
V0ES,741,42
S0NN,742,42
P0FY,743,42
O560,744,42
K0L1,745,42
H0DQ,746,42
PL39,747,41
K0GA,748,41
S0Y0,749,41
G0MI,750,41
M0EN,751,41
A0KH,752,41
C0PX,753,41
B0MR,754,41
C09Y,755,41
J551,756,40
I0AP,757,40
VA70,758,40
G0Q1,759,40
H0HS,760,40
M0BW,761,40
M0VL,762,40
P0AV,763,40
M0G0,764,40
K0EM,765,40
T0JZ,766,40
B0BK,767,40
I0A6,768,40
A0IY,769,39
F0I8,770,39
J732,771,39
Z0CE,772,39
R0K4,773,39
P0MS,774,39
TD49,775,39
P0DR,776,38
A0L6,777,38
A0JA,778,38
F0BV,779,38
C0GU,780,38
F0GS,780,38
N707,782,38
P0IV,783,38
B0MP,784,38
F09J,785,38
P09S,786,38
DH55,787,38
RH24,788,37
S0W4,789,37
GJ05,790,37
A0C5,791,37
S0KG,792,37
C0HV,793,37
HF80,794,36
A0M2,795,36
J0A6,796,36
D0D9,797,36
C0O4,798,36
T0FH,799,36
D0HS,800,36
N724,801,36
R0KE,802,35
PH71,803,35
O0CL,804,35
J0FU,805,35
N0AF,806,35
T0E0,807,35
V0E3,808,35
G0CI,809,35
T0H5,810,35
R0F6,811,35
A0EY,812,34
P0BK,813,34
W0DD,814,34
A0IH,815,34
D0IP,816,34
T0EI,817,34
W0AX,818,34
H0GK,819,34
R0DP,820,34
O09T,821,34
K0E6,822,33
A0DV,823,33
P0N6,824,33
H0I7,825,33
G0G4,826,33
W0F8,827,33
I0A7,828,33
Z09G,829,33
Y0A8,830,33
S0LR,831,33
C0OI,832,33
P0E2,833,33
E687,834,32
K0KC,835,32
D0DC,836,32
R0F1,837,32
O663,838,32
KE69,839,32
KJ00,840,32
A0AB,841,32
PC09,842,32
M0W0,843,32
J0BQ,844,32
Z0D1,845,32
H0GW,846,32
KG49,847,32
M0CG,848,32
R0I9,849,32
T0AF,850,32
C0KH,851,31
G0D9,852,31
K0ES,853,31
R0J1,854,31
RD58,855,31
R0EK,856,31
F902,857,31
M0JP,857,31
M0IC,859,31
T0IZ,860,30
B0VF,861,30
H0M1,862,30
E0DP,863,30
F965,864,30
J0AI,865,30
M0KA,866,30
L0LD,867,30
T0JO,868,30
P0D0,869,29
P0LN,870,29
T0AA,871,29
N0DR,872,29
D0N2,873,29
T0CY,874,29
P0MI,875,29
G0KQ,876,29
SY50,877,29
MM24,878,29
R0IU,879,29
M0QQ,880,29
P0ND,881,29
L0G5,882,29
J0DL,883,29
C0JV,884,28
BF23,885,28
MW18,886,28
LF26,887,28
D0I5,888,28
KC04,889,28
C0DS,890,28
P0GE,891,28
K0EZ,892,28
C0C1,893,28
C0PG,894,28
S0Y7,895,28
F0C2,896,28
W0ED,897,27
V0BD,898,27
K0OY,899,27
G0DD,900,27
R0B6,901,27
M0XL,902,27
M0WL,903,27
Z350,904,27
CN44,905,27
LG37,906,27
S0R2,907,26
CE77,908,26
BO10,909,26
J380,910,26
R0K9,911,26
L0BU,912,26
CN15,913,26
B0V0,914,26
M0HY,915,26
Y0B7,916,26
E811,917,25
KE17,918,25
V0E1,919,25
I411,920,25
M0RE,921,25
M0GP,922,25
KE36,923,25
S1AP,924,25
S1AZ,925,25
S0RF,926,25
H0CU,927,25
L0GL,928,25
F0HI,929,25
S0W8,930,25
W719,931,25
B0BZ,932,25
S0HP,933,24
E865,934,24
B0M3,935,24
T0IL,936,24
S0V8,937,24
DB59,938,24
K0MB,939,24
CH90,940,24
L0DO,941,24
N561,942,24
D750,943,24
HH15,944,24
W0B3,945,24
C0RX,946,24
T0IA,947,24
R0GN,948,24
F0HU,949,24
P0GD,950,24
M0K2,951,24
S0YB,952,24
BC76,953,23
P0RK,954,23
S0R5,955,23
BP79,956,23
FC49,957,23
L0HY,958,23
N663,959,23
V0IN,960,23
B0C4,961,23
K0NT,962,23
C0H5,963,23
Y0BB,964,23
GF23,965,22
D0I0,966,22
N0CT,967,22
P0JL,968,22
C0FJ,969,22
V0DQ,970,22
A0E6,971,22
T0K1,972,22
N0BA,973,22
G0D4,974,22
M0NO,975,22
Z0C7,976,22
O0BC,977,22
VA23,978,22
S09B,979,22
TG77,980,22
F0GD,981,22
T0CH,982,22
F0BJ,983,22
O0A6,984,22
I0B3,985,22
TB70,986,22
G0B7,987,22
E768,988,21
A0HM,989,21
B0J8,990,21
T0BH,991,21
G0FF,992,21
P0LG,993,21
RH17,994,21
M0VH,995,21
MW69,996,21
V0GI,997,21
M0RO,998,21
A0EU,999,21
T0J8,1000,21
SZ36,1001,21
L0IO,1002,21
B0A1,1003,20
W741,1004,20
V0GJ,1005,20
O527,1006,20
K0HT,1007,20
R0DC,1008,20
B0U1,1009,20
B0PD,1010,20
K0MX,1011,20
P0JG,1012,20
T0GK,1013,20
M0U9,1014,20
N0BK,1015,20
Z0CR,1016,20
I0B1,1017,20
E0DX,1018,20
BU64,1019,20
P0BM,1020,19
P0MT,1021,19
G0OS,1022,19
K0HU,1023,19
R09T,1024,19
M0IG,1025,19
F0GO,1026,19
M19Y,1027,19
J0DN,1028,19
T0JM,1029,19
C0KO,1030,19
PM12,1031,19
L0CK,1032,19
G0MH,1033,19
R0EW,1034,19
S19T,1035,18
K0QK,1036,18
B0IZ,1037,18
N652,1038,18
P0MJ,1039,18
A0K4,1040,18
B0HF,1041,18
SG13,1042,18
G0GZ,1043,18
K0DV,1044,18
S0I7,1045,18
I0BR,1046,18
U0A3,1047,18
A0LX,1048,17
B0W7,1049,17
M0OT,1050,17
K0KK,1051,17
B0P7,1052,17
G0L1,1053,17
P0F0,1054,17
S0JV,1055,17
S0E4,1056,17
C0PW,1057,17
TG30,1058,17
V0EM,1059,17
AG30,1060,17
S0YI,1061,17
D0HZ,1062,17
VA31,1063,17
I0BN,1064,17
M0HO,1065,17
T0GE,1066,17
B0G6,1067,17
R772,1068,16
G0GD,1069,16
R0KK,1070,16
B0N0,1071,16
G0LR,1072,16
V0DX,1073,16
F0HB,1074,16
D0JH,1075,16
I330,1076,16
Y235,1077,16
P0G0,1078,16
W0FH,1079,16
L0MU,1080,16
V0GE,1081,16
S0YT,1082,16
A0LV,1083,16
D0KA,1084,16
PI95,1085,15
H0I9,1086,15
SY00,1087,15
W09B,1088,15
M0X2,1089,15
O0CI,1089,15
B0OI,1091,15
H0KQ,1092,15
S1AR,1093,15
K0MW,1094,15
A0K3,1095,15
P0QH,1096,15
FB59,1097,15
E09H,1098,15
C0N6,1099,15
B0QL,1100,15
F0C4,1101,15
M0UQ,1102,15
D0JM,1103,15
M0DQ,1104,15
M0YD,1105,14
K0I0,1106,14
W09X,1107,14
K0FO,1108,14
R0BN,1109,14
PH77,1110,14
F0AF,1111,14
S0ZF,1112,14
M0WZ,1113,14
G0I2,1114,14
B0NF,1115,14
X01A,1115,14
M0ZK,1117,14
U0AC,1118,14
F0I5,1119,14
G0KV,1120,14
H0HC,1121,14
S0KH,1122,14
H0GC,1123,14
MN49,1124,14
B0PH,1125,14
C0JU,1126,14
PL69,1127,13
Z0DF,1128,13
F0II,1129,13
L0L4,1130,13
D0NF,1131,13
J0CT,1132,13
C0GW,1133,13
R0JG,1134,13
P0M4,1135,13
S0JB,1136,13
E698,1137,13
D0ND,1138,13
K0FW,1139,13
GJ90,1140,13
S0UB,1141,13
W0F2,1141,13
K0NG,1143,13
S0MJ,1144,13
C0S4,1145,13
O664,1146,13
MM78,1147,13
C0MO,1148,13
I0BE,1149,13
F0FB,1150,13
P0I4,1151,12
C0RO,1152,12
F0HZ,1153,12
C0RI,1154,12
H09W,1155,12
S1D0,1156,12
K0EL,1157,12
M0N5,1157,12
T0AG,1159,12
P0P1,1160,12
S1EZ,1161,12
TG67,1162,12
C0NP,1163,12
J0F0,1164,12
D0FN,1165,12
B0D8,1166,12
D0K4,1166,12
F0GF,1166,12
R0IB,1166,12
S1BV,1170,12
J0CL,1171,12
B0WX,1172,12
R0L5,1172,12
O0E1,1174,12
T0HW,1175,12
CG94,1176,11
R0NM,1177,11
Z239,1178,11
S0E6,1179,11
J0CW,1180,11
M0L2,1181,11
R0KI,1182,11
BU78,1183,11
K0PF,1184,11
A0K2,1185,11
F0G5,1186,11
K0OA,1187,11
E0D4,1188,11
R0IO,1189,11
V0HB,1190,11
C0NL,1191,11
TD47,1192,11
F0F9,1193,11
W660,1194,11
N934,1195,11
L0CO,1196,11
K0MV,1197,11
C0NX,1198,11
P0OX,1199,11
L0LJ,1200,11
L0G4,1201,11
G0O5,1202,11
S0JK,1203,11
CG80,1204,10
MF70,1205,10
B0A2,1206,10
P0FU,1207,10
FC50,1208,10
K0GE,1209,10
KC86,1210,10
C0UU,1211,10
KG53,1212,10
J0EI,1213,10
L0G8,1214,10
S0SN,1215,10
S0RH,1216,10
S0IN,1216,10
H0HR,1218,10
P0I8,1219,10
L0KR,1220,10
S0VZ,1221,10
B0UZ,1222,10
M0RF,1223,10
G0EN,1224,10
H0IF,1225,10
K0IR,1226,10
C0MV,1227,10
M0TN,1228,10
R0MV,1229,10
B0ZK,1230,10
T0J4,1230,10
S0ZH,1232,10
C0MT,1233,10
B0M0,1234,10
PM20,1235,10
B0SW,1236,10
P0QK,1237,10
F0E0,1238,10
A0I9,1239,10
M0I5,1240,10
L0JU,1241,10
S0UU,1242,10
ML51,1243,10
T0JJ,1244,10
D0BE,1245,10
H0HX,1246,10
PM28,1247,10
B1AE,1248,9
BP44,1248,9
N0FB,1248,9
S1C7,1248,9
DA86,1252,9
M0DA,1252,9
A0MG,1254,9
B0JL,1255,9
R0O8,1256,9
KD87,1257,9
J0FK,1258,9
K0JX,1259,9
KI91,1259,9
B0U0,1261,9
L0L7,1262,9
M0T3,1263,9
C0PC,1264,9
K0K5,1264,9
W749,1264,9
A0ES,1267,9
B0TT,1268,9
SY73,1269,9
C0SL,1270,9
L0EV,1271,9
V0J6,1271,9
G0F9,1273,9
B0RD,1274,9
B0QK,1275,9
B0M8,1276,9
L0CH,1277,9
P0NT,1277,9
D0HI,1279,9
H0L8,1279,9
S0VD,1281,9
LE01,1282,9
VA15,1283,8
O449,1284,8
S0TB,1284,8
A0JR,1286,8
V0FL,1287,8
AA49,1288,8
B0PY,1288,8
J0D3,1288,8
Y0AB,1288,8
A0K1,1292,8
K0QM,1293,8
P0IM,1294,8
B0HX,1295,8
C0Q6,1296,8
M0X3,1297,8
P0ME,1298,8
K0EU,1299,8
I236,1300,8
R0JH,1301,8
G0PP,1302,8
ML73,1303,8
J0EL,1304,8
S1CN,1304,8
F0FH,1306,8
F664,1307,8
AD23,1308,8
V0HQ,1308,8
S1D6,1310,8
B0TF,1311,8
C0MS,1311,8
TG42,1313,8
B0VQ,1314,8
L0LY,1315,8
M0R9,1316,8
M0PF,1317,8
L0G1,1318,8
TG46,1318,8
E0AB,1320,8
T0FO,1321,8
K0I7,1322,8
B0IF,1323,8
D0OR,1324,8
P0LD,1325,8
M0B9,1326,8
M0Z0,1327,8
S0LF,1328,8
T0JF,1328,8
A0FU,1330,8
C0NI,1331,8
J0DM,1331,8
C0PK,1333,8
B0Q9,1334,8
K0NU,1335,8
BV08,1336,8
G0EI,1337,8
W0BR,1338,8
S0TJ,1339,7
R0GV,1340,7
H0B7,1341,7
L0KC,1342,7
S0TT,1342,7
BK24,1344,7
B19U,1344,7
S1B3,1344,7
L0C6,1347,7
K0HB,1348,7
N754,1348,7
J737,1350,7
CF60,1351,7
S1E0,1352,7
Z0CN,1352,7
D0LZ,1354,7
J0DK,1355,7
B0M7,1356,7
CF88,1356,7
G0J4,1358,7
K0LP,1358,7
M0WD,1360,7
G0QL,1361,7
R0MH,1362,7
M0DE,1363,7
V505,1364,7
I0CD,1365,7
D0II,1366,7
M0N4,1366,7
C0E6,1368,7
N0GN,1369,7
S0JW,1369,7
B0M9,1371,7
S0FS,1371,7
Z09B,1371,7
B0WD,1374,7
S1DH,1375,7
V948,1375,7
B0X2,1377,7
A0HK,1378,7
C0KN,1378,7
K0N9,1378,7
B0QB,1381,7
S0Y4,1382,7
J0ED,1383,7
V0GL,1383,7
T0BA,1385,7
B0X7,1386,7
G0NC,1386,7
H0LI,1388,7
V0EQ,1389,7
F0GU,1390,7
G0M3,1390,7
K0OB,1392,7
MV39,1392,7
A0P9,1394,6
CL82,1394,6
RB56,1394,6
U174,1394,6
RH50,1398,6
K0IV,1399,6
S0X7,1400,6
HH08,1401,6
L0A0,1401,6
T0B0,1403,6
A0KM,1404,6
N0DA,1405,6
P0O7,1406,6
A09W,1407,6
S0SD,1408,6
M0RN,1409,6
M0FS,1410,6
T0G2,1411,6
M0RC,1412,6
M0XD,1412,6
P0KS,1412,6
T0B4,1415,6
RH73,1416,6
J0FY,1417,6
L0GA,1418,6
Z09X,1418,6
C0KE,1420,6
G0OQ,1421,6
V0GB,1421,6
A0L4,1423,6
J0F8,1423,6
P0PC,1425,6
B0NA,1426,6
G0K8,1427,6
CO07,1428,6
E0AY,1428,6
M0U5,1428,6
M0S4,1428,6
O09S,1428,6
C0K4,1433,6
G0O3,1434,6
K0HM,1434,6
B0SS,1436,6
O0AX,1437,6
L0KG,1438,6
P0IU,1439,6
S0IF,1440,6
AG64,1441,6
C0I5,1442,6
M0CE,1443,6
D0B1,1444,6
M0N2,1445,6
P0OU,1446,6
A0NU,1447,6
C0Q4,1448,6
B0VY,1449,6
A0AV,1450,6
V0ET,1451,6
J0FB,1452,5
M1D0,1453,5
SY31,1453,5
M0E4,1455,5
L0GX,1456,5
S0Z2,1457,5
P0OH,1458,5
G0BJ,1459,5
G0JF,1459,5
S1FO,1461,5
S1GU,1462,5
V0HR,1462,5
C0QV,1464,5
H0K1,1465,5
V0C2,1465,5
L0M6,1467,5
L0IM,1468,5
Y0A9,1468,5
B0EZ,1470,5
F0IG,1470,5
P0L6,1470,5
S0F4,1470,5
C0P9,1474,5
J0D5,1475,5
S0IM,1475,5
K0DD,1477,5
K0OQ,1477,5
H0CP,1479,5
W0BD,1480,5
B0LN,1481,5
M0CJ,1481,5
S1BE,1481,5
T0I0,1481,5
D0NQ,1485,5
H0I0,1486,5
PH67,1486,5
Z0D7,1488,5
C0TQ,1489,5
J0AF,1490,5
A0IP,1491,5
F0J3,1492,5
B0N9,1493,5
D0M3,1493,5
G0ON,1493,5
K0JM,1493,5
T0GS,1497,5
V0H8,1497,5
L0AF,1499,5
M0RI,1499,5
K0N5,1501,5
A0IN,1502,5
C0L9,1503,5
G0OU,1503,5
I0BL,1505,5
G0KW,1506,5
D0IA,1507,5
C0QM,1508,5
M0Z8,1508,5
T0DN,1510,5
K0HE,1511,5
P0JK,1512,5
A0PS,1513,4
E0CI,1513,4
I327,1513,4
L0MB,1513,4
W0ER,1513,4
V0F1,1518,4
BU34,1519,4
MW83,1519,4
T0FL,1519,4
L0FV,1522,4
G0M2,1523,4
H0M3,1523,4
K907,1523,4
V0IZ,1523,4
J0CS,1527,4
MN13,1527,4
B0VZ,1529,4
K0AB,1529,4
Z0AL,1529,4
D0EF,1532,4
V0HU,1532,4
C0R3,1534,4
GC89,1534,4
B0W4,1536,4
J0E8,1536,4
K0LG,1536,4
R0N4,1539,4
C0RC,1540,4
A714,1541,4
BU32,1541,4
D0O2,1541,4
E702,1541,4
K0JY,1541,4
L0E5,1541,4
P0NH,1541,4
PH02,1541,4
B0MF,1549,4
P0IG,1550,4
B0V9,1551,4
H0HL,1551,4
J417,1551,4
J0B1,1551,4
W0EY,1551,4
A0JL,1556,4
C0RY,1556,4
C0T8,1556,4
S19Y,1556,4
L0O2,1560,4
A0IQ,1561,4
H0J9,1561,4
L0KL,1561,4
M0UT,1561,4
G0KB,1565,4
E0D6,1566,4
K0NH,1566,4
P0MN,1566,4
T0IX,1569,4
W0D9,1569,4
V0HG,1571,4
R0B3,1572,4
R0MI,1573,4
S0IK,1573,4
T0L3,1573,4
G0LF,1576,4
H0AA,1576,4
R0ER,1576,4
L0JS,1579,4
B0WW,1580,4
J0AK,1580,4
P0OS,1582,4
S0BG,1582,4
M0Y6,1584,4
S0I1,1584,4
M0VX,1586,4
SF41,1586,4
G0NL,1588,4
GK07,1589,4
V0AS,1589,4
P0Q2,1591,4
P0IA,1592,4
T0K8,1592,4
G0O2,1594,4
R0LX,1594,4
V0FM,1594,4
B0QA,1597,3
BK09,1597,3
B0Q1,1597,3
C0TB,1597,3
D0NH,1597,3
I308,1597,3
K0QY,1597,3
LH62,1597,3
M0VU,1597,3
S0X3,1597,3
W716,1597,3
B19D,1608,3
G0OF,1608,3
M1CF,1608,3
O0EQ,1608,3
D0M9,1608,3
L0DM,1613,3
M0W8,1613,3
M0XA,1613,3
K0D6,1616,3
KD35,1616,3
C0QW,1618,3
D09V,1618,3
G0GF,1618,3
L0PK,1618,3
M0S2,1618,3
P0J3,1618,3
P0PV,1618,3
S1GD,1618,3
T0FN,1618,3
U09T,1618,3
D0P3,1628,3
H0MO,1628,3
M0NG,1628,3
M0OW,1631,3
W0F4,1631,3
A0OS,1633,3
B0TY,1633,3
B0ZG,1633,3
D0CQ,1633,3
KI34,1633,3
N0FR,1633,3
O0E9,1633,3
Q02O,1633,3
S1G9,1633,3
W0FZ,1633,3
F0DD,1643,3
K0OM,1643,3
L0KA,1643,3
MI33,1643,3
A0JP,1647,3
B0Z4,1647,3
B0I0,1647,3
C0B9,1647,3
G0JC,1647,3
H0DP,1647,3
L0O6,1647,3
P0ID,1647,3
S0YH,1647,3
S0V1,1647,3
K0M7,1657,3
N0FS,1657,3
P0O5,1657,3
S0G3,1657,3
W0FU,1657,3
A0NJ,1662,3
H0I8,1663,3
N831,1663,3
B0WT,1665,3
G0BF,1665,3
H0K7,1665,3
M1BV,1665,3
P0DH,1665,3
D0C2,1670,3
G0NP,1670,3
G0QM,1670,3
H0GM,1670,3
P0PY,1670,3
S0KY,1670,3
A0L8,1676,3
C0U6,1676,3
C0PL,1676,3
D0KR,1676,3
G0OT,1676,3
H0KN,1676,3
L0O9,1676,3
L0J2,1676,3
S0SE,1676,3
S1AK,1676,3
S0JY,1676,3
H0L5,1687,3
L0K1,1687,3
H0L7,1689,3
K0HY,1689,3
N786,1689,3
T0HN,1689,3
T0BN,1689,3
Z0BH,1694,3
B0X0,1695,3
D0NC,1695,3
G0N2,1695,3
M0NZ,1695,3
A0MF,1699,3
B0HA,1699,3
B0JF,1699,3
C0R1,1699,3
L0GB,1699,3
M0RQ,1699,3
V0FD,1699,3
W0F7,1699,3
T0EL,1707,3
A0LF,1708,3
K0OK,1709,3
H0IW,1710,3
H0IQ,1710,3
HB18,1710,3
L0NQ,1710,3
N0EK,1710,3
T0J5,1710,3
B0V4,1716,3
F0H7,1716,3
F0IP,1718,3
J0FN,1718,3
BM09,1720,3
Y0BG,1720,3
I416,1722,3
V0GK,1723,3
A0HS,1724,2
B0C7,1724,2
F0ID,1724,2
KB37,1724,2
LI37,1724,2
M0EE,1724,2
M0TK,1724,2
M19J,1724,2
N0CN,1724,2
N0BM,1724,2
P0CU,1724,2
R0JQ,1724,2
R0LL,1724,2
R913,1724,2
S0TW,1724,2
S0WC,1724,2
S1FS,1724,2
V0EV,1724,2
W0GN,1724,2
W0AJ,1724,2
Z363,1724,2
Z0E8,1724,2
AG57,1746,2
A0F9,1746,2
C09G,1746,2
G0PF,1746,2
H0D9,1746,2
L0IP,1746,2
L0PL,1746,2
S1H3,1746,2
S0HQ,1746,2
T0FW,1746,2
U131,1746,2
X01D,1746,2
Z0E2,1746,2
B0M1,1759,2
B0YX,1759,2
C0TT,1759,2
D0Q0,1759,2
G0MR,1759,2
J0BU,1759,2
K0N6,1759,2
K0I9,1759,2
ME89,1759,2
R0AY,1759,2
S1C5,1759,2
SM88,1759,2
SK97,1759,2
T0MI,1759,2
V0H9,1759,2
B0C3,1774,2
KE45,1774,2
K0P9,1774,2
P0LY,1774,2
S0HZ,1774,2
S1E3,1774,2
S0Y2,1774,2
Z0BU,1774,2
A0I0,1782,2
B19L,1782,2
BD82,1782,2
C0P5,1782,2
C0HH,1782,2
C0R0,1782,2
E0EE,1782,2
K0JL,1782,2
K0Q7,1782,2
L0I8,1782,2
L0OA,1782,2
M1CO,1782,2
M0XX,1782,2
M0TU,1782,2
M0NK,1782,2
M0T6,1782,2
N0ET,1782,2
P0NF,1782,2
M0FX,1782,2
P0NO,1782,2
SG78,1782,2
T0DE,1782,2
V0DO,1782,2
H0BP,1805,2
J0EE,1805,2
L0GJ,1805,2
N0DH,1805,2
O09V,1805,2
P0PJ,1805,2
A0G9,1811,2
B0XE,1811,2
B0S5,1811,2
C0PT,1811,2
L0LU,1811,2
M1A4,1811,2
MV26,1811,2
MR77,1811,2
M0O0,1811,2
M0XI,1811,2
M1BH,1811,2
N0F1,1811,2
O0CE,1811,2
O0DI,1811,2
P0MF,1811,2
P0KJ,1811,2
R0NR,1811,2
S1ES,1811,2
S0ZI,1811,2
T0BK,1811,2
W0DW,1811,2
Y09L,1811,2
K0NY,1833,2
K0BG,1833,2
M0GX,1833,2
R0KT,1833,2
T0KM,1833,2
A0J7,1838,2
A0LQ,1838,2
CM88,1838,2
D09L,1838,2
E09U,1838,2
K0O6,1838,2
L0EI,1838,2
M0O7,1838,2
M0MU,1838,2
P0P2,1838,2
R0LR,1838,2
R0CT,1838,2
R0NO,1838,2
S0ZD,1838,2
S1C1,1838,2
T0LC,1838,2
T0EN,1838,2
Z0A2,1838,2
D0FH,1856,2
M0NF,1856,2
P0D4,1856,2
T0JA,1856,2
B0TK,1860,2
D0O8,1860,2
D0IF,1860,2
G0C4,1860,2
HH01,1860,2
H0E3,1860,2
N0G6,1860,2
P0GF,1860,2
S0SO,1860,2
VA67,1860,2
V0CX,1860,2
V0HM,1860,2
Z0CV,1860,2
Z0BJ,1860,2
R0NL,1874,2
A0OE,1875,2
B0H9,1875,2
B19B,1875,2
C0SK,1875,2
G0KZ,1875,2
G0MB,1875,2
G0QW,1875,2
H0IE,1875,2
H0JQ,1875,2
N0EY,1875,2
O0EO,1875,2
S1C0,1875,2
S0YJ,1875,2
S0TO,1875,2
S0CE,1875,2
B0LS,1890,2
D0BA,1890,2
G0NU,1890,2
G0IM,1890,2
K0O5,1890,2
L0NO,1890,2
P0FZ,1890,2
S0BB,1890,2
T0JL,1890,2
V0JH,1890,2
V0DR,1890,2
SJ67,1901,2
A0MM,1902,2
B0PZ,1902,2
M19I,1902,2
Q027,1902,2
B0GZ,1906,2
C0TM,1906,2
I0BV,1906,2
T0A0,1906,2
C0P3,1910,2
F0DW,1910,2
I0BW,1910,2
P0IK,1910,2
R0HD,1910,2
L0CU,1910,2
W0FX,1910,2
D0DY,1917,2
D0FL,1917,2
S0GG,1919,2
B0UY,1920,2
G0FH,1920,2
S0TE,1922,2
A0N5,1923,1
A912,1923,1
A0PR,1923,1
B0ZH,1923,1
B0UI,1923,1
B0UR,1923,1
B1AH,1923,1
C0JZ,1923,1
C0UA,1923,1
CC79,1923,1
C0T3,1923,1
C0LL,1923,1
C0W6,1923,1
D0KN,1923,1
D0NL,1923,1
D0OX,1923,1
D0PE,1923,1
E0C5,1923,1
E0F1,1923,1
F0IU,1923,1
F0KB,1923,1
G0RV,1923,1
G0QR,1923,1
G0RN,1923,1
G0BD,1923,1
G0JA,1923,1
H0NQ,1923,1
H0F1,1923,1
I0C6,1923,1
I0CP,1923,1
KC56,1923,1
K0NL,1923,1
K0JR,1923,1
L0JE,1923,1
L0O4,1923,1
L0C4,1923,1
L733,1923,1
L0MN,1923,1
L0JO,1923,1
M1CI,1923,1
M0HQ,1923,1
M0UO,1923,1
M0GT,1923,1
M1DI,1923,1
M1CK,1923,1
M0WJ,1923,1
M0HB,1923,1
N0GO,1923,1
N0GP,1923,1
P0MZ,1923,1
P0LZ,1923,1
P0IO,1923,1
P0PZ,1923,1
P0Q6,1923,1
P0S3,1923,1
R0AI,1923,1
RH76,1923,1
R0ON,1923,1
R0KA,1923,1
SK47,1923,1
SI82,1923,1
S1EE,1923,1
S1CX,1923,1
S1CU,1923,1
SZ28,1923,1
S19L,1923,1
S1EA,1923,1
S1DX,1923,1
S1BN,1923,1
S0TU,1923,1
T0MO,1923,1
T0CW,1923,1
T0MH,1923,1
T0MQ,1923,1
T0MC,1923,1
K0EN,1923,1
U09Z,1923,1
V0KY,1923,1
V0KI,1923,1
Z0DE,1923,1
A0OR,2003,1
AE43,2003,1
A0PH,2003,1
A0C4,2003,1
A0OG,2003,1
A0LI,2003,1
A0K7,2003,1
A0L1,2003,1
B0OK,2003,1
B0RE,2003,1
B0P5,2003,1
B0S8,2003,1
B0YL,2003,1
B0TL,2003,1
B0XR,2003,1
C0U0,2003,1
C0DV,2003,1
C0VU,2003,1
C0KZ,2003,1
D0NO,2003,1
DE10,2003,1
D0OH,2003,1
D0MU,2003,1
E0ER,2003,1
E0C7,2003,1
F0GR,2003,1
G0QS,2003,1
G0GK,2003,1
G0PD,2003,1
G0J6,2003,1
H0D1,2003,1
H0M7,2003,1
H0ND,2003,1
J0F5,2003,1
J09J,2003,1
K0OI,2003,1
K0IF,2003,1
K0KH,2003,1
K0OD,2003,1
K0JB,2003,1
L0MG,2003,1
LB78,2003,1
L0OT,2003,1
L0GO,2003,1
MO76,2003,1
M0RS,2003,1
M0NX,2003,1
N0EC,2003,1
N0C9,2003,1
N0H3,2003,1
N0DY,2003,1
O0D4,2003,1
O0D2,2003,1
O674,2003,1
O0BJ,2003,1
O0D5,2003,1
P0PR,2003,1
P0KK,2003,1
P0MH,2003,1
P0BE,2003,1
R0O2,2003,1
R0LQ,2003,1
R0NP,2003,1
S0I2,2003,1
S0ST,2003,1
S1FZ,2003,1
S0VY,2003,1
S1DP,2003,1
S1E7,2003,1
T0LQ,2003,1
T0HG,2003,1
V0J4,2003,1
V0K7,2003,1
V0B5,2003,1
V0D2,2003,1
W738,2003,1
W0FP,2003,1
W0FB,2003,1
W0DZ,2003,1
W0FN,2003,1
W0G2,2003,1
Y0BD,2003,1
Y0AS,2003,1
Y0BT,2003,1
B0YB,2087,1
B0SH,2087,1
B0I8,2087,1
B0YV,2087,1
BK43,2087,1
B0NK,2087,1
C0UP,2087,1
C0LG,2087,1
C0U2,2087,1
D0NP,2087,1
D0KQ,2087,1
D0KU,2087,1
D0F4,2087,1
D0OU,2087,1
D0OG,2087,1
D0NG,2087,1
D0IG,2087,1
D0KJ,2087,1
D0MX,2087,1
E0AP,2087,1
F0IO,2087,1
F0J4,2087,1
F0FP,2087,1
G0H0,2087,1
G0KS,2087,1
G0Q8,2087,1
G0NE,2087,1
H0LP,2087,1
H0JR,2087,1
H0M9,2087,1
H0LC,2087,1
I0BJ,2087,1
J0AU,2087,1
J0C2,2087,1
J0FS,2087,1
K425,2087,1
K0P4,2087,1
K0M0,2087,1
K0NF,2087,1
L0LX,2087,1
L0LA,2087,1
M0ZY,2087,1
M0R8,2087,1
M0WK,2087,1
M1A0,2087,1
MW03,2087,1
M1BK,2087,1
M0U1,2087,1
M0YC,2087,1
MW37,2087,1
M0X8,2087,1
N0FO,2087,1
O0B4,2087,1
O0C9,2087,1
P0MD,2087,1
R0OB,2087,1
R0GQ,2087,1
R0NI,2087,1
S1BZ,2087,1
S0U0,2087,1
S1FV,2087,1
S0X4,2087,1
T0FV,2087,1
T0HX,2087,1
T0MM,2087,1
T0K0,2087,1
T0K4,2087,1
T0B1,2087,1
V0HV,2087,1
W0FD,2087,1
Y0BE,2087,1
Z0CC,2087,1
Z0C5,2087,1
Z0E5,2087,1
Z0E1,2087,1
A0MB,2162,1
AB75,2162,1
B0UF,2162,1
B0QO,2162,1
B0G9,2162,1
C0S2,2162,1
C0TO,2162,1
C0Q5,2162,1
C0UI,2162,1
C0GN,2162,1
D0MW,2162,1
D0M5,2162,1
F0HT,2162,1
F0BN,2162,1
F0IK,2162,1
G0KI,2162,1
G0Q0,2162,1
H0NA,2162,1
H0LE,2162,1
J0B6,2162,1
K0PJ,2162,1
K0J5,2162,1
K0PS,2162,1
K0KN,2162,1
L0FU,2162,1
LE38,2162,1
M0K6,2162,1
M0Z7,2162,1
MK56,2162,1
M0P3,2162,1
N0G5,2162,1
O0EN,2162,1
P0O3,2162,1
P0OI,2162,1
P0G7,2162,1
P0OT,2162,1
R0DS,2162,1
R0MT,2162,1
R0IZ,2162,1
S1DN,2162,1
S0AO,2162,1
S1CW,2162,1
S1BW,2162,1
S1F4,2162,1
S0XW,2162,1
S1DO,2162,1
T0H6,2162,1
T0LB,2162,1
T0HS,2162,1
A0MN,2211,1
BV01,2211,1
B0Z1,2211,1
B0QE,2211,1
B0X4,2211,1
C0LH,2211,1
C0SW,2211,1
C0SX,2211,1
D0LM,2211,1
D0OT,2211,1
E0E8,2211,1
F0B4,2211,1
F0J1,2211,1
K0LC,2211,1
KE42,2211,1
K0O2,2211,1
L0KJ,2211,1
L0FZ,2211,1
L0OF,2211,1
M0RA,2211,1
M0WS,2211,1
M0WT,2211,1
O0EC,2211,1
S1A4,2211,1
S0SQ,2211,1
S1AA,2211,1
T0L7,2211,1
T0L4,2211,1
U0AI,2211,1
U0A9,2211,1
V0KH,2211,1
V0J9,2211,1
V0IF,2211,1
VA48,2211,1
A0E0,2245,1
A0LW,2245,1
B0PK,2245,1
C0TU,2245,1
CN64,2245,1
C0TF,2245,1
C0U5,2245,1
D0ME,2245,1
D0D5,2245,1
G0QJ,2245,1
G0QB,2245,1
H0H5,2245,1
I371,2245,1
K0MP,2245,1
KE85,2245,1
S1AC,2245,1
K0J6,2245,1
L0LG,2245,1
M1AH,2245,1
M0TD,2245,1
N0F3,2245,1
O0BP,2245,1
P0HL,2245,1
R0HX,2245,1
S0GW,2245,1
A0J4,2270,1
B0BJ,2270,1
B0Y3,2270,1
H0KV,2270,1
J0E3,2270,1
K0KL,2270,1
M0RU,2270,1
M0XG,2270,1
M0YS,2270,1
N0GR,2270,1
P0LR,2270,1
W0F3,2270,1
F09P,2282,1
G0OC,2282,1
J0FA,2282,1
J0FD,2282,1
N0FT,2282,1
RB00,2282,1
R0K6,2282,1
S0N4,2282,1
T0E2,2282,1
X01G,2282,1
F0HR,2292,1
L0NI,2292,1
S0NY,2292,1
N0D6,2295,1
W0G4,2295,1
SY76,2297,1
V0GG,2298,1
