hora,event_key,tipo,torneo,superficie,jugador1,jugador2,sets,juegos,puntos,saca,mercado,linea,seleccion,cuota,cuota_rival,prob_mercado,prob_modelo,prob_modelo_directo,p_saque1,p_saque2,p_saque1_directo,p_saque2_directo,jugados,aces1,df1,primer_pct1,saque_gan1,saque_tot1,resto_gan1,resto_tot1,bp_salvados_gan1,bp_salvados_tot1,bp_convertidos_gan1,bp_convertidos_tot1,ultimos101,aces2,df2,primer_pct2,saque_gan2,saque_tot2,resto_gan2,resto_tot2,bp_salvados_gan2,bp_salvados_tot2,bp_convertidos_gan2,bp_convertidos_tot2,ultimos102
2026-10-01 16:56,12167528,Itf Men Singles,"M15 Ann Arbor, MI",Hard,N. Djosic,T. Boosarawongse,0-0,2-2,30 - 15,2,total_juegos,22.5,mas,1.8,1.909,0.5146939875977352,0.5989582317575924,0.5989582317575924,0.6025,0.595,0.6025,0.595,4,,,,,,,,,,,,,,,,,,,,,,,,
2026-10-01 16:56,12167528,Itf Men Singles,"M15 Ann Arbor, MI",Hard,N. Djosic,T. Boosarawongse,0-0,2-2,30 - 15,2,sets,2:0,2:0,3.25,,0.28225698785090964,0.31358705009070714,0.31358705009070714,0.6025,0.595,0.6025,0.595,4,,,,,,,,,,,,,,,,,,,,,,,,
2026-10-01 16:56,12167528,Itf Men Singles,"M15 Ann Arbor, MI",Hard,N. Djosic,T. Boosarawongse,0-0,2-2,30 - 15,2,sets,0:2,0:2,3.4,,0.26980447368101657,0.19138777048078903,0.19138777048078903,0.6025,0.595,0.6025,0.595,4,,,,,,,,,,,,,,,,,,,,,,,,
2026-10-01 16:56,12167528,Itf Men Singles,"M15 Ann Arbor, MI",Hard,N. Djosic,T. Boosarawongse,0-0,2-2,30 - 15,2,sets,2:1,2:1,4.75,,0.19312320221378027,0.2602864052126405,0.2602864052126405,0.6025,0.595,0.6025,0.595,4,,,,,,,,,,,,,,,,,,,,,,,,
2026-10-01 16:56,12167528,Itf Men Singles,"M15 Ann Arbor, MI",Hard,N. Djosic,T. Boosarawongse,0-0,2-2,30 - 15,2,sets,1:2,1:2,3.6,,0.2548153362542934,0.2347387742158634,0.2347387742158634,0.6025,0.595,0.6025,0.595,4,,,,,,,,,,,,,,,,,,,,,,,,
2026-10-01 16:56,12167528,Itf Men Singles,"M15 Ann Arbor, MI",Hard,N. Djosic,T. Boosarawongse,0-0,2-2,30 - 15,2,ganador,,jugador1,1.909,1.8,0.4853060124022647,0.5738734553033469,0.5738734553033469,0.6025,0.595,0.6025,0.595,4,,,,,,,,,,,,,,,,,,,,,,,,
2026-10-01 16:56,12167582,Itf Women Singles,W15 Nashville,Hard,R. M. Nijkamp,F. Mattioli,0-1,0-0,0 - 0,1,ganador,,jugador1,2.625,1.444,0.3548783484885721,0.305725931846347,0.305725931846347,0.56,0.545,0.56,0.545,9,,,,,,,,,,,,,,,,,,,,,,,,
2026-10-01 16:56,12167568,Itf Men Singles,"M15 Fayetteville, AR",Hard,D. N. Cazacu,S. Rozin,0-0,1-0,30 - 30,2,sets,2:0,2:0,5,,0.17475347259809698,0.28817362652286654,0.28817362652286654,0.6275000000000001,0.6275000000000001,0.6275000000000001,0.6275000000000001,1,,,,,,,,,,,,,,,,,,,,,,,,
2026-10-01 16:56,12167568,Itf Men Singles,"M15 Fayetteville, AR",Hard,D. N. Cazacu,S. Rozin,0-0,1-0,30 - 30,2,sets,0:2,0:2,1.909,,0.4577094620170166,0.2118263734771335,0.2118263734771335,0.6275000000000001,0.6275000000000001,0.6275000000000001,0.6275000000000001,1,,,,,,,,,,,,,,,,,,,,,,,,
2026-10-01 16:56,12167568,Itf Men Singles,"M15 Fayetteville, AR",Hard,D. N. Cazacu,S. Rozin,0-0,1-0,30 - 30,2,sets,2:1,2:1,7,,0.12482390899864068,0.25000000000000006,0.25000000000000006,0.6275000000000001,0.6275000000000001,0.6275000000000001,0.6275000000000001,1,,,,,,,,,,,,,,,,,,,,,,,,
2026-10-01 16:56,12167568,Itf Men Singles,"M15 Fayetteville, AR",Hard,D. N. Cazacu,S. Rozin,0-0,1-0,30 - 30,2,sets,1:2,1:2,3.6,,0.2427131563862458,0.25000000000000017,0.25000000000000017,0.6275000000000001,0.6275000000000001,0.6275000000000001,0.6275000000000001,1,,,,,,,,,,,,,,,,,,,,,,,,
2026-10-01 16:56,12167568,Itf Men Singles,"M15 Fayetteville, AR",Hard,D. N. Cazacu,S. Rozin,0-0,1-0,30 - 30,2,total_juegos,21.5,mas,1.833,1.833,0.5,0.6853733877983572,0.6853733877983572,0.6275000000000001,0.6275000000000001,0.6275000000000001,0.6275000000000001,1,,,,,,,,,,,,,,,,,,,,,,,,
2026-10-01 16:56,12167568,Itf Men Singles,"M15 Fayetteville, AR",Hard,D. N. Cazacu,S. Rozin,0-0,1-0,30 - 30,2,ganador,,jugador1,3.25,1.333,0.2908575169103207,0.5381736265228667,0.5381736265228667,0.6275000000000001,0.6275000000000001,0.6275000000000001,0.6275000000000001,1,,,,,,,,,,,,,,,,,,,,,,,,
2026-10-01 16:56,12167567,Itf Men Singles,"M15 Fayetteville, AR",Hard,A. N. Tudorica,N. Niedner,1-0,5-5,0 - 30,2,total_juegos,28.5,mas,1.8,1.909,0.5146939875977352,0.5474884265624311,0.5474884265624311,0.61,0.5975,0.61,0.5975,19,,,,,,,,,,,,,,,,,,,,,,,,
2026-10-01 16:56,12167567,Itf Men Singles,"M15 Fayetteville, AR",Hard,A. N. Tudorica,N. Niedner,1-0,5-5,0 - 30,2,sets,2:0,2:0,2.1,,0.4347826086956521,0.4300964370433281,0.4300964370433281,0.61,0.5975,0.61,0.5975,19,,,,,,,,,,,,,,,,,,,,,,,,
2026-10-01 16:56,12167567,Itf Men Singles,"M15 Fayetteville, AR",Hard,A. N. Tudorica,N. Niedner,1-0,5-5,0 - 30,2,sets,2:1,2:1,3,,0.3043478260869565,0.30933675643327974,0.30933675643327974,0.61,0.5975,0.61,0.5975,19,,,,,,,,,,,,,,,,,,,,,,,,
2026-10-01 16:56,12167567,Itf Men Singles,"M15 Fayetteville, AR",Hard,A. N. Tudorica,N. Niedner,1-0,5-5,0 - 30,2,sets,1:2,1:2,3.5,,0.26086956521739124,0.2605668065233921,0.2605668065233921,0.61,0.5975,0.61,0.5975,19,,,,,,,,,,,,,,,,,,,,,,,,
2026-10-01 16:56,12167567,Itf Men Singles,"M15 Fayetteville, AR",Hard,A. N. Tudorica,N. Niedner,1-0,5-5,0 - 30,2,ganador,,jugador1,1.285,3.5,0.7314524555903866,0.739433193476608,0.739433193476608,0.61,0.5975,0.61,0.5975,19,,,,,,,,,,,,,,,,,,,,,,,,
2026-10-01 16:56,12167565,Itf Men Singles,"M15 Fayetteville, AR",Hard,J. Braswell,J. Lee,1-0,5-6,0 - 0,1,total_juegos,26.5,mas,1.666,2.1,0.5576208178438662,0.6178502496094225,0.6178502496094225,0.6,0.655,0.6,0.655,17,,,,,,,,,,,,,,,,,,,,,,,,
2026-10-01 16:56,12167565,Itf Men Singles,"M15 Fayetteville, AR",Hard,J. Braswell,J. Lee,1-0,5-6,0 - 0,1,sets,2:0,2:0,3.25,,0.2788972678946718,0.3017929356120435,0.3017929356120435,0.6,0.655,0.6,0.655,17,,,,,,,,,,,,,,,,,,,,,,,,
2026-10-01 16:56,12167565,Itf Men Singles,"M15 Fayetteville, AR",Hard,J. Braswell,J. Lee,1-0,5-6,0 - 0,1,sets,2:1,2:1,4,,0.22660403016442082,0.2245664845448651,0.2245664845448651,0.6,0.655,0.6,0.655,17,,,,,,,,,,,,,,,,,,,,,,,,
2026-10-01 16:56,12167565,Itf Men Singles,"M15 Fayetteville, AR",Hard,J. Braswell,J. Lee,1-0,5-6,0 - 0,1,sets,1:2,1:2,1.833,,0.4944987019409074,0.4736405798430914,0.4736405798430914,0.6,0.655,0.6,0.655,17,,,,,,,,,,,,,,,,,,,,,,,,
2026-10-01 16:56,12167565,Itf Men Singles,"M15 Fayetteville, AR",Hard,J. Braswell,J. Lee,1-0,5-6,0 - 0,1,ganador,,jugador1,1.833,1.833,0.5,0.5263594201569086,0.5263594201569086,0.6,0.655,0.6,0.655,17,,,,,,,,,,,,,,,,,,,,,,,,
2026-10-01 16:56,12167551,Itf Women Singles,W15 Trelew,Hard,C. D. Vega Gudino,M. F. Urrutia,0-1,0-0,0 - 0,2,ganador,,jugador1,0,1,,0.07589344634918546,0.07589344634918546,0.5275,0.595,0.5275,0.595,8,,,,,,,,,,,,,,,,,,,,,,,,
2026-10-01 16:56,12167545,Itf Women Singles,W15 Nashville,Hard,E. Meri,A. Sharma,0-1,0-0,40 - 40,1,sets,0:2,0:2,1.25,,0.7227926078028747,0.5777377144320401,0.5777377144320401,0.5700000000000001,0.59,0.5700000000000001,0.59,9,,,,,,,,,,,,,,,,,,,,,,,,
2026-10-01 16:56,12167545,Itf Women Singles,W15 Nashville,Hard,E. Meri,A. Sharma,0-1,0-0,40 - 40,1,sets,2:1,2:1,8,,0.11293634496919917,0.18182281722912097,0.18182281722912097,0.5700000000000001,0.59,0.5700000000000001,0.59,9,,,,,,,,,,,,,,,,,,,,,,,,
2026-10-01 16:56,12167545,Itf Women Singles,W15 Nashville,Hard,E. Meri,A. Sharma,0-1,0-0,40 - 40,1,sets,1:2,1:2,5.5,,0.16427104722792607,0.24043946833883895,0.24043946833883895,0.5700000000000001,0.59,0.5700000000000001,0.59,9,,,,,,,,,,,,,,,,,,,,,,,,
2026-10-01 16:56,12167545,Itf Women Singles,W15 Nashville,Hard,E. Meri,A. Sharma,0-1,0-0,40 - 40,1,ganador,,jugador1,8,1.062,0.1171926726991834,0.18182281722912097,0.18182281722912097,0.5700000000000001,0.59,0.5700000000000001,0.59,9,,,,,,,,,,,,,,,,,,,,,,,,
2026-10-01 16:56,12167544,Itf Women Singles,W15 Nashville,Hard,A. Lahey,R. Caballero Chica,0-0,5-2,A - 40,2,sets,2:0,2:0,1.166,,0.7337585369983632,0.6295268030711818,0.6295268030711818,0.6,0.5575,0.6,0.5575,7,,,,,,,,,,,,,,,,,,,,,,,,
2026-10-01 16:56,12167544,Itf Women Singles,W15 Nashville,Hard,A. Lahey,R. Caballero Chica,0-0,5-2,A - 40,2,sets,0:2,0:2,26,,0.03290624823615737,0.00851802791565091,0.00851802791565091,0.6,0.5575,0.6,0.5575,7,,,,,,,,,,,,,,,,,,,,,,,,
2026-10-01 16:56,12167544,Itf Women Singles,W15 Nashville,Hard,A. Lahey,R. Caballero Chica,0-0,5-2,A - 40,2,sets,2:1,2:1,5.5,,0.155556809843653,0.2334623339917549,0.2334623339917549,0.6,0.5575,0.6,0.5575,7,,,,,,,,,,,,,,,,,,,,,,,,
2026-10-01 16:56,12167544,Itf Women Singles,W15 Nashville,Hard,A. Lahey,R. Caballero Chica,0-0,5-2,A - 40,2,sets,1:2,1:2,11,,0.0777784049218265,0.12849283502141257,0.12849283502141257,0.6,0.5575,0.6,0.5575,7,,,,,,,,,,,,,,,,,,,,,,,,
2026-10-01 16:56,12167544,Itf Women Singles,W15 Nashville,Hard,A. Lahey,R. Caballero Chica,0-0,5-2,A - 40,2,ganador,,jugador1,1.04,10,0.9057971014492753,0.862989137062937,0.862989137062937,0.6,0.5575,0.6,0.5575,7,,,,,,,,,,,,,,,,,,,,,,,,
2026-10-01 16:56,12167533,Itf Men Singles,"M15 Ann Arbor, MI",Hard,D. Zhalgasbay,F. Corwin,0-0,2-1,0 - 0,2,total_juegos,22.5,mas,1.833,1.833,0.5,0.5658086887326658,0.5658086887326658,0.5975,0.6625,0.5975,0.6625,3,,,,,,,,,,,,,,,,,,,,,,,,
2026-10-01 16:56,12167533,Itf Men Singles,"M15 Ann Arbor, MI",Hard,D. Zhalgasbay,F. Corwin,0-0,2-1,0 - 0,2,sets,2:0,2:0,2.75,,0.32180886026028654,0.11001624657532338,0.11001624657532338,0.5975,0.6625,0.5975,0.6625,3,,,,,,,,,,,,,,,,,,,,,,,,
2026-10-01 16:56,12167533,Itf Men Singles,"M15 Ann Arbor, MI",Hard,D. Zhalgasbay,F. Corwin,0-0,2-1,0 - 0,2,sets,0:2,0:2,3.4,,0.26028657815170236,0.44139781903573044,0.44139781903573044,0.5975,0.6625,0.5975,0.6625,3,,,,,,,,,,,,,,,,,,,,,,,,
2026-10-01 16:56,12167533,Itf Men Singles,"M15 Ann Arbor, MI",Hard,D. Zhalgasbay,F. Corwin,0-0,2-1,0 - 0,2,sets,2:1,2:1,4.5,,0.196660970159064,0.1312200062522691,0.1312200062522691,0.5975,0.6625,0.5975,0.6625,3,,,,,,,,,,,,,,,,,,,,,,,,
2026-10-01 16:56,12167533,Itf Men Singles,"M15 Ann Arbor, MI",Hard,D. Zhalgasbay,F. Corwin,0-0,2-1,0 - 0,2,sets,1:2,1:2,4,,0.221243591428947,0.31736592813667697,0.31736592813667697,0.5975,0.6625,0.5975,0.6625,3,,,,,,,,,,,,,,,,,,,,,,,,
2026-10-01 16:56,12167533,Itf Men Singles,"M15 Ann Arbor, MI",Hard,D. Zhalgasbay,F. Corwin,0-0,2-1,0 - 0,2,ganador,,jugador1,1.833,1.833,0.5,0.2412362528275925,0.2412362528275925,0.5975,0.6625,0.5975,0.6625,3,,,,,,,,,,,,,,,,,,,,,,,,
2026-10-01 16:56,12167148,Challenger Men Singles,Columbus,Hard,A. Shelbayh,D. Ostapenkov,0-0,4-1,0 - 0,1,total_juegos,18.5,mas,2.1,1.666,0.4423791821561338,0.7394362870502922,0.6058568027900437,0.64,0.6425,0.6475,0.605,5,1.0,1.0,57.0,9,13,10,18,2,2,2,3,6.0,0.0,2.0,47.0,8,18,4,13,1,3,0,2,4.0
2026-10-01 16:56,12167148,Challenger Men Singles,Columbus,Hard,A. Shelbayh,D. Ostapenkov,0-0,4-1,0 - 0,1,sets,2:0,2:0,1.285,,0.6850841038208756,0.4748771306502285,0.6263814662607076,0.64,0.6425,0.6475,0.605,5,1.0,1.0,57.0,9,13,10,18,2,2,2,3,6.0,0.0,2.0,47.0,8,18,4,13,1,3,0,2,4.0
2026-10-01 16:56,12167148,Challenger Men Singles,Columbus,Hard,A. Shelbayh,D. Ostapenkov,0-0,4-1,0 - 0,1,sets,0:2,0:2,41,,0.02147153837584939,0.017404192056146465,0.007630102946897395,0.64,0.6425,0.6475,0.605,5,1.0,1.0,57.0,9,13,10,18,2,2,2,3,6.0,0.0,2.0,47.0,8,18,4,13,1,3,0,2,4.0
2026-10-01 16:56,12167148,Challenger Men Singles,Columbus,Hard,A. Shelbayh,D. Ostapenkov,0-0,4-1,0 - 0,1,sets,2:1,2:1,5,,0.17606661468196502,0.24965231733726032,0.23421163264471917,0.64,0.6425,0.6475,0.605,5,1.0,1.0,57.0,9,13,10,18,2,2,2,3,6.0,0.0,2.0,47.0,8,18,4,13,1,3,0,2,4.0
2026-10-01 16:56,12167148,Challenger Men Singles,Columbus,Hard,A. Shelbayh,D. Ostapenkov,0-0,4-1,0 - 0,1,sets,1:2,1:2,7.5,,0.11737774312131001,0.25806635995636507,0.13177679814767607,0.64,0.6425,0.6475,0.605,5,1.0,1.0,57.0,9,13,10,18,2,2,2,3,6.0,0.0,2.0,47.0,8,18,4,13,1,3,0,2,4.0
2026-10-01 16:56,12167148,Challenger Men Singles,Columbus,Hard,A. Shelbayh,D. Ostapenkov,0-0,4-1,0 - 0,1,ganador,,jugador1,1.1,7,0.8641975308641975,0.7245294479874889,0.8605930989054267,0.64,0.6425,0.6475,0.605,5,1.0,1.0,57.0,9,13,10,18,2,2,2,3,6.0,0.0,2.0,47.0,8,18,4,13,1,3,0,2,4.0
2026-10-01 16:56,12167527,Itf Men Singles,"M15 Ann Arbor, MI",Hard,M. Braswell,H. Coquelin,0-0,2-4,A - 40,1,total_juegos,23.5,mas,1.833,1.833,0.5,0.6223584833167648,0.6223584833167648,0.6375000000000001,0.5875,0.6375000000000001,0.5875,6,,,,,,,,,,,,,,,,,,,,,,,,
2026-10-01 16:56,12167527,Itf Men Singles,"M15 Ann Arbor, MI",Hard,M. Braswell,H. Coquelin,0-0,2-4,A - 40,1,sets,2:0,2:0,6,,0.14563106796116504,0.1712039843660133,0.1712039843660133,0.6375000000000001,0.5875,0.6375000000000001,0.5875,6,,,,,,,,,,,,,,,,,,,,,,,,
2026-10-01 16:56,12167527,Itf Men Singles,"M15 Ann Arbor, MI",Hard,M. Braswell,H. Coquelin,0-0,2-4,A - 40,1,sets,0:2,0:2,2.25,,0.3883495145631068,0.24862419018553114,0.24862419018553114,0.6375000000000001,0.5875,0.6375000000000001,0.5875,6,,,,,,,,,,,,,,,,,,,,,,,,
2026-10-01 16:56,12167527,Itf Men Singles,"M15 Ann Arbor, MI",Hard,M. Braswell,H. Coquelin,0-0,2-4,A - 40,1,sets,2:1,2:1,3,,0.2912621359223301,0.38593748900278646,0.38593748900278646,0.6375000000000001,0.5875,0.6375000000000001,0.5875,6,,,,,,,,,,,,,,,,,,,,,,,,
2026-10-01 16:56,12167527,Itf Men Singles,"M15 Ann Arbor, MI",Hard,M. Braswell,H. Coquelin,0-0,2-4,A - 40,1,sets,1:2,1:2,5,,0.1747572815533981,0.19423433644566906,0.19423433644566906,0.6375000000000001,0.5875,0.6375000000000001,0.5875,6,,,,,,,,,,,,,,,,,,,,,,,,
2026-10-01 16:56,12167527,Itf Men Singles,"M15 Ann Arbor, MI",Hard,M. Braswell,H. Coquelin,0-0,2-4,A - 40,1,ganador,,jugador1,2.1,1.666,0.4423791821561338,0.5571414733687999,0.5571414733687999,0.6375000000000001,0.5875,0.6375000000000001,0.5875,6,,,,,,,,,,,,,,,,,,,,,,,,
2026-10-01 16:56,12167525,Itf Men Singles,"M15 Ann Arbor, MI",Hard,Ma. Sheldon,O. Pieczkowski,1-1,2-3,40 - A,2,sets,0:2,0:2,4.333,,0.21212920494662935,0,0,0.5925,0.67,0.5925,0.67,26,,,,,,,,,,,,,,,,,,,,,,,,
2026-10-01 16:56,12167525,Itf Men Singles,"M15 Ann Arbor, MI",Hard,Ma. Sheldon,O. Pieczkowski,1-1,2-3,40 - A,2,sets,2:1,2:1,3,,0.30638528167791496,0.0720545125263662,0.0720545125263662,0.5925,0.67,0.5925,0.67,26,,,,,,,,,,,,,,,,,,,,,,,,
2026-10-01 16:56,12167525,Itf Men Singles,"M15 Ann Arbor, MI",Hard,Ma. Sheldon,O. Pieczkowski,1-1,2-3,40 - A,2,sets,1:2,1:2,1.909,,0.4814855133754557,0.9279454874736338,0.9279454874736338,0.5925,0.67,0.5925,0.67,26,,,,,,,,,,,,,,,,,,,,,,,,
2026-10-01 16:56,12167525,Itf Men Singles,"M15 Ann Arbor, MI",Hard,Ma. Sheldon,O. Pieczkowski,1-1,2-3,40 - A,2,total_juegos,30.5,mas,1.615,2.2,0.5766710353866317,0.5927422855415614,0.5927422855415614,0.5925,0.67,0.5925,0.67,26,,,,,,,,,,,,,,,,,,,,,,,,
2026-10-01 16:56,12167525,Itf Men Singles,"M15 Ann Arbor, MI",Hard,Ma. Sheldon,O. Pieczkowski,1-1,2-3,40 - A,2,ganador,,jugador1,6,1.111,0.15623681620025312,0.0720545125263662,0.0720545125263662,0.5925,0.67,0.5925,0.67,26,,,,,,,,,,,,,,,,,,,,,,,,
2026-10-01 16:56,12167285,Challenger Men Singles,Columbus,Hard,B. Nakashima,K. Smith,1-1,3-2,0 - 0,1,total_juegos,28.5,mas,1.285,3.5,0.7314524555903866,0.7270898699626074,0.7809481308006363,0.75,0.655,0.6950000000000001,0.67,24,5.0,1.0,63.0,61,94,23,73,8,9,2,7,6.0,13.0,1.0,69.0,50,73,33,94,5,7,1,9,4.0
2026-10-01 16:56,12167285,Challenger Men Singles,Columbus,Hard,B. Nakashima,K. Smith,1-1,3-2,0 - 0,1,sets,0:2,0:2,51,,0.018202640904442385,0,0,0.75,0.655,0.6950000000000001,0.67,24,5.0,1.0,63.0,61,94,23,73,8,9,2,7,6.0,13.0,1.0,69.0,50,73,33,94,5,7,1,9,4.0
2026-10-01 16:56,12167285,Challenger Men Singles,Columbus,Hard,B. Nakashima,K. Smith,1-1,3-2,0 - 0,1,sets,2:1,2:1,2.375,,0.3908777625796049,0.9639298217549512,0.8894029118610431,0.75,0.655,0.6950000000000001,0.67,24,5.0,1.0,63.0,61,94,23,73,8,9,2,7,6.0,13.0,1.0,69.0,50,73,33,94,5,7,1,9,4.0
2026-10-01 16:56,12167285,Challenger Men Singles,Columbus,Hard,B. Nakashima,K. Smith,1-1,3-2,0 - 0,1,sets,1:2,1:2,1.571,,0.5909195965159527,0.036070178245048726,0.11059708813895681,0.75,0.655,0.6950000000000001,0.67,24,5.0,1.0,63.0,61,94,23,73,8,9,2,7,6.0,13.0,1.0,69.0,50,73,33,94,5,7,1,9,4.0
2026-10-01 16:56,12167285,Challenger Men Singles,Columbus,Hard,B. Nakashima,K. Smith,1-1,3-2,0 - 0,1,ganador,,jugador1,1.142,5.5,0.8280638361939174,0.9639298217549512,0.8894029118610431,0.75,0.655,0.6950000000000001,0.67,24,5.0,1.0,63.0,61,94,23,73,8,9,2,7,6.0,13.0,1.0,69.0,50,73,33,94,5,7,1,9,4.0
2026-10-01 16:56,12167223,Challenger Men Singles,Mouilleron-Le-Captif,Hard,C. Chidekh,U. Blanchet,1-1,2-1,0 - 15,2,total_juegos,28.5,mas,1.615,2.2,0.5766710353866317,0.6624539439323126,0.6080679848632675,0.66,0.6275000000000001,0.6825,0.6125,22,4.0,2.0,64.0,40,56,29,72,3,5,2,3,6.0,5.0,1.0,68.0,43,72,16,56,1,3,2,5,4.0
2026-10-01 16:56,12167223,Challenger Men Singles,Mouilleron-Le-Captif,Hard,C. Chidekh,U. Blanchet,1-1,2-1,0 - 15,2,sets,2:0,2:0,11,,0.08332007425086184,0,0,0.66,0.6275000000000001,0.6825,0.6125,22,4.0,2.0,64.0,40,56,29,72,3,5,2,3,6.0,5.0,1.0,68.0,43,72,16,56,1,3,2,5,4.0
2026-10-01 16:56,12167223,Challenger Men Singles,Mouilleron-Le-Captif,Hard,C. Chidekh,U. Blanchet,1-1,2-1,0 - 15,2,sets,2:1,2:1,1.571,,0.5833996287456908,0.6263342460299444,0.7229317881970428,0.66,0.6275000000000001,0.6825,0.6125,22,4.0,2.0,64.0,40,56,29,72,3,5,2,3,6.0,5.0,1.0,68.0,43,72,16,56,1,3,2,5,4.0
2026-10-01 16:56,12167223,Challenger Men Singles,Mouilleron-Le-Captif,Hard,C. Chidekh,U. Blanchet,1-1,2-1,0 - 15,2,sets,1:2,1:2,2.75,,0.33328029700344736,0.3736657539700558,0.27706821180295715,0.66,0.6275000000000001,0.6825,0.6125,22,4.0,2.0,64.0,40,56,29,72,3,5,2,3,6.0,5.0,1.0,68.0,43,72,16,56,1,3,2,5,4.0
2026-10-01 16:56,12167223,Challenger Men Singles,Mouilleron-Le-Captif,Hard,C. Chidekh,U. Blanchet,1-1,2-1,0 - 15,2,ganador,,jugador1,1.4,2.75,0.6626506024096386,0.6263342460299444,0.7229317881970428,0.66,0.6275000000000001,0.6825,0.6125,22,4.0,2.0,64.0,40,56,29,72,3,5,2,3,6.0,5.0,1.0,68.0,43,72,16,56,1,3,2,5,4.0
2026-10-01 16:58,12167528,Itf Men Singles,"M15 Ann Arbor, MI",Hard,N. Djosic,T. Boosarawongse,0-0,2-2,30 - 30,2,total_juegos,22.5,mas,1.8,1.909,0.5146939875977352,0.6050232078367673,0.6050232078367673,0.6025,0.595,0.6025,0.595,4,,,,,,,,,,,,,,,,,,,,,,,,
2026-10-01 16:58,12167528,Itf Men Singles,"M15 Ann Arbor, MI",Hard,N. Djosic,T. Boosarawongse,0-0,2-2,30 - 30,2,sets,2:0,2:0,3.5,,0.2511432290797423,0.28176315366180005,0.28176315366180005,0.6025,0.595,0.6025,0.595,4,,,,,,,,,,,,,,,,,,,,,,,,
2026-10-01 16:58,12167528,Itf Men Singles,"M15 Ann Arbor, MI",Hard,N. Djosic,T. Boosarawongse,0-0,2-2,30 - 30,2,sets,0:2,0:2,2.75,,0.3196368370105811,0.22008808785768535,0.22008808785768535,0.6025,0.595,0.6025,0.595,4,,,,,,,,,,,,,,,,,,,,,,,,
2026-10-01 16:58,12167528,Itf Men Singles,"M15 Ann Arbor, MI",Hard,N. Djosic,T. Boosarawongse,0-0,2-2,30 - 30,2,sets,2:1,2:1,4.75,,0.18505290563770482,0.2619287967446912,0.2619287967446912,0.6025,0.595,0.6025,0.595,4,,,,,,,,,,,,,,,,,,,,,,,,
2026-10-01 16:58,12167528,Itf Men Singles,"M15 Ann Arbor, MI",Hard,N. Djosic,T. Boosarawongse,0-0,2-2,30 - 30,2,sets,1:2,1:2,3.6,,0.24416702827197168,0.23621996173582316,0.23621996173582316,0.6025,0.595,0.6025,0.595,4,,,,,,,,,,,,,,,,,,,,,,,,
2026-10-01 16:58,12167528,Itf Men Singles,"M15 Ann Arbor, MI",Hard,N. Djosic,T. Boosarawongse,0-0,2-2,30 - 30,2,ganador,,jugador1,2.1,1.666,0.4423791821561338,0.5436919504064918,0.5436919504064918,0.6025,0.595,0.6025,0.595,4,,,,,,,,,,,,,,,,,,,,,,,,
2026-10-01 16:58,12167582,Itf Women Singles,W15 Nashville,Hard,R. M. Nijkamp,F. Mattioli,0-1,0-0,0 - 0,1,ganador,,jugador1,2.625,1.444,0.3548783484885721,0.305725931846347,0.305725931846347,0.56,0.545,0.56,0.545,9,,,,,,,,,,,,,,,,,,,,,,,,
2026-10-01 16:58,12167568,Itf Men Singles,"M15 Fayetteville, AR",Hard,D. N. Cazacu,S. Rozin,0-0,1-0,40 - A,2,sets,2:0,2:0,5.5,,0.15992511650689945,0.2642196758797678,0.2642196758797678,0.6275000000000001,0.6275000000000001,0.6275000000000001,0.6275000000000001,1,,,,,,,,,,,,,,,,,,,,,,,,
2026-10-01 16:58,12167568,Itf Men Singles,"M15 Fayetteville, AR",Hard,D. N. Cazacu,S. Rozin,0-0,1-0,40 - A,2,sets,0:2,0:2,1.833,,0.47986259726565567,0.23578032412023223,0.23578032412023223,0.6275000000000001,0.6275000000000001,0.6275000000000001,0.6275000000000001,1,,,,,,,,,,,,,,,,,,,,,,,,
2026-10-01 16:58,12167568,Itf Men Singles,"M15 Fayetteville, AR",Hard,D. N. Cazacu,S. Rozin,0-0,1-0,40 - A,2,sets,2:1,2:1,7,,0.12565544868399242,0.25000000000000006,0.25000000000000006,0.6275000000000001,0.6275000000000001,0.6275000000000001,0.6275000000000001,1,,,,,,,,,,,,,,,,,,,,,,,,
2026-10-01 16:58,12167568,Itf Men Singles,"M15 Fayetteville, AR",Hard,D. N. Cazacu,S. Rozin,0-0,1-0,40 - A,2,sets,1:2,1:2,3.75,,0.2345568375434525,0.2500000000000001,0.2500000000000001,0.6275000000000001,0.6275000000000001,0.6275000000000001,0.6275000000000001,1,,,,,,,,,,,,,,,,,,,,,,,,
2026-10-01 16:58,12167568,Itf Men Singles,"M15 Fayetteville, AR",Hard,D. N. Cazacu,S. Rozin,0-0,1-0,40 - A,2,total_juegos,21.5,mas,1.833,1.833,0.5,0.6950752776001181,0.6950752776001181,0.6275000000000001,0.6275000000000001,0.6275000000000001,0.6275000000000001,1,,,,,,,,,,,,,,,,,,,,,,,,
2026-10-01 16:58,12167568,Itf Men Singles,"M15 Fayetteville, AR",Hard,D. N. Cazacu,S. Rozin,0-0,1-0,40 - A,2,ganador,,jugador1,3.4,1.3,0.2765957446808511,0.514219675879768,0.514219675879768,0.6275000000000001,0.6275000000000001,0.6275000000000001,0.6275000000000001,1,,,,,,,,,,,,,,,,,,,,,,,,
2026-10-01 16:58,12167567,Itf Men Singles,"M15 Fayetteville, AR",Hard,A. N. Tudorica,N. Niedner,1-0,5-6,0 - 0,1,total_juegos,29.5,mas,1.833,1.833,0.5,0.5224166228977146,0.5224166228977146,0.61,0.5975,0.61,0.5975,20,,,,,,,,,,,,,,,,,,,,,,,,
2026-10-01 16:58,12167567,Itf Men Singles,"M15 Fayetteville, AR",Hard,A. N. Tudorica,N. Niedner,1-0,5-6,0 - 0,1,sets,2:0,2:0,2.5,,0.36464088397790057,0.3934281598976516,0.3934281598976516,0.61,0.5975,0.61,0.5975,20,,,,,,,,,,,,,,,,,,,,,,,,
2026-10-01 16:58,12167567,Itf Men Singles,"M15 Fayetteville, AR",Hard,A. N. Tudorica,N. Niedner,1-0,5-6,0 - 0,1,sets,2:1,2:1,2.75,,0.33149171270718236,0.32923985347200185,0.32923985347200185,0.61,0.5975,0.61,0.5975,20,,,,,,,,,,,,,,,,,,,,,,,,
2026-10-01 16:58,12167567,Itf Men Singles,"M15 Fayetteville, AR",Hard,A. N. Tudorica,N. Niedner,1-0,5-6,0 - 0,1,sets,1:2,1:2,3,,0.30386740331491713,0.27733198663034647,0.27733198663034647,0.61,0.5975,0.61,0.5975,20,,,,,,,,,,,,,,,,,,,,,,,,
2026-10-01 16:58,12167567,Itf Men Singles,"M15 Fayetteville, AR",Hard,A. N. Tudorica,N. Niedner,1-0,5-6,0 - 0,1,ganador,,jugador1,1.363,3,0.6876002750401101,0.7226680133696534,0.7226680133696534,0.61,0.5975,0.61,0.5975,20,,,,,,,,,,,,,,,,,,,,,,,,
2026-10-01 16:58,12167565,Itf Men Singles,"M15 Fayetteville, AR",Hard,J. Braswell,J. Lee,1-0,5-6,0 - 15,1,total_juegos,27.5,mas,2.1,1.666,0.4423791821561338,0.4876408508675134,0.4876408508675134,0.6,0.655,0.6,0.655,17,,,,,,,,,,,,,,,,,,,,,,,,
2026-10-01 16:58,12167565,Itf Men Singles,"M15 Fayetteville, AR",Hard,J. Braswell,J. Lee,1-0,5-6,0 - 15,1,sets,2:0,2:0,4.333,,0.21066046875186784,0.23636357287772514,0.23636357287772514,0.6,0.655,0.6,0.655,17,,,,,,,,,,,,,,,,,,,,,,,,
2026-10-01 16:58,12167565,Itf Men Singles,"M15 Fayetteville, AR",Hard,J. Braswell,J. Lee,1-0,5-6,0 - 15,1,sets,2:1,2:1,3.5,,0.2607976603148124,0.2456107316238268,0.2456107316238268,0.6,0.655,0.6,0.655,17,,,,,,,,,,,,,,,,,,,,,,,,
2026-10-01 16:58,12167565,Itf Men Singles,"M15 Fayetteville, AR",Hard,J. Braswell,J. Lee,1-0,5-6,0 - 15,1,sets,1:2,1:2,1.727,,0.5285418709333198,0.5180256954984481,0.5180256954984481,0.6,0.655,0.6,0.655,17,,,,,,,,,,,,,,,,,,,,,,,,
2026-10-01 16:58,12167565,Itf Men Singles,"M15 Fayetteville, AR",Hard,J. Braswell,J. Lee,1-0,5-6,0 - 15,1,ganador,,jugador1,2,1.727,0.4633753689294338,0.481974304501552,0.481974304501552,0.6,0.655,0.6,0.655,17,,,,,,,,,,,,,,,,,,,,,,,,
2026-10-01 16:58,12167551,Itf Women Singles,W15 Trelew,Hard,C. D. Vega Gudino,M. F. Urrutia,0-1,0-0,0 - 0,2,ganador,,jugador1,0,1,,0.07589344634918546,0.07589344634918546,0.5275,0.595,0.5275,0.595,8,,,,,,,,,,,,,,,,,,,,,,,,
2026-10-01 16:58,12167545,Itf Women Singles,W15 Nashville,Hard,E. Meri,A. Sharma,0-1,0-0,40 - 40,1,sets,0:2,0:2,1.25,,0.7227926078028747,0.5777377144320401,0.5777377144320401,0.5700000000000001,0.59,0.5700000000000001,0.59,9,,,,,,,,,,,,,,,,,,,,,,,,
2026-10-01 16:58,12167545,Itf Women Singles,W15 Nashville,Hard,E. Meri,A. Sharma,0-1,0-0,40 - 40,1,sets,2:1,2:1,8,,0.11293634496919917,0.18182281722912097,0.18182281722912097,0.5700000000000001,0.59,0.5700000000000001,0.59,9,,,,,,,,,,,,,,,,,,,,,,,,
2026-10-01 16:58,12167545,Itf Women Singles,W15 Nashville,Hard,E. Meri,A. Sharma,0-1,0-0,40 - 40,1,sets,1:2,1:2,5.5,,0.16427104722792607,0.24043946833883895,0.24043946833883895,0.5700000000000001,0.59,0.5700000000000001,0.59,9,,,,,,,,,,,,,,,,,,,,,,,,
2026-10-01 16:58,12167545,Itf Women Singles,W15 Nashville,Hard,E. Meri,A. Sharma,0-1,0-0,40 - 40,1,ganador,,jugador1,8,1.062,0.1171926726991834,0.18182281722912097,0.18182281722912097,0.5700000000000001,0.59,0.5700000000000001,0.59,9,,,,,,,,,,,,,,,,,,,,,,,,
2026-10-01 16:58,12167544,Itf Women Singles,W15 Nashville,Hard,A. Lahey,R. Caballero Chica,1-0,0-0,0 - 0,1,sets,2:0,2:0,1.166,,0.7779772591262717,0.6450034534063026,0.6450034534063026,0.6,0.5575,0.6,0.5575,8,,,,,,,,,,,,,,,,,,,,,,,,
2026-10-01 16:58,12167544,Itf Women Singles,W15 Nashville,Hard,A. Lahey,R. Caballero Chica,1-0,0-0,0 - 0,1,sets,2:1,2:1,6.5,,0.1395571514063435,0.22897399850024625,0.22897399850024625,0.6,0.5575,0.6,0.5575,8,,,,,,,,,,,,,,,,,,,,,,,,
2026-10-01 16:58,12167544,Itf Women Singles,W15 Nashville,Hard,A. Lahey,R. Caballero Chica,1-0,0-0,0 - 0,1,sets,1:2,1:2,11,,0.08246558946738479,0.12602254809345115,0.12602254809345115,0.6,0.5575,0.6,0.5575,8,,,,,,,,,,,,,,,,,,,,,,,,
2026-10-01 16:58,12167544,Itf Women Singles,W15 Nashville,Hard,A. Lahey,R. Caballero Chica,1-0,0-0,0 - 0,1,ganador,,jugador1,1.03,11,0.914380714879468,0.8739774519065491,0.8739774519065491,0.6,0.5575,0.6,0.5575,8,,,,,,,,,,,,,,,,,,,,,,,,
2026-10-01 16:58,12167533,Itf Men Singles,"M15 Ann Arbor, MI",Hard,D. Zhalgasbay,F. Corwin,0-0,2-1,15 - 30,2,total_juegos,22.5,mas,1.8,1.909,0.5146939875977352,0.5587687325290758,0.5587687325290758,0.5975,0.6625,0.5975,0.6625,3,,,,,,,,,,,,,,,,,,,,,,,,
2026-10-01 16:58,12167533,Itf Men Singles,"M15 Ann Arbor, MI",Hard,D. Zhalgasbay,F. Corwin,0-0,2-1,15 - 30,2,sets,2:0,2:0,3.25,,0.28069720833248984,0.10309548370465335,0.10309548370465335,0.5975,0.6625,0.5975,0.6625,3,,,,,,,,,,,,,,,,,,,,,,,,
2026-10-01 16:58,12167533,Itf Men Singles,"M15 Ann Arbor, MI",Hard,D. Zhalgasbay,F. Corwin,0-0,2-1,15 - 30,2,sets,0:2,0:2,3.25,,0.28069720833248984,0.4581362295464072,0.4581362295464072,0.5975,0.6625,0.5975,0.6625,3,,,,,,,,,,,,,,,,,,,,,,,,
2026-10-01 16:58,12167533,Itf Men Singles,"M15 Ann Arbor, MI",Hard,D. Zhalgasbay,F. Corwin,0-0,2-1,15 - 30,2,sets,2:1,2:1,4.333,,0.21053910156487235,0.12834815565254148,0.12834815565254148,0.5975,0.6625,0.5975,0.6625,3,,,,,,,,,,,,,,,,,,,,,,,,
2026-10-01 16:58,12167533,Itf Men Singles,"M15 Ann Arbor, MI",Hard,D. Zhalgasbay,F. Corwin,0-0,2-1,15 - 30,2,sets,1:2,1:2,4,,0.228066481770148,0.31042013109639827,0.31042013109639827,0.5975,0.6625,0.5975,0.6625,3,,,,,,,,,,,,,,,,,,,,,,,,
2026-10-01 16:58,12167533,Itf Men Singles,"M15 Ann Arbor, MI",Hard,D. Zhalgasbay,F. Corwin,0-0,2-1,15 - 30,2,ganador,,jugador1,1.833,1.833,0.5,0.23144363935719486,0.23144363935719486,0.5975,0.6625,0.5975,0.6625,3,,,,,,,,,,,,,,,,,,,,,,,,
2026-10-01 16:58,12167148,Challenger Men Singles,Columbus,Hard,A. Shelbayh,D. Ostapenkov,0-0,5-1,0 - 0,2,total_juegos,17.5,mas,1.8,1.909,0.5146939875977352,0.8579372532300991,0.7314039209904429,0.64,0.6425,0.6525,0.605,6,1.0,1.0,63.0,12,17,10,18,2,2,2,3,4.0,0.0,2.0,44.0,8,18,5,17,1,3,0,2,6.0
2026-10-01 16:58,12167148,Challenger Men Singles,Columbus,Hard,A. Shelbayh,D. Ostapenkov,0-0,5-1,0 - 0,2,sets,2:0,2:0,1.25,,0.7292733695511354,0.48589368878960987,0.6511667147003855,0.64,0.6425,0.6525,0.605,6,1.0,1.0,63.0,12,17,10,18,2,2,2,3,4.0,0.0,2.0,44.0,8,18,5,17,1,3,0,2,6.0
2026-10-01 16:58,12167148,Challenger Men Singles,Columbus,Hard,A. Shelbayh,D. Ostapenkov,0-0,5-1,0 - 0,2,sets,0:2,0:2,101,,0.009025660514246725,0.006016342391458097,0.002145104653836723,0.64,0.6425,0.6525,0.605,6,1.0,1.0,63.0,12,17,10,18,2,2,2,3,4.0,0.0,2.0,44.0,8,18,5,17,1,3,0,2,6.0
2026-10-01 16:58,12167148,Challenger Men Singles,Columbus,Hard,A. Shelbayh,D. Ostapenkov,0-0,5-1,0 - 0,2,sets,2:1,2:1,5.5,,0.16574394762525804,0.2498348865312767,0.2271652461744579,0.64,0.6425,0.6525,0.605,6,1.0,1.0,63.0,12,17,10,18,2,2,2,3,4.0,0.0,2.0,44.0,8,18,5,17,1,3,0,2,6.0
2026-10-01 16:58,12167148,Challenger Men Singles,Columbus,Hard,A. Shelbayh,D. Ostapenkov,0-0,5-1,0 - 0,2,sets,1:2,1:2,9.5,,0.0959570223093599,0.2582550822876556,0.11952293447132004,0.64,0.6425,0.6525,0.605,6,1.0,1.0,63.0,12,17,10,18,2,2,2,3,4.0,0.0,2.0,44.0,8,18,5,17,1,3,0,2,6.0
2026-10-01 16:58,12167148,Challenger Men Singles,Columbus,Hard,A. Shelbayh,D. Ostapenkov,0-0,5-1,0 - 0,2,ganador,,jugador1,1.071,9,0.8936550491510277,0.7357285753208866,0.8783319608748434,0.64,0.6425,0.6525,0.605,6,1.0,1.0,63.0,12,17,10,18,2,2,2,3,4.0,0.0,2.0,44.0,8,18,5,17,1,3,0,2,6.0
2026-10-01 16:58,12167527,Itf Men Singles,"M15 Ann Arbor, MI",Hard,M. Braswell,H. Coquelin,0-0,3-4,0 - 0,2,total_juegos,24.5,mas,1.833,1.833,0.5,0.6086613955928863,0.6086613955928863,0.6375000000000001,0.5875,0.6375000000000001,0.5875,7,,,,,,,,,,,,,,,,,,,,,,,,
2026-10-01 16:58,12167527,Itf Men Singles,"M15 Ann Arbor, MI",Hard,M. Braswell,H. Coquelin,0-0,3-4,0 - 0,2,sets,2:0,2:0,5,,0.17424242424242425,0.18518598273800535,0.18518598273800535,0.6375000000000001,0.5875,0.6375000000000001,0.5875,7,,,,,,,,,,,,,,,,,,,,,,,,
2026-10-01 16:58,12167527,Itf Men Singles,"M15 Ann Arbor, MI",Hard,M. Braswell,H. Coquelin,0-0,3-4,0 - 0,2,sets,0:2,0:2,2.5,,0.3484848484848485,0.241587340298298,0.241587340298298,0.6375000000000001,0.5875,0.6375000000000001,0.5875,7,,,,,,,,,,,,,,,,,,,,,,,,
2026-10-01 16:58,12167527,Itf Men Singles,"M15 Ann Arbor, MI",Hard,M. Braswell,H. Coquelin,0-0,3-4,0 - 0,2,sets,2:1,2:1,2.875,,0.30303030303030304,0.38131749015177807,0.38131749015177807,0.6375000000000001,0.5875,0.6375000000000001,0.5875,7,,,,,,,,,,,,,,,,,,,,,,,,
2026-10-01 16:58,12167527,Itf Men Singles,"M15 Ann Arbor, MI",Hard,M. Braswell,H. Coquelin,0-0,3-4,0 - 0,2,sets,1:2,1:2,5,,0.17424242424242425,0.1919091868119187,0.1919091868119187,0.6375000000000001,0.5875,0.6375000000000001,0.5875,7,,,,,,,,,,,,,,,,,,,,,,,,
2026-10-01 16:58,12167527,Itf Men Singles,"M15 Ann Arbor, MI",Hard,M. Braswell,H. Coquelin,0-0,3-4,0 - 0,2,ganador,,jugador1,2,1.727,0.4633753689294338,0.5665034728897832,0.5665034728897832,0.6375000000000001,0.5875,0.6375000000000001,0.5875,7,,,,,,,,,,,,,,,,,,,,,,,,
2026-10-01 16:58,12167525,Itf Men Singles,"M15 Ann Arbor, MI",Hard,Ma. Sheldon,O. Pieczkowski,1-1,2-4,15 - 15,1,sets,0:2,0:2,4.333,,0.21212920494662935,0,0,0.5925,0.67,0.5925,0.67,27,,,,,,,,,,,,,,,,,,,,,,,,
2026-10-01 16:58,12167525,Itf Men Singles,"M15 Ann Arbor, MI",Hard,Ma. Sheldon,O. Pieczkowski,1-1,2-4,15 - 15,1,sets,2:1,2:1,3,,0.30638528167791496,0.05431104735542475,0.05431104735542475,0.5925,0.67,0.5925,0.67,27,,,,,,,,,,,,,,,,,,,,,,,,
2026-10-01 16:58,12167525,Itf Men Singles,"M15 Ann Arbor, MI",Hard,Ma. Sheldon,O. Pieczkowski,1-1,2-4,15 - 15,1,sets,1:2,1:2,1.909,,0.4814855133754557,0.9456889526445752,0.9456889526445752,0.5925,0.67,0.5925,0.67,27,,,,,,,,,,,,,,,,,,,,,,,,
2026-10-01 16:58,12167525,Itf Men Singles,"M15 Ann Arbor, MI",Hard,Ma. Sheldon,O. Pieczkowski,1-1,2-4,15 - 15,1,total_juegos,30.5,mas,1.615,2.2,0.5766710353866317,0.5610451565991342,0.5610451565991342,0.5925,0.67,0.5925,0.67,27,,,,,,,,,,,,,,,,,,,,,,,,
2026-10-01 16:58,12167525,Itf Men Singles,"M15 Ann Arbor, MI",Hard,Ma. Sheldon,O. Pieczkowski,1-1,2-4,15 - 15,1,ganador,,jugador1,7.5,1.071,0.12495624781239062,0.05431104735542475,0.05431104735542475,0.5925,0.67,0.5925,0.67,27,,,,,,,,,,,,,,,,,,,,,,,,
2026-10-01 16:58,12167285,Challenger Men Singles,Columbus,Hard,B. Nakashima,K. Smith,1-1,3-2,30 - 15,1,total_juegos,28.5,mas,1.285,3.5,0.7314524555903866,0.7223721688608792,0.775448234378831,0.75,0.655,0.6925,0.67,24,5.0,1.0,63.0,62,96,23,73,8,9,2,7,5.0,15.0,1.0,70.0,50,73,34,96,5,7,1,9,5.0
2026-10-01 16:58,12167285,Challenger Men Singles,Columbus,Hard,B. Nakashima,K. Smith,1-1,3-2,30 - 15,1,sets,0:2,0:2,51,,0.018202640904442385,0,0,0.75,0.655,0.6925,0.67,24,5.0,1.0,63.0,62,96,23,73,8,9,2,7,5.0,15.0,1.0,70.0,50,73,34,96,5,7,1,9,5.0
2026-10-01 16:58,12167285,Challenger Men Singles,Columbus,Hard,B. Nakashima,K. Smith,1-1,3-2,30 - 15,1,sets,2:1,2:1,2.375,,0.3908777625796049,0.9692703105457957,0.9022833371703824,0.75,0.655,0.6925,0.67,24,5.0,1.0,63.0,62,96,23,73,8,9,2,7,5.0,15.0,1.0,70.0,50,73,34,96,5,7,1,9,5.0
2026-10-01 16:58,12167285,Challenger Men Singles,Columbus,Hard,B. Nakashima,K. Smith,1-1,3-2,30 - 15,1,sets,1:2,1:2,1.571,,0.5909195965159527,0.03072968945420427,0.09771666282961743,0.75,0.655,0.6925,0.67,24,5.0,1.0,63.0,62,96,23,73,8,9,2,7,5.0,15.0,1.0,70.0,50,73,34,96,5,7,1,9,5.0
2026-10-01 16:58,12167285,Challenger Men Singles,Columbus,Hard,B. Nakashima,K. Smith,1-1,3-2,30 - 15,1,ganador,,jugador1,1.125,6,0.8421052631578947,0.9692703105457957,0.9022833371703824,0.75,0.655,0.6925,0.67,24,5.0,1.0,63.0,62,96,23,73,8,9,2,7,5.0,15.0,1.0,70.0,50,73,34,96,5,7,1,9,5.0
2026-10-01 16:58,12167223,Challenger Men Singles,Mouilleron-Le-Captif,Hard,C. Chidekh,U. Blanchet,1-1,2-1,15 - 30,2,total_juegos,28.5,mas,1.615,2.2,0.5766710353866317,0.6628421348873037,0.6095519797628215,0.66,0.6275000000000001,0.6825,0.6125,22,4.0,2.0,64.0,40,56,30,74,3,5,2,3,5.0,5.0,1.0,69.0,44,74,16,56,1,3,2,5,5.0
2026-10-01 16:58,12167223,Challenger Men Singles,Mouilleron-Le-Captif,Hard,C. Chidekh,U. Blanchet,1-1,2-1,15 - 30,2,sets,2:0,2:0,11,,0.08332007425086184,0,0,0.66,0.6275000000000001,0.6825,0.6125,22,4.0,2.0,64.0,40,56,30,74,3,5,2,3,5.0,5.0,1.0,69.0,44,74,16,56,1,3,2,5,5.0
2026-10-01 16:58,12167223,Challenger Men Singles,Mouilleron-Le-Captif,Hard,C. Chidekh,U. Blanchet,1-1,2-1,15 - 30,2,sets,2:1,2:1,1.571,,0.5833996287456908,0.6260805762224415,0.7221756869566849,0.66,0.6275000000000001,0.6825,0.6125,22,4.0,2.0,64.0,40,56,30,74,3,5,2,3,5.0,5.0,1.0,69.0,44,74,16,56,1,3,2,5,5.0
2026-10-01 16:58,12167223,Challenger Men Singles,Mouilleron-Le-Captif,Hard,C. Chidekh,U. Blanchet,1-1,2-1,15 - 30,2,sets,1:2,1:2,2.75,,0.33328029700344736,0.37391942377755844,0.277824313043315,0.66,0.6275000000000001,0.6825,0.6125,22,4.0,2.0,64.0,40,56,30,74,3,5,2,3,5.0,5.0,1.0,69.0,44,74,16,56,1,3,2,5,5.0
2026-10-01 16:58,12167223,Challenger Men Singles,Mouilleron-Le-Captif,Hard,C. Chidekh,U. Blanchet,1-1,2-1,15 - 30,2,ganador,,jugador1,1.4,2.75,0.6626506024096386,0.6260805762224415,0.7221756869566849,0.66,0.6275000000000001,0.6825,0.6125,22,4.0,2.0,64.0,40,56,30,74,3,5,2,3,5.0,5.0,1.0,69.0,44,74,16,56,1,3,2,5,5.0
2026-10-01 17:10,12167527,Itf Men Singles,"M15 Ann Arbor, MI",Hard,M. Braswell,H. Coquelin,0-0,4-5,30 - 0,2,total_juegos,25.5,mas,1.833,1.833,0.5,0.5586091165203675,0.5586091165203675,0.6375000000000001,0.5875,0.6375000000000001,0.5875,9,,,,,,,,,,,,,,,,,,,,,,,,
2026-10-01 17:10,12167527,Itf Men Singles,"M15 Ann Arbor, MI",Hard,M. Braswell,H. Coquelin,0-0,4-5,30 - 0,2,sets,2:0,2:0,3.5,,0.2528935185185185,0.2623510826628727,0.2623510826628727,0.6375000000000001,0.5875,0.6375000000000001,0.5875,9,,,,,,,,,,,,,,,,,,,,,,,,
2026-10-01 17:10,12167527,Itf Men Singles,"M15 Ann Arbor, MI",Hard,M. Braswell,H. Coquelin,0-0,4-5,30 - 0,2,sets,0:2,0:2,3.5,,0.2528935185185185,0.20275174539561636,0.20275174539561636,0.6375000000000001,0.5875,0.6375000000000001,0.5875,9,,,,,,,,,,,,,,,,,,,,,,,,
2026-10-01 17:10,12167527,Itf Men Singles,"M15 Ann Arbor, MI",Hard,M. Braswell,H. Coquelin,0-0,4-5,30 - 0,2,sets,2:1,2:1,2.875,,0.30787037037037035,0.3558202283508492,0.3558202283508492,0.6375000000000001,0.5875,0.6375000000000001,0.5875,9,,,,,,,,,,,,,,,,,,,,,,,,
2026-10-01 17:10,12167527,Itf Men Singles,"M15 Ann Arbor, MI",Hard,M. Braswell,H. Coquelin,0-0,4-5,30 - 0,2,sets,1:2,1:2,4.75,,0.1863425925925926,0.1790769435906619,0.1790769435906619,0.6375000000000001,0.5875,0.6375000000000001,0.5875,9,,,,,,,,,,,,,,,,,,,,,,,,
2026-10-01 17:10,12167527,Itf Men Singles,"M15 Ann Arbor, MI",Hard,M. Braswell,H. Coquelin,0-0,4-5,30 - 0,2,ganador,,jugador1,1.666,2.1,0.5576208178438662,0.6181713110137219,0.6181713110137219,0.6375000000000001,0.5875,0.6375000000000001,0.5875,9,,,,,,,,,,,,,,,,,,,,,,,,
2026-10-01 17:10,12167582,Itf Women Singles,W15 Nashville,Hard,R. M. Nijkamp,F. Mattioli,0-1,2-0,0 - 0,1,ganador,,jugador1,1.8,1.95,0.5199999999999999,0.4371258090472768,0.4371258090472768,0.56,0.545,0.56,0.545,11,,,,,,,,,,,,,,,,,,,,,,,,
2026-10-01 17:10,12167568,Itf Men Singles,"M15 Fayetteville, AR",Hard,D. N. Cazacu,S. Rozin,0-0,4-1,15 - 0,2,sets,2:0,2:0,2.25,,0.385576022478926,0.4532771269861992,0.4532771269861992,0.6275000000000001,0.6275000000000001,0.6275000000000001,0.6275000000000001,5,,,,,,,,,,,,,,,,,,,,,,,,
2026-10-01 17:10,12167568,Itf Men Singles,"M15 Fayetteville, AR",Hard,D. N. Cazacu,S. Rozin,0-0,4-1,15 - 0,2,sets,0:2,0:2,7.5,,0.1156728067436778,0.04672287301380076,0.04672287301380076,0.6275000000000001,0.6275000000000001,0.6275000000000001,0.6275000000000001,5,,,,,,,,,,,,,,,,,,,,,,,,
2026-10-01 17:10,12167568,Itf Men Singles,"M15 Fayetteville, AR",Hard,D. N. Cazacu,S. Rozin,0-0,4-1,15 - 0,2,sets,2:1,2:1,6.5,,0.1334686231657821,0.25000000000000006,0.25000000000000006,0.6275000000000001,0.6275000000000001,0.6275000000000001,0.6275000000000001,5,,,,,,,,,,,,,,,,,,,,,,,,
2026-10-01 17:10,12167568,Itf Men Singles,"M15 Fayetteville, AR",Hard,D. N. Cazacu,S. Rozin,0-0,4-1,15 - 0,2,sets,1:2,1:2,2.375,,0.3652825476116141,0.2500000000000001,0.2500000000000001,0.6275000000000001,0.6275000000000001,0.6275000000000001,0.6275000000000001,5,,,,,,,,,,,,,,,,,,,,,,,,
2026-10-01 17:10,12167568,Itf Men Singles,"M15 Fayetteville, AR",Hard,D. N. Cazacu,S. Rozin,0-0,4-1,15 - 0,2,total_juegos,23.5,mas,1.833,1.833,0.5,0.509307956646123,0.509307956646123,0.6275000000000001,0.6275000000000001,0.6275000000000001,0.6275000000000001,5,,,,,,,,,,,,,,,,,,,,,,,,
2026-10-01 17:10,12167568,Itf Men Singles,"M15 Fayetteville, AR",Hard,D. N. Cazacu,S. Rozin,0-0,4-1,15 - 0,2,ganador,,jugador1,1.8,1.909,0.5146939875977352,0.703277126986199,0.703277126986199,0.6275000000000001,0.6275000000000001,0.6275000000000001,0.6275000000000001,5,,,,,,,,,,,,,,,,,,,,,,,,
2026-10-01 17:10,12167567,Itf Men Singles,"M15 Fayetteville, AR",Hard,A. N. Tudorica,N. Niedner,1-0,6-6,2 - 3,2,total_juegos,30.5,mas,2,1.727,0.4633753689294338,0.46567756902429824,0.46567756902429824,0.61,0.5975,0.61,0.5975,21,,,,,,,,,,,,,,,,,,,,,,,,
2026-10-01 17:10,12167567,Itf Men Singles,"M15 Fayetteville, AR",Hard,A. N. Tudorica,N. Niedner,1-0,6-6,2 - 3,2,sets,2:0,2:0,2.5,,0.3733681462140992,0.4058871135403347,0.4058871135403347,0.61,0.5975,0.61,0.5975,21,,,,,,,,,,,,,,,,,,,,,,,,
2026-10-01 17:10,12167567,Itf Men Singles,"M15 Fayetteville, AR",Hard,A. N. Tudorica,N. Niedner,1-0,6-6,2 - 3,2,sets,2:1,2:1,2.75,,0.3394255874673629,0.322477284225399,0.322477284225399,0.61,0.5975,0.61,0.5975,21,,,,,,,,,,,,,,,,,,,,,,,,
2026-10-01 17:10,12167567,Itf Men Singles,"M15 Fayetteville, AR",Hard,A. N. Tudorica,N. Niedner,1-0,6-6,2 - 3,2,sets,1:2,1:2,3.25,,0.28720626631853785,0.2716356022342662,0.2716356022342662,0.61,0.5975,0.61,0.5975,21,,,,,,,,,,,,,,,,,,,,,,,,
2026-10-01 17:10,12167567,Itf Men Singles,"M15 Fayetteville, AR",Hard,A. N. Tudorica,N. Niedner,1-0,6-6,2 - 3,2,ganador,,jugador1,1.333,3.25,0.7091424830896792,0.7283643977657337,0.7283643977657337,0.61,0.5975,0.61,0.5975,21,,,,,,,,,,,,,,,,,,,,,,,,
2026-10-01 17:10,12167553,Itf Women Singles,W15 Trelew,Hard,E. Zornada,A. V. Gobbi Monllau,0-0,0-2,40 - 30,2,sets,2:0,2:0,4.5,,0.193503800967519,0.31348869063396345,0.31348869063396345,0.5775,0.5275,0.5775,0.5275,2,,,,,,,,,,,,,,,,,,,,,,,,
2026-10-01 17:10,12167553,Itf Women Singles,W15 Trelew,Hard,E. Zornada,A. V. Gobbi Monllau,0-0,0-2,40 - 30,2,sets,0:2,0:2,2.1,,0.414651002073255,0.1752036160114267,0.1752036160114267,0.5775,0.5275,0.5775,0.5275,2,,,,,,,,,,,,,,,,,,,,,,,,
2026-10-01 17:10,12167553,Itf Women Singles,W15 Trelew,Hard,E. Zornada,A. V. Gobbi Monllau,0-0,0-2,40 - 30,2,sets,2:1,2:1,4,,0.21769177608845888,0.34323682519320853,0.34323682519320853,0.5775,0.5275,0.5775,0.5275,2,,,,,,,,,,,,,,,,,,,,,,,,
2026-10-01 17:10,12167553,Itf Women Singles,W15 Trelew,Hard,E. Zornada,A. V. Gobbi Monllau,0-0,0-2,40 - 30,2,sets,1:2,1:2,5,,0.17415342087076713,0.1680708681614012,0.1680708681614012,0.5775,0.5275,0.5775,0.5275,2,,,,,,,,,,,,,,,,,,,,,,,,
2026-10-01 17:10,12167553,Itf Women Singles,W15 Trelew,Hard,E. Zornada,A. V. Gobbi Monllau,0-0,0-2,40 - 30,2,ganador,,jugador1,2.375,1.533,0.3922722620266121,0.6567255158271722,0.6567255158271722,0.5775,0.5275,0.5775,0.5275,2,,,,,,,,,,,,,,,,,,,,,,,,
2026-10-01 17:10,12167551,Itf Women Singles,W15 Trelew,Hard,C. D. Vega Gudino,M. F. Urrutia,0-1,1-1,0 - 15,2,ganador,,jugador1,0,1,,0.07228495808598331,0.07228495808598331,0.5275,0.595,0.5275,0.595,10,,,,,,,,,,,,,,,,,,,,,,,,
2026-10-01 17:10,12167545,Itf Women Singles,W15 Nashville,Hard,E. Meri,A. Sharma,0-1,1-0,40 - 40,2,sets,0:2,0:2,1.5,,0.6,0.4741872913408106,0.4741872913408106,0.5700000000000001,0.59,0.5700000000000001,0.59,10,,,,,,,,,,,,,,,,,,,,,,,,
2026-10-01 17:10,12167545,Itf Women Singles,W15 Nashville,Hard,E. Meri,A. Sharma,0-1,1-0,40 - 40,2,sets,2:1,2:1,6,,0.15,0.2264108145360331,0.2264108145360331,0.5700000000000001,0.59,0.5700000000000001,0.59,10,,,,,,,,,,,,,,,,,,,,,,,,
2026-10-01 17:10,12167545,Itf Women Singles,W15 Nashville,Hard,E. Meri,A. Sharma,0-1,1-0,40 - 40,2,sets,1:2,1:2,3.6,,0.25,0.2994018941231562,0.2994018941231562,0.5700000000000001,0.59,0.5700000000000001,0.59,10,,,,,,,,,,,,,,,,,,,,,,,,
2026-10-01 17:10,12167545,Itf Women Singles,W15 Nashville,Hard,E. Meri,A. Sharma,0-1,1-0,40 - 40,2,ganador,,jugador1,6,1.111,0.15623681620025312,0.2264108145360331,0.2264108145360331,0.5700000000000001,0.59,0.5700000000000001,0.59,10,,,,,,,,,,,,,,,,,,,,,,,,
2026-10-01 17:10,12167544,Itf Women Singles,W15 Nashville,Hard,A. Lahey,R. Caballero Chica,1-0,2-1,0 - 0,2,sets,2:0,2:0,1.111,,0.8059857877839421,0.7110580056908773,0.7110580056908773,0.6,0.5575,0.6,0.5575,11,,,,,,,,,,,,,,,,,,,,,,,,
2026-10-01 17:10,12167544,Itf Women Singles,W15 Nashville,Hard,A. Lahey,R. Caballero Chica,1-0,2-1,0 - 0,2,sets,2:1,2:1,7.5,,0.11939336136372797,0.18636858416348845,0.18636858416348845,0.6,0.5575,0.6,0.5575,11,,,,,,,,,,,,,,,,,,,,,,,,
2026-10-01 17:10,12167544,Itf Women Singles,W15 Nashville,Hard,A. Lahey,R. Caballero Chica,1-0,2-1,0 - 0,2,sets,1:2,1:2,12,,0.07462085085232997,0.10257341014563433,0.10257341014563433,0.6,0.5575,0.6,0.5575,11,,,,,,,,,,,,,,,,,,,,,,,,
2026-10-01 17:10,12167544,Itf Women Singles,W15 Nashville,Hard,A. Lahey,R. Caballero Chica,1-0,2-1,0 - 0,2,ganador,,jugador1,1.025,12,0.9213051823416506,0.8974265898543654,0.8974265898543654,0.6,0.5575,0.6,0.5575,11,,,,,,,,,,,,,,,,,,,,,,,,
2026-10-01 17:10,12167533,Itf Men Singles,"M15 Ann Arbor, MI",Hard,D. Zhalgasbay,F. Corwin,0-0,3-2,15 - 0,2,total_juegos,23.5,mas,1.833,1.833,0.5,0.5456169889979429,0.5456169889979429,0.5975,0.6625,0.5975,0.6625,5,,,,,,,,,,,,,,,,,,,,,,,,
2026-10-01 17:10,12167533,Itf Men Singles,"M15 Ann Arbor, MI",Hard,D. Zhalgasbay,F. Corwin,0-0,3-2,15 - 0,2,sets,2:0,2:0,2.625,,0.3376022197755,0.13368247014088758,0.13368247014088758,0.5975,0.6625,0.5975,0.6625,5,,,,,,,,,,,,,,,,,,,,,,,,
2026-10-01 17:10,12167533,Itf Men Singles,"M15 Ann Arbor, MI",Hard,D. Zhalgasbay,F. Corwin,0-0,3-2,15 - 0,2,sets,0:2,0:2,4,,0.2215514567276719,0.38415919192474074,0.38415919192474074,0.5975,0.6625,0.5975,0.6625,5,,,,,,,,,,,,,,,,,,,,,,,,
2026-10-01 17:10,12167533,Itf Men Singles,"M15 Ann Arbor, MI",Hard,D. Zhalgasbay,F. Corwin,0-0,3-2,15 - 0,2,sets,2:1,2:1,4.333,,0.2045247696539782,0.14104057944776024,0.14104057944776024,0.5975,0.6625,0.5975,0.6625,5,,,,,,,,,,,,,,,,,,,,,,,,
2026-10-01 17:10,12167533,Itf Men Singles,"M15 Ann Arbor, MI",Hard,D. Zhalgasbay,F. Corwin,0-0,3-2,15 - 0,2,sets,1:2,1:2,3.75,,0.23632155384285,0.3411177584866118,0.3411177584866118,0.5975,0.6625,0.5975,0.6625,5,,,,,,,,,,,,,,,,,,,,,,,,
2026-10-01 17:10,12167533,Itf Men Singles,"M15 Ann Arbor, MI",Hard,D. Zhalgasbay,F. Corwin,0-0,3-2,15 - 0,2,ganador,,jugador1,1.727,2,0.5366246310705661,0.27472304958864796,0.27472304958864796,0.5975,0.6625,0.5975,0.6625,5,,,,,,,,,,,,,,,,,,,,,,,,
2026-10-01 17:10,12167528,Itf Men Singles,"M15 Ann Arbor, MI",Hard,N. Djosic,T. Boosarawongse,0-0,3-4,0 - 0,1,total_juegos,23.5,mas,1.833,1.833,0.5,0.5741091261408569,0.5741091261408569,0.6025,0.595,0.6025,0.595,7,,,,,,,,,,,,,,,,,,,,,,,,
2026-10-01 17:10,12167528,Itf Men Singles,"M15 Ann Arbor, MI",Hard,N. Djosic,T. Boosarawongse,0-0,3-4,0 - 0,1,sets,2:0,2:0,5,,0.1747572815533981,0.215753917024521,0.215753917024521,0.6025,0.595,0.6025,0.595,7,,,,,,,,,,,,,,,,,,,,,,,,
2026-10-01 17:10,12167528,Itf Men Singles,"M15 Ann Arbor, MI",Hard,N. Djosic,T. Boosarawongse,0-0,3-4,0 - 0,1,sets,0:2,0:2,2.25,,0.3883495145631068,0.279618385963348,0.279618385963348,0.6025,0.595,0.6025,0.595,7,,,,,,,,,,,,,,,,,,,,,,,,
2026-10-01 17:10,12167528,Itf Men Singles,"M15 Ann Arbor, MI",Hard,N. Djosic,T. Boosarawongse,0-0,3-4,0 - 0,1,sets,2:1,2:1,4.5,,0.1941747572815534,0.2653354509717249,0.2653354509717249,0.6025,0.595,0.6025,0.595,7,,,,,,,,,,,,,,,,,,,,,,,,
2026-10-01 17:10,12167528,Itf Men Singles,"M15 Ann Arbor, MI",Hard,N. Djosic,T. Boosarawongse,0-0,3-4,0 - 0,1,sets,1:2,1:2,3.6,,0.24271844660194178,0.23929224604040622,0.23929224604040622,0.6025,0.595,0.6025,0.595,7,,,,,,,,,,,,,,,,,,,,,,,,
2026-10-01 17:10,12167528,Itf Men Singles,"M15 Ann Arbor, MI",Hard,N. Djosic,T. Boosarawongse,0-0,3-4,0 - 0,1,ganador,,jugador1,2.625,1.444,0.3548783484885721,0.481089367996246,0.481089367996246,0.6025,0.595,0.6025,0.595,7,,,,,,,,,,,,,,,,,,,,,,,,
2026-10-01 17:10,12167148,Challenger Men Singles,Columbus,Hard,A. Shelbayh,D. Ostapenkov,1-0,1-0,0 - 40,2,total_juegos,16.5,mas,1.833,1.833,0.5,0.7610747274791366,0.593720121630488,0.64,0.6425,0.655,0.5875,8,2.0,1.0,67.0,17,24,14,23,2,2,3,4,7.0,0.0,2.0,46.0,9,23,7,24,1,4,0,2,3.0
2026-10-01 17:10,12167148,Challenger Men Singles,Columbus,Hard,A. Shelbayh,D. Ostapenkov,1-0,1-0,0 - 40,2,sets,2:0,2:0,1.25,,0.7394957983193277,0.49562203864481247,0.706405017439992,0.64,0.6425,0.655,0.5875,8,2.0,1.0,67.0,17,24,14,23,2,2,3,4,7.0,0.0,2.0,46.0,9,23,7,24,1,4,0,2,3.0
2026-10-01 17:10,12167148,Challenger Men Singles,Columbus,Hard,A. Shelbayh,D. Ostapenkov,1-0,1-0,0 - 40,2,sets,2:1,2:1,5.5,,0.1680672268907563,0.2480096409637179,0.21027954510785696,0.64,0.6425,0.655,0.5875,8,2.0,1.0,67.0,17,24,14,23,2,2,3,4,7.0,0.0,2.0,46.0,9,23,7,24,1,4,0,2,3.0
2026-10-01 17:10,12167148,Challenger Men Singles,Columbus,Hard,A. Shelbayh,D. Ostapenkov,1-0,1-0,0 - 40,2,sets,1:2,1:2,10,,0.09243697478991596,0.25636832039146984,0.08331543745215109,0.64,0.6425,0.655,0.5875,8,2.0,1.0,67.0,17,24,14,23,2,2,3,4,7.0,0.0,2.0,46.0,9,23,7,24,1,4,0,2,3.0
2026-10-01 17:10,12167148,Challenger Men Singles,Columbus,Hard,A. Shelbayh,D. Ostapenkov,1-0,1-0,0 - 40,2,ganador,,jugador1,1.062,10,0.903995660820828,0.7436316796085303,0.9166845625478487,0.64,0.6425,0.655,0.5875,8,2.0,1.0,67.0,17,24,14,23,2,2,3,4,7.0,0.0,2.0,46.0,9,23,7,24,1,4,0,2,3.0
2026-10-01 17:10,12167522,Itf Women Singles,W100 Templeton,Hard,W. Osuigwe,E. McDonald,0-0,0-0,30 - 30,1,sets,2:0,2:0,2.625,,0.3412379705047625,0.3529972846438968,0.3529972846438968,0.5475,0.52,0.5475,0.52,0,,,,,,,,,,,,,,,,,,,,,,,,
2026-10-01 17:10,12167522,Itf Women Singles,W100 Templeton,Hard,W. Osuigwe,E. McDonald,0-0,0-0,30 - 30,1,sets,0:2,0:2,3.4,,0.2634557860514711,0.16471233388030965,0.16471233388030965,0.5475,0.52,0.5475,0.52,0,,,,,,,,,,,,,,,,,,,,,,,,
2026-10-01 17:10,12167522,Itf Women Singles,W100 Templeton,Hard,W. Osuigwe,E. McDonald,0-0,0-0,30 - 30,1,sets,2:1,2:1,4.333,,0.20672736500692396,0.28791301809725134,0.28791301809725134,0.5475,0.52,0.5475,0.52,0,,,,,,,,,,,,,,,,,,,,,,,,
2026-10-01 17:10,12167522,Itf Women Singles,W100 Templeton,Hard,W. Osuigwe,E. McDonald,0-0,0-0,30 - 30,1,sets,1:2,1:2,4.75,,0.18857887843684243,0.19437736337854225,0.19437736337854225,0.5475,0.52,0.5475,0.52,0,,,,,,,,,,,,,,,,,,,,,,,,
2026-10-01 17:10,12167522,Itf Women Singles,W100 Templeton,Hard,W. Osuigwe,E. McDonald,0-0,0-0,30 - 30,1,ganador,,jugador1,1.75,2,0.5333333333333333,0.6409103027411477,0.6409103027411477,0.5475,0.52,0.5475,0.52,0,,,,,,,,,,,,,,,,,,,,,,,,
2026-10-01 17:10,12167521,Itf Women Singles,W100 Templeton,Hard,T. Maria,L. Ma,0-0,0-0,40 - 40,1,sets,2:0,2:0,1.533,,0.5751921731098102,0.36207708249799275,0.36207708249799275,0.63,0.5975,0.63,0.5975,0,,,,,,,,,,,,,,,,,,,,,,,,
2026-10-01 17:10,12167521,Itf Women Singles,W100 Templeton,Hard,T. Maria,L. Ma,0-0,0-0,40 - 40,1,sets,0:2,0:2,7.5,,0.1175692801836452,0.15852997715068798,0.15852997715068798,0.63,0.5975,0.63,0.5975,0,,,,,,,,,,,,,,,,,,,,,,,,
2026-10-01 17:10,12167521,Itf Women Singles,W100 Templeton,Hard,T. Maria,L. Ma,0-0,0-0,40 - 40,1,sets,2:1,2:1,4.333,,0.2035009465445047,0.29201942124866803,0.29201942124866803,0.63,0.5975,0.63,0.5975,0,,,,,,,,,,,,,,,,,,,,,,,,
2026-10-01 17:10,12167521,Itf Women Singles,W100 Templeton,Hard,T. Maria,L. Ma,0-0,0-0,40 - 40,1,sets,1:2,1:2,8.5,,0.10373760016203987,0.1873735191026512,0.1873735191026512,0.63,0.5975,0.63,0.5975,0,,,,,,,,,,,,,,,,,,,,,,,,
2026-10-01 17:10,12167521,Itf Women Singles,W100 Templeton,Hard,T. Maria,L. Ma,0-0,0-0,40 - 40,1,ganador,,jugador1,1.2,4.333,0.7831194650280138,0.6540965037466605,0.6540965037466605,0.63,0.5975,0.63,0.5975,0,,,,,,,,,,,,,,,,,,,,,,,,
2026-10-01 17:10,12167507,Itf Women Singles,W100 Templeton,Hard,M. Rapolu,A. Urhobo,0-0,0-0,0 - 15,1,sets,2:0,2:0,2.75,,0.3163444639718805,0.14729581050417082,0.14729581050417082,0.5650000000000001,0.5925,0.5650000000000001,0.5925,0,,,,,,,,,,,,,,,,,,,,,,,,
2026-10-01 17:10,12167507,Itf Women Singles,W100 Templeton,Hard,M. Rapolu,A. Urhobo,0-0,0-0,0 - 15,1,sets,0:2,0:2,2.75,,0.3163444639718805,0.3786103627716291,0.3786103627716291,0.5650000000000001,0.5925,0.5650000000000001,0.5925,0,,,,,,,,,,,,,,,,,,,,,,,,
2026-10-01 17:10,12167507,Itf Women Singles,W100 Templeton,Hard,M. Rapolu,A. Urhobo,0-0,0-0,0 - 15,1,sets,2:1,2:1,4.5,,0.1933216168717047,0.1919711619373759,0.1919711619373759,0.5650000000000001,0.5925,0.5650000000000001,0.5925,0,,,,,,,,,,,,,,,,,,,,,,,,
2026-10-01 17:10,12167507,Itf Women Singles,W100 Templeton,Hard,M. Rapolu,A. Urhobo,0-0,0-0,0 - 15,1,sets,1:2,1:2,5,,0.17398945518453426,0.28212266478682446,0.28212266478682446,0.5650000000000001,0.5925,0.5650000000000001,0.5925,0,,,,,,,,,,,,,,,,,,,,,,,,
2026-10-01 17:10,12167507,Itf Women Singles,W100 Templeton,Hard,M. Rapolu,A. Urhobo,0-0,0-0,0 - 15,1,ganador,,jugador1,1.8,1.95,0.5199999999999999,0.3392669724415467,0.3392669724415467,0.5650000000000001,0.5925,0.5650000000000001,0.5925,0,,,,,,,,,,,,,,,,,,,,,,,,
2026-10-01 17:10,12167285,Challenger Men Singles,Columbus,Hard,B. Nakashima,K. Smith,1-1,5-3,40 - A,2,total_juegos,28.5,mas,1.3,3.4,0.7234042553191489,0.9250732141227991,0.9321933898457933,0.75,0.655,0.6950000000000001,0.665,27,7.0,1.0,63.0,70,107,26,80,10,11,2,7,6.0,16.0,1.0,71.0,54,80,37,107,5,7,1,11,4.0
2026-10-01 17:10,12167285,Challenger Men Singles,Columbus,Hard,B. Nakashima,K. Smith,1-1,5-3,40 - A,2,sets,0:2,0:2,51,,0.018202640904442385,0,0,0.75,0.655,0.6950000000000001,0.665,27,7.0,1.0,63.0,70,107,26,80,10,11,2,7,6.0,16.0,1.0,71.0,54,80,37,107,5,7,1,11,4.0
2026-10-01 17:10,12167285,Challenger Men Singles,Columbus,Hard,B. Nakashima,K. Smith,1-1,5-3,40 - A,2,sets,2:1,2:1,2.375,,0.3908777625796049,0.98529408699596,0.9568942926687273,0.75,0.655,0.6950000000000001,0.665,27,7.0,1.0,63.0,70,107,26,80,10,11,2,7,6.0,16.0,1.0,71.0,54,80,37,107,5,7,1,11,4.0
2026-10-01 17:10,12167285,Challenger Men Singles,Columbus,Hard,B. Nakashima,K. Smith,1-1,5-3,40 - A,2,sets,1:2,1:2,1.571,,0.5909195965159527,0.014705913004039995,0.04310570733127267,0.75,0.655,0.6950000000000001,0.665,27,7.0,1.0,63.0,70,107,26,80,10,11,2,7,6.0,16.0,1.0,71.0,54,80,37,107,5,7,1,11,4.0
2026-10-01 17:10,12167285,Challenger Men Singles,Columbus,Hard,B. Nakashima,K. Smith,1-1,5-3,40 - A,2,ganador,,jugador1,1.083,8,0.8807662666519872,0.98529408699596,0.9568942926687273,0.75,0.655,0.6950000000000001,0.665,27,7.0,1.0,63.0,70,107,26,80,10,11,2,7,6.0,16.0,1.0,71.0,54,80,37,107,5,7,1,11,4.0
2026-10-01 17:10,12167223,Challenger Men Singles,Mouilleron-Le-Captif,Hard,C. Chidekh,U. Blanchet,1-1,5-2,0 - 0,2,total_juegos,27.5,mas,1.666,2.1,0.5576208178438662,0.7900560820671223,0.7611926571845896,0.66,0.6275000000000001,0.685,0.6125,26,5.0,2.0,68.0,46,64,33,82,3,5,3,4,5.0,5.0,1.0,65.0,49,82,18,64,1,4,2,5,5.0
2026-10-01 17:10,12167223,Challenger Men Singles,Mouilleron-Le-Captif,Hard,C. Chidekh,U. Blanchet,1-1,5-2,0 - 0,2,sets,2:0,2:0,11,,0.08332007425086184,0,0,0.66,0.6275000000000001,0.685,0.6125,26,5.0,2.0,68.0,46,64,33,82,3,5,3,4,5.0,5.0,1.0,65.0,49,82,18,64,1,4,2,5,5.0
2026-10-01 17:10,12167223,Challenger Men Singles,Mouilleron-Le-Captif,Hard,C. Chidekh,U. Blanchet,1-1,5-2,0 - 0,2,sets,2:1,2:1,1.571,,0.5833996287456908,0.9581807646954643,0.9756384703528135,0.66,0.6275000000000001,0.685,0.6125,26,5.0,2.0,68.0,46,64,33,82,3,5,3,4,5.0,5.0,1.0,65.0,49,82,18,64,1,4,2,5,5.0
2026-10-01 17:10,12167223,Challenger Men Singles,Mouilleron-Le-Captif,Hard,C. Chidekh,U. Blanchet,1-1,5-2,0 - 0,2,sets,1:2,1:2,2.75,,0.33328029700344736,0.04181923530453578,0.024361529647186485,0.66,0.6275000000000001,0.685,0.6125,26,5.0,2.0,68.0,46,64,33,82,3,5,3,4,5.0,5.0,1.0,65.0,49,82,18,64,1,4,2,5,5.0
2026-10-01 17:10,12167223,Challenger Men Singles,Mouilleron-Le-Captif,Hard,C. Chidekh,U. Blanchet,1-1,5-2,0 - 0,2,ganador,,jugador1,1.03,15,0.9357454772301934,0.9581807646954643,0.9756384703528135,0.66,0.6275000000000001,0.685,0.6125,26,5.0,2.0,68.0,46,64,33,82,3,5,3,4,5.0,5.0,1.0,65.0,49,82,18,64,1,4,2,5,5.0
