hora,event_key,tipo,torneo,jugador1,jugador2,lado,linea,prob_modelo,prob_casa,cuota_api,calibrado
2026-10-01 02:59,12167376,Itf Men Singles,M15 Luan 4,Y. Jin,T. Ichikawa,menos,16.5,0.705,0.625,1.5,True
2026-10-01 03:13,12167377,Itf Men Singles,M15 Luan 4,R. Matsuda,R. Komagata,menos,19.5,0.6947,0.6077,1.533,True
2026-10-01 03:15,12167379,Itf Men Singles,M15 Luan 4,T. Yamanaka,Y. Tomida,menos,27.5,0.7025,0.5576,1.666,True
2026-10-01 03:16,12166495,Atp Singles,Tokyo,B. Nakashima,U. Humbert,menos,16.5,0.6428,0.5576,1.666,True
2026-10-01 03:33,12166491,Atp Singles,Tokyo,L. Darderi,C. Ruud,menos,22.5,0.6321,0.6077,1.533,True
2026-10-01 03:34,12166961,Wta Singles,Beijing,Q. Zheng,H. Shi,menos,19.5,0.6879,0.5576,1.666,True
2026-10-01 03:43,12166972,Challenger Women Singles,Jingshan,A. Ibragimova,K. Okamura,menos,19.5,0.6317,0.5576,1.666,True
2026-10-01 03:52,12167383,Itf Men Singles,M15 Luan 4,Z. Zhao,M. Purcell,menos,14.5,0.6851,0.6077,1.533,True
2026-10-01 03:53,12167327,Atp Singles,Tokyo,J. Faria,A. Fery,menos,29.5,0.7549,0.6876,1.363,True
2026-10-01 03:54,12167297,Challenger Men Singles,Jingshan,L. Harris,L. Pavlovic,menos,20.5,0.6732,0.5576,1.666,True
2026-10-01 04:11,12166547,Wta Singles,Beijing,S. Kenin,A. Krueger,menos,22.5,0.7206,0.5576,1.666,True
2026-10-01 04:13,12167607,Atp Singles,Beijing,A. Molcan,T. Machac,menos,19.5,0.6842,0.6876,1.363,True
2026-10-01 04:21,12166951,Atp Singles,Tokyo,T. Fritz,J. Munar,menos,26.5,0.7299,0.625,1.5,True
