hora,event_key,tipo,torneo,jugador1,jugador2,lado,linea,prob_modelo,prob_casa,cuota_api,calibrado,regla
2026-10-03 01:55,12167644,Atp Singles,Tokyo,D. Shapovalov,A. Tabilo,menos,22.5,0.5723,0.5,1.833,True,aprendida
2026-10-03 02:04,12167880,Itf Men Singles,M15 Luan 4,N. Ehrenschneider,R. Matsuda,menos,20.5,0.5696,0.4853,1.909,True,aprendida
2026-10-03 02:55,12167618,Wta Singles,Beijing,K. Volynets,E. Mertens,menos,21.5,0.5622,0.5,1.833,True,aprendida
2026-10-03 02:56,12167622,Atp Singles,Beijing,A. De Minaur,Q. Halys,menos,22.5,0.5985,0.5147,1.8,True,aprendida
2026-10-03 02:56,12167650,Wta Singles,Beijing,D. Vekic,L. Zhu,menos,21.5,0.6744,0.5,1.833,True,aprendida
2026-10-03 02:56,12167683,Wta Singles,Beijing,C. Gauff,C. Osorio,menos,18.5,0.5818,0.5147,1.8,True,aprendida
2026-10-03 03:04,12167810,Challenger Men Singles,Jingshan,L. Harris,A. Bolt,menos,22.5,0.651,0.5366,1.727,True,aprendida
2026-10-03 03:11,12167615,Wta Singles,Beijing,A. Krueger,A. Li,menos,22.5,0.5749,0.5147,1.8,True,aprendida
2026-10-03 03:19,12167644,Atp Singles,Tokyo,D. Shapovalov,A. Tabilo,menos,30.5,0.6701,0.5576,1.666,True,actual
2026-10-03 03:31,12167615,Wta Singles,Beijing,A. Krueger,A. Li,menos,23.5,0.5612,0.5,1.833,True,aprendida
2026-10-03 03:31,12167618,Wta Singles,Beijing,K. Volynets,E. Mertens,menos,20.5,0.6416,0.5,1.833,True,aprendida
2026-10-03 03:31,12167622,Atp Singles,Beijing,A. De Minaur,Q. Halys,menos,25.5,0.5917,0.5,1.833,True,aprendida
2026-10-03 03:31,12167644,Atp Singles,Tokyo,D. Shapovalov,A. Tabilo,menos,30.5,0.6471,0.5366,1.727,True,aprendida
2026-10-03 03:31,12167650,Wta Singles,Beijing,D. Vekic,L. Zhu,menos,17.5,0.7519,0.5366,1.727,True,aprendida
2026-10-03 03:31,12167683,Wta Singles,Beijing,C. Gauff,C. Osorio,menos,18.5,0.5574,0.5,1.833,True,aprendida
2026-10-03 03:31,12167810,Challenger Men Singles,Jingshan,L. Harris,A. Bolt,menos,23.5,0.6416,0.5147,1.8,True,aprendida
2026-10-03 03:31,12167880,Itf Men Singles,M15 Luan 4,N. Ehrenschneider,R. Matsuda,menos,26.5,0.5953,0.4853,1.909,True,aprendida
2026-10-03 03:36,12167650,Wta Singles,Beijing,D. Vekic,L. Zhu,menos,17.5,0.7883,0.5889,1.571,True,actual
2026-10-03 03:54,12167644,Atp Singles,Tokyo,D. Shapovalov,A. Tabilo,menos,31.5,0.7444,0.625,1.5,True,actual
2026-10-03 04:01,12167618,Wta Singles,Beijing,K. Volynets,E. Mertens,menos,14.5,0.6963,0.5576,1.666,True,actual
2026-10-03 04:06,12167622,Atp Singles,Beijing,A. De Minaur,Q. Halys,menos,19.5,0.713,0.5576,1.666,True,actual
2026-10-03 04:08,12167683,Wta Singles,Beijing,C. Gauff,C. Osorio,menos,23.5,0.6453,0.5767,1.615,True,actual
2026-10-03 04:09,12167650,Wta Singles,Beijing,D. Vekic,L. Zhu,menos,17.5,0.6627,0.6627,1.4,True,casa65
2026-10-03 04:11,12167880,Itf Men Singles,M15 Luan 4,N. Ehrenschneider,R. Matsuda,menos,26.5,0.7658,0.625,1.5,True,actual
2026-10-03 04:13,12167615,Wta Singles,Beijing,A. Krueger,A. Li,menos,18.5,0.7815,0.6627,1.4,True,actual
2026-10-03 04:13,12167615,Wta Singles,Beijing,A. Krueger,A. Li,menos,18.5,0.6627,0.6627,1.4,True,casa65
2026-10-03 04:16,12167622,Atp Singles,Beijing,A. De Minaur,Q. Halys,menos,19.5,0.7315,0.7315,1.285,True,casa65
2026-10-03 04:23,12167810,Challenger Men Singles,Jingshan,L. Harris,A. Bolt,menos,21.5,0.8699,0.7315,1.285,True,actual
2026-10-03 04:33,12167630,Wta Singles,Beijing,M. Sakkari,S. Hunter,menos,20.5,0.5523,0.4853,1.909,True,aprendida
2026-10-03 04:33,12167643,Atp Singles,Tokyo,C. Alcaraz,M. Arnaldi,menos,18.5,0.6029,0.5,1.833,True,aprendida
2026-10-03 04:59,12167643,Atp Singles,Tokyo,C. Alcaraz,M. Arnaldi,menos,18.5,0.6914,0.5767,1.615,True,actual
2026-10-03 05:13,12167838,Challenger Women Singles,Jingshan,E. Jones,A. Shubladze,menos,20.5,0.5834,0.4853,1.909,True,aprendida
2026-10-03 05:23,12167630,Wta Singles,Beijing,M. Sakkari,S. Hunter,menos,18.5,0.6826,0.5576,1.666,True,actual
2026-10-03 05:33,12167816,Itf Men Singles,M25 Darwin,H. Hoeyeraal,C. Hoole,menos,22.5,0.5641,0.5,1.833,True,aprendida
2026-10-03 05:34,12167845,Challenger Men Singles,Jingshan,Y. Erel,M. Bellucci,menos,21.5,0.5721,0.5,1.833,True,aprendida
2026-10-03 05:36,12167631,Wta Singles,Beijing,J. Ostapenko,P. Badosa,menos,21.5,0.5355,0.4853,1.909,True,aprendida
2026-10-03 05:37,12167678,Atp Singles,Beijing,A. Rublev,R. Safiullin,menos,24.5,0.5838,0.5,1.833,True,aprendida
2026-10-03 05:43,12167630,Wta Singles,Beijing,M. Sakkari,S. Hunter,menos,14.5,0.7315,0.7315,1.285,True,casa65
2026-10-03 05:45,12167618,Wta Singles,Beijing,K. Volynets,E. Mertens,más,26.5,0.5032,0.3923,2.375,True,aprendida
2026-10-03 05:54,12167836,Challenger Women Singles,Jingshan,J. Bouzas Maneiro,A. Falei,menos,20.5,0.5589,0.5,1.833,True,aprendida
2026-10-03 06:04,12167725,Wta Singles,Beijing,X. Gao,I. Swiatek,menos,16.5,0.5925,0.5366,1.727,True,aprendida
2026-10-03 06:22,12167725,Wta Singles,Beijing,X. Gao,I. Swiatek,menos,16.5,0.6331,0.5767,1.615,True,actual
2026-10-03 06:24,12167643,Atp Singles,Tokyo,C. Alcaraz,M. Arnaldi,menos,20.5,0.6876,0.6876,1.363,True,casa65
2026-10-03 06:33,12167678,Atp Singles,Beijing,A. Rublev,R. Safiullin,menos,21.5,0.7219,0.5767,1.615,True,actual
2026-10-03 06:35,12167629,Wta Singles,Beijing,K. Siniakova,E. Svitolina,menos,23.5,0.568,0.5,1.833,True,aprendida
2026-10-03 06:41,12167838,Challenger Women Singles,Jingshan,E. Jones,A. Shubladze,menos,20.5,0.7477,0.5767,1.615,True,actual
2026-10-03 06:49,12167679,Atp Singles,Tokyo,M. Berrettini,D. Vallejo,menos,22.5,0.568,0.5,1.833,True,aprendida
2026-10-03 06:52,12167631,Wta Singles,Beijing,J. Ostapenko,P. Badosa,menos,32.5,0.64,0.5576,1.666,True,actual
2026-10-03 06:58,12167816,Itf Men Singles,M25 Darwin,H. Hoeyeraal,C. Hoole,menos,29.5,0.7448,0.625,1.5,True,actual
2026-10-03 07:10,12167881,Itf Men Singles,M15 Sharm ElSheikh 11,R. Strombachs,P. Jubb,menos,21.5,0.5682,0.5147,1.8,True,aprendida
2026-10-03 07:20,12167629,Wta Singles,Beijing,K. Siniakova,E. Svitolina,menos,24.5,0.6594,0.5889,1.571,True,actual
2026-10-03 07:23,12167896,Itf Men Singles,M15 Telavi 2 (Georgia),S. Paardekooper,D. Popko,menos,20.5,0.5359,0.4853,1.909,True,aprendida
2026-10-03 07:25,12167836,Challenger Women Singles,Jingshan,J. Bouzas Maneiro,A. Falei,menos,19.5,0.7085,0.5889,1.571,True,actual
