hora,partido,mercado,lado,mejor,casa_mejor,mediana,prob,casas
15:00,Slovenia - Scotland,Full Time Result,Home,2.7,1Bet,2.6,0.3608562051882355,50
15:00,Slovenia - Scotland,Full Time Result,Draw,3.2,20Bet,3.05,0.3076151257342336,50
15:00,Slovenia - Scotland,Full Time Result,Away,2.92,Bet9ja,2.83,0.3315286690775309,50
15:00,Slovenia - Scotland,Total Goals 2.5,Over,2.43,1xBet,2.37,0.398477157360406,35
15:00,Slovenia - Scotland,Total Goals 2.5,Under,1.62,1xBet,1.57,0.6015228426395939,35
15:00,Slovenia - Scotland,Both Teams To Score,Yes,2.0,Coral,1.95,0.47580645161290325,29
15:00,Slovenia - Scotland,Both Teams To Score,No,1.84,FanDuel,1.77,0.5241935483870968,29
18:00,San Marino - Finland,Full Time Result,Home,40.0,Mostbet,30.0,0.0316457109676843,50
18:00,San Marino - Finland,Full Time Result,Draw,11.0,20Bet,9.75,0.09737141836210554,50
18:00,San Marino - Finland,Full Time Result,Away,1.11,1Bet,1.09,0.8709828706702101,50
18:00,San Marino - Finland,Total Goals 2.5,Over,1.5,Casumo Sport,1.45,0.6446078431372548,35
18:00,San Marino - Finland,Total Goals 2.5,Under,2.75,10bet,2.63,0.35539215686274506,35
18:00,San Marino - Finland,Both Teams To Score,Yes,3.45,DraftKings,3.2,0.2888888888888889,29
18:00,San Marino - Finland,Both Teams To Score,No,1.39,Novibet,1.3,0.7111111111111111,29
18:00,Faroe Islands - Kazakhstan,Full Time Result,Home,2.38,Casumo Sport,2.25,0.4155251141552511,50
18:00,Faroe Islands - Kazakhstan,Full Time Result,Draw,3.38,1xBet,3.15,0.2968036529680365,50
18:00,Faroe Islands - Kazakhstan,Full Time Result,Away,3.35,1xBet,3.25,0.28767123287671237,50
18:00,Faroe Islands - Kazakhstan,Total Goals 2.5,Over,2.35,BetUK,2.2,0.42558746736292424,35
18:00,Faroe Islands - Kazakhstan,Total Goals 2.5,Under,1.67,1xBet,1.63,0.5744125326370757,35
18:00,Faroe Islands - Kazakhstan,Both Teams To Score,Yes,2.03,Vbet Sport,1.91,0.4851752021563342,29
18:00,Faroe Islands - Kazakhstan,Both Teams To Score,No,1.89,FanDuel,1.8,0.5148247978436657,29
18:00,Bulgaria - Luxembourg,Full Time Result,Home,2.43,Bet9ja,2.35,0.3998700797791356,50
18:00,Bulgaria - Luxembourg,Full Time Result,Draw,3.35,Casumo Sport,2.94,0.3196240433608737,50
18:00,Bulgaria - Luxembourg,Full Time Result,Away,4.1,Casumo Sport,3.35,0.2805058768599906,50
18:00,Bulgaria - Luxembourg,Total Goals 2.5,Over,2.85,bet365,2.71,0.3454106280193236,35
18:00,Bulgaria - Luxembourg,Total Goals 2.5,Under,1.6,Casumo Sport,1.43,0.6545893719806762,35
18:00,Bulgaria - Luxembourg,Both Teams To Score,Yes,2.3,Mostbet,2.2,0.4225721784776903,29
18:00,Bulgaria - Luxembourg,Both Teams To Score,No,1.75,Vbet Sport,1.61,0.5774278215223098,29
18:00,Iceland - Estonia,Full Time Result,Home,1.35,Casumo Sport,1.28,0.7346015728744063,50
18:00,Iceland - Estonia,Full Time Result,Draw,5.8,20Bet,5.45,0.1725302776659156,50
18:00,Iceland - Estonia,Full Time Result,Away,12.0,BetVictor,10.125,0.09286814945967803,50
18:00,Iceland - Estonia,Total Goals 2.5,Over,1.81,Casumo Sport,1.7,0.5526315789473685,35
18:00,Iceland - Estonia,Total Goals 2.5,Under,2.18,1xBet,2.1,0.4473684210526316,35
18:00,Iceland - Estonia,Both Teams To Score,Yes,2.32,FanDuel,2.2,0.42408376963350786,29
18:00,Iceland - Estonia,Both Teams To Score,No,1.67,DraftKings,1.62,0.5759162303664922,29
20:45,Albania - Belarus,Full Time Result,Home,1.64,1Bet,1.58,0.5939702220102792,49
20:45,Albania - Belarus,Full Time Result,Draw,4.03,1xBet,3.8,0.24696656599374767,49
20:45,Albania - Belarus,Full Time Result,Away,7.1,Vbet Sport,5.9,0.1590632119959731,49
20:45,Albania - Belarus,Total Goals 2.5,Over,2.18,Casumo Sport,2.085,0.44914134742404227,34
20:45,Albania - Belarus,Total Goals 2.5,Under,1.78,1xBet,1.7,0.5508586525759577,34
20:45,Albania - Belarus,Both Teams To Score,Yes,2.4,Vbet Sport,2.1,0.44297082228116713,28
20:45,Albania - Belarus,Both Teams To Score,No,1.73,Mostbet,1.67,0.557029177718833,28
20:45,North Macedonia - Switzerland,Full Time Result,Home,10.5,Betsson,9.0,0.10480349344978165,50
20:45,North Macedonia - Switzerland,Full Time Result,Draw,5.4,20Bet,4.8,0.19650655021834063,50
20:45,North Macedonia - Switzerland,Full Time Result,Away,1.47,Casumo Sport,1.35,0.6986899563318777,50
20:45,North Macedonia - Switzerland,Total Goals 2.5,Over,1.94,1Bet,1.85,0.5066666666666666,35
20:45,North Macedonia - Switzerland,Total Goals 2.5,Under,2.05,Ivibet,1.9,0.49333333333333335,35
20:45,North Macedonia - Switzerland,Both Teams To Score,Yes,2.38,Betsson,2.25,0.41253263707571797,29
20:45,North Macedonia - Switzerland,Both Teams To Score,No,1.75,Vbet Sport,1.58,0.5874673629242819,29
20:45,Czech Republic - Croatia,Full Time Result,Home,3.75,20Bet,3.55,0.2669519114500977,50
20:45,Czech Republic - Croatia,Full Time Result,Draw,3.65,20Bet,3.5,0.2707655101850991,50
20:45,Czech Republic - Croatia,Full Time Result,Away,2.12,Bet9ja,2.05,0.46228257836480335,50
20:45,Czech Republic - Croatia,Total Goals 2.5,Over,1.88,GG.BET,1.8,0.5263157894736842,36
20:45,Czech Republic - Croatia,Total Goals 2.5,Under,2.08,20Bet,2.0,0.47368421052631576,36
20:45,Czech Republic - Croatia,Both Teams To Score,Yes,1.68,Novibet,1.65,0.5634920634920635,28
20:45,Czech Republic - Croatia,Both Teams To Score,No,2.26,FanDuel,2.13,0.4365079365079365,28
20:45,England - Spain,Full Time Result,Home,3.6,Fezbet,3.4,0.2778689607755641,50
20:45,England - Spain,Full Time Result,Draw,3.65,20Bet,3.43,0.2754386200107632,50
20:45,England - Spain,Full Time Result,Away,2.55,Casumo Sport,2.115,0.4466924192136727,50
20:45,England - Spain,Total Goals 2.5,Over,1.87,Vbet Sport,1.7,0.5526315789473685,35
20:45,England - Spain,Total Goals 2.5,Under,2.23,20Bet,2.1,0.4473684210526316,35
20:45,England - Spain,Both Teams To Score,Yes,1.67,Vbet Sport,1.57,0.5900783289817232,29
20:45,England - Spain,Both Teams To Score,No,2.42,20Bet,2.26,0.40992167101827676,29
20:45,Slovakia - Moldova,Full Time Result,Home,1.3,Casumo Sport,1.15,0.8209056429438985,50
20:45,Slovakia - Moldova,Full Time Result,Draw,8.2,20Bet,7.325,0.1288793842164482,50
20:45,Slovakia - Moldova,Full Time Result,Away,24.0,Betano,18.8,0.05021497283965336,50
20:45,Slovakia - Moldova,Total Goals 2.5,Over,1.74,Casumo Sport,1.57,0.5974358974358973,35
20:45,Slovakia - Moldova,Total Goals 2.5,Under,2.42,20Bet,2.33,0.4025641025641025,35
20:45,Slovakia - Moldova,Both Teams To Score,Yes,3.0,FanDuel,2.65,0.35207823960880197,29
20:45,Slovakia - Moldova,Both Teams To Score,No,1.5,Betano,1.44,0.647921760391198,29
