hora,event_key,tipo,torneo,superficie,jugador1,jugador2,mejor_de,p_saque1,p_saque2,gana1_modelo,gana1_casa,linea,mas_modelo,mas_casa,cuota_mas,cuota_menos,principal,esperado_modelo
2026-10-02 00:15,12167293,Wta Singles,Beijing,Hard,M. Timofeeva,N. Osaka,3,0.5325,0.635,0.0907,0.2383,15.5,0.912,0.8451,1.1,6.0,0,21.62
2026-10-02 00:15,12167293,Wta Singles,Beijing,Hard,M. Timofeeva,N. Osaka,3,0.5325,0.635,0.0907,0.2383,16.5,0.8302,0.758,1.21,3.79,0,21.62
2026-10-02 00:15,12167293,Wta Singles,Beijing,Hard,M. Timofeeva,N. Osaka,3,0.5325,0.635,0.0907,0.2383,17.5,0.7269,0.6719,1.37,2.805,0,21.62
2026-10-02 00:15,12167293,Wta Singles,Beijing,Hard,M. Timofeeva,N. Osaka,3,0.5325,0.635,0.0907,0.2383,18.5,0.6266,0.5914,1.565,2.265,0,21.62
2026-10-02 00:15,12167293,Wta Singles,Beijing,Hard,M. Timofeeva,N. Osaka,3,0.5325,0.635,0.0907,0.2383,19.5,0.5382,0.5129,1.8,1.895,1,21.62
2026-10-02 00:15,12167293,Wta Singles,Beijing,Hard,M. Timofeeva,N. Osaka,3,0.5325,0.635,0.0907,0.2383,20.5,0.4627,0.4637,1.995,1.725,0,21.62
2026-10-02 00:15,12167293,Wta Singles,Beijing,Hard,M. Timofeeva,N. Osaka,3,0.5325,0.635,0.0907,0.2383,21.5,0.4083,0.4218,2.1799999999999997,1.5899999999999999,0,21.62
2026-10-02 00:15,12167293,Wta Singles,Beijing,Hard,M. Timofeeva,N. Osaka,3,0.5325,0.635,0.0907,0.2383,22.5,0.3493,0.3764,2.435,1.47,0,21.62
2026-10-02 00:15,12167293,Wta Singles,Beijing,Hard,M. Timofeeva,N. Osaka,3,0.5325,0.635,0.0907,0.2383,23.5,0.3133,0.3512,2.605,1.4100000000000001,0,21.62
2026-10-02 00:15,12167293,Wta Singles,Beijing,Hard,M. Timofeeva,N. Osaka,3,0.5325,0.635,0.0907,0.2383,24.5,0.2939,0.3472,2.67,1.42,0,21.62
2026-10-02 00:15,12167293,Wta Singles,Beijing,Hard,M. Timofeeva,N. Osaka,3,0.5325,0.635,0.0907,0.2383,25.5,0.2603,0.3178,2.92,1.36,0,21.62
2026-10-02 00:15,12167293,Wta Singles,Beijing,Hard,M. Timofeeva,N. Osaka,3,0.5325,0.635,0.0907,0.2383,26.5,0.2245,0.2841,3.25,1.29,0,21.62
2026-10-02 00:15,12167293,Wta Singles,Beijing,Hard,M. Timofeeva,N. Osaka,3,0.5325,0.635,0.0907,0.2383,27.5,0.1915,0.251,3.7,1.24,0,21.62
2026-10-02 00:15,12167293,Wta Singles,Beijing,Hard,M. Timofeeva,N. Osaka,3,0.5325,0.635,0.0907,0.2383,28.5,0.1569,0.2173,4.25,1.18,0,21.62
2026-10-02 00:15,12167293,Wta Singles,Beijing,Hard,M. Timofeeva,N. Osaka,3,0.5325,0.635,0.0907,0.2383,29.5,0.1222,0.1814,5.1,1.13,0,21.62
2026-10-02 00:15,12167294,Wta Singles,Beijing,Hard,D. Yastremska,M. Chwalinska,3,0.5425,0.5775,0.3213,0.3585,15.5,0.9637,0.8451,1.1,6.0,0,23.99
2026-10-02 00:15,12167294,Wta Singles,Beijing,Hard,D. Yastremska,M. Chwalinska,3,0.5425,0.5775,0.3213,0.3585,16.5,0.9209,0.8255,1.12,5.3,0,23.99
2026-10-02 00:15,12167294,Wta Singles,Beijing,Hard,D. Yastremska,M. Chwalinska,3,0.5425,0.5775,0.3213,0.3585,17.5,0.8576,0.7238,1.2650000000000001,3.315,0,23.99
2026-10-02 00:15,12167294,Wta Singles,Beijing,Hard,D. Yastremska,M. Chwalinska,3,0.5425,0.5775,0.3213,0.3585,18.5,0.7856,0.645,1.42,2.58,0,23.99
2026-10-02 00:15,12167294,Wta Singles,Beijing,Hard,D. Yastremska,M. Chwalinska,3,0.5425,0.5775,0.3213,0.3585,19.5,0.7123,0.5712,1.6099999999999999,2.145,0,23.99
2026-10-02 00:15,12167294,Wta Singles,Beijing,Hard,D. Yastremska,M. Chwalinska,3,0.5425,0.5775,0.3213,0.3585,20.5,0.6456,0.527,1.75,1.95,1,23.99
2026-10-02 00:15,12167294,Wta Singles,Beijing,Hard,D. Yastremska,M. Chwalinska,3,0.5425,0.5775,0.3213,0.3585,21.5,0.5948,0.4711,2.01,1.79,0,23.99
2026-10-02 00:15,12167294,Wta Singles,Beijing,Hard,D. Yastremska,M. Chwalinska,3,0.5425,0.5775,0.3213,0.3585,22.5,0.53,0.4128,2.24,1.5750000000000002,0,23.99
2026-10-02 00:15,12167294,Wta Singles,Beijing,Hard,D. Yastremska,M. Chwalinska,3,0.5425,0.5775,0.3213,0.3585,23.5,0.4862,0.3785,2.4299999999999997,1.48,0,23.99
2026-10-02 00:15,12167294,Wta Singles,Beijing,Hard,D. Yastremska,M. Chwalinska,3,0.5425,0.5775,0.3213,0.3585,24.5,0.461,0.3588,2.555,1.43,0,23.99
2026-10-02 00:15,12167294,Wta Singles,Beijing,Hard,D. Yastremska,M. Chwalinska,3,0.5425,0.5775,0.3213,0.3585,25.5,0.4161,0.3192,2.9,1.36,0,23.99
2026-10-02 00:15,12167294,Wta Singles,Beijing,Hard,D. Yastremska,M. Chwalinska,3,0.5425,0.5775,0.3213,0.3585,26.5,0.3668,0.2857,3.25,1.3,0,23.99
2026-10-02 00:15,12167294,Wta Singles,Beijing,Hard,D. Yastremska,M. Chwalinska,3,0.5425,0.5775,0.3213,0.3585,27.5,0.3191,0.2735,3.4,1.28,0,23.99
2026-10-02 00:15,12167294,Wta Singles,Beijing,Hard,D. Yastremska,M. Chwalinska,3,0.5425,0.5775,0.3213,0.3585,28.5,0.267,0.2406,3.85,1.22,0,23.99
2026-10-02 00:15,12167294,Wta Singles,Beijing,Hard,D. Yastremska,M. Chwalinska,3,0.5425,0.5775,0.3213,0.3585,29.5,0.2134,0.2032,4.55,1.16,0,23.99
2026-10-02 00:15,12167294,Wta Singles,Beijing,Hard,D. Yastremska,M. Chwalinska,3,0.5425,0.5775,0.3213,0.3585,30.5,0.1622,0.1718,5.4,1.12,0,23.99
2026-10-02 00:15,12167299,Wta Singles,Beijing,Hard,A. Potapova,S. Kraus,3,0.5825,0.535,0.7356,0.7234,15.5,0.956,0.8406,1.1,5.8,0,23.62
2026-10-02 00:15,12167299,Wta Singles,Beijing,Hard,A. Potapova,S. Kraus,3,0.5825,0.535,0.7356,0.7234,16.5,0.9072,0.7553,1.2149999999999999,3.75,0,23.62
2026-10-02 00:15,12167299,Wta Singles,Beijing,Hard,A. Potapova,S. Kraus,3,0.5825,0.535,0.7356,0.7234,17.5,0.838,0.6746,1.3599999999999999,2.8200000000000003,0,23.62
2026-10-02 00:15,12167299,Wta Singles,Beijing,Hard,A. Potapova,S. Kraus,3,0.5825,0.535,0.7356,0.7234,18.5,0.7619,0.595,1.545,2.27,0,23.62
2026-10-02 00:15,12167299,Wta Singles,Beijing,Hard,A. Potapova,S. Kraus,3,0.5825,0.535,0.7356,0.7234,19.5,0.6864,0.5416,1.71,2.02,0,23.62
2026-10-02 00:15,12167299,Wta Singles,Beijing,Hard,A. Potapova,S. Kraus,3,0.5825,0.535,0.7356,0.7234,20.5,0.6185,0.4771,1.94,1.77,1,23.62
2026-10-02 00:15,12167299,Wta Singles,Beijing,Hard,A. Potapova,S. Kraus,3,0.5825,0.535,0.7356,0.7234,21.5,0.567,0.4335,2.13,1.63,0,23.62
2026-10-02 00:15,12167299,Wta Singles,Beijing,Hard,A. Potapova,S. Kraus,3,0.5825,0.535,0.7356,0.7234,22.5,0.5033,0.3768,2.44,1.475,0,23.62
2026-10-02 00:15,12167299,Wta Singles,Beijing,Hard,A. Potapova,S. Kraus,3,0.5825,0.535,0.7356,0.7234,23.5,0.4608,0.3503,2.615,1.41,0,23.62
2026-10-02 00:15,12167299,Wta Singles,Beijing,Hard,A. Potapova,S. Kraus,3,0.5825,0.535,0.7356,0.7234,24.5,0.4358,0.3398,2.72,1.4,0,23.62
2026-10-02 00:15,12167299,Wta Singles,Beijing,Hard,A. Potapova,S. Kraus,3,0.5825,0.535,0.7356,0.7234,25.5,0.392,0.3088,3.0,1.34,0,23.62
2026-10-02 00:15,12167299,Wta Singles,Beijing,Hard,A. Potapova,S. Kraus,3,0.5825,0.535,0.7356,0.7234,26.5,0.3444,0.2795,3.3,1.28,0,23.62
2026-10-02 00:15,12167299,Wta Singles,Beijing,Hard,A. Potapova,S. Kraus,3,0.5825,0.535,0.7356,0.7234,27.5,0.2984,0.2495,3.7,1.23,0,23.62
2026-10-02 00:15,12167299,Wta Singles,Beijing,Hard,A. Potapova,S. Kraus,3,0.5825,0.535,0.7356,0.7234,28.5,0.2484,0.2173,4.25,1.18,0,23.62
2026-10-02 00:15,12167299,Wta Singles,Beijing,Hard,A. Potapova,S. Kraus,3,0.5825,0.535,0.7356,0.7234,29.5,0.1974,0.1857,5.0,1.14,0,23.62
2026-10-02 00:15,12167299,Wta Singles,Beijing,Hard,A. Potapova,S. Kraus,3,0.5825,0.535,0.7356,0.7234,30.5,0.1492,0.1571,5.9,1.1,0,23.62
2026-10-02 00:15,12167300,Wta Singles,Beijing,Hard,J. Tjen,D. Shnaider,3,0.59,0.6525,0.2139,0.2936,16.5,0.9374,0.7968,1.16,4.55,0,24.04
2026-10-02 00:15,12167300,Wta Singles,Beijing,Hard,J. Tjen,D. Shnaider,3,0.59,0.6525,0.2139,0.2936,17.5,0.8727,0.7143,1.28,3.2,0,24.04
2026-10-02 00:15,12167300,Wta Singles,Beijing,Hard,J. Tjen,D. Shnaider,3,0.59,0.6525,0.2139,0.2936,18.5,0.7973,0.6338,1.45,2.51,0,24.04
2026-10-02 00:15,12167300,Wta Singles,Beijing,Hard,J. Tjen,D. Shnaider,3,0.59,0.6525,0.2139,0.2936,19.5,0.7144,0.5632,1.64,2.115,0,24.04
2026-10-02 00:15,12167300,Wta Singles,Beijing,Hard,J. Tjen,D. Shnaider,3,0.59,0.6525,0.2139,0.2936,20.5,0.637,0.5013,1.86,1.87,1,24.04
2026-10-02 00:15,12167300,Wta Singles,Beijing,Hard,J. Tjen,D. Shnaider,3,0.59,0.6525,0.2139,0.2936,21.5,0.5822,0.4533,2.05,1.7,0,24.04
2026-10-02 00:15,12167300,Wta Singles,Beijing,Hard,J. Tjen,D. Shnaider,3,0.59,0.6525,0.2139,0.2936,22.5,0.5063,0.4008,2.295,1.5350000000000001,0,24.04
2026-10-02 00:15,12167300,Wta Singles,Beijing,Hard,J. Tjen,D. Shnaider,3,0.59,0.6525,0.2139,0.2936,23.5,0.4526,0.368,2.49,1.45,0,24.04
2026-10-02 00:15,12167300,Wta Singles,Beijing,Hard,J. Tjen,D. Shnaider,3,0.59,0.6525,0.2139,0.2936,24.5,0.4373,0.3547,2.62,1.44,0,24.04
2026-10-02 00:15,12167300,Wta Singles,Beijing,Hard,J. Tjen,D. Shnaider,3,0.59,0.6525,0.2139,0.2936,25.5,0.4001,0.3246,2.85,1.37,0,24.04
2026-10-02 00:15,12167300,Wta Singles,Beijing,Hard,J. Tjen,D. Shnaider,3,0.59,0.6525,0.2139,0.2936,26.5,0.3549,0.2937,3.15,1.31,0,24.04
2026-10-02 00:15,12167300,Wta Singles,Beijing,Hard,J. Tjen,D. Shnaider,3,0.59,0.6525,0.2139,0.2936,27.5,0.3178,0.2647,3.5,1.26,0,24.04
2026-10-02 00:15,12167300,Wta Singles,Beijing,Hard,J. Tjen,D. Shnaider,3,0.59,0.6525,0.2139,0.2936,28.5,0.2749,0.2308,4.0,1.2,0,24.04
2026-10-02 00:15,12167300,Wta Singles,Beijing,Hard,J. Tjen,D. Shnaider,3,0.59,0.6525,0.2139,0.2936,29.5,0.2293,0.1997,4.65,1.16,0,24.04
2026-10-02 00:15,12167300,Wta Singles,Beijing,Hard,J. Tjen,D. Shnaider,3,0.59,0.6525,0.2139,0.2936,30.5,0.1836,0.1679,5.5,1.11,0,24.04
2026-10-02 00:15,12167306,Wta Singles,Beijing,Hard,V. Golubic,P. Stearns,3,0.55,0.5675,0.4082,0.3975,16.5,0.932,0.8034,1.15,4.7,0,24.31
2026-10-02 00:15,12167306,Wta Singles,Beijing,Hard,V. Golubic,P. Stearns,3,0.55,0.5675,0.4082,0.3975,17.5,0.8738,0.7182,1.275,3.25,0,24.31
2026-10-02 00:15,12167306,Wta Singles,Beijing,Hard,V. Golubic,P. Stearns,3,0.55,0.5675,0.4082,0.3975,18.5,0.8057,0.6601,1.3900000000000001,2.7,0,24.31
2026-10-02 00:15,12167306,Wta Singles,Beijing,Hard,V. Golubic,P. Stearns,3,0.55,0.5675,0.4082,0.3975,19.5,0.7347,0.5895,1.56,2.24,0,24.31
2026-10-02 00:15,12167306,Wta Singles,Beijing,Hard,V. Golubic,P. Stearns,3,0.55,0.5675,0.4082,0.3975,20.5,0.6694,0.5358,1.75,2.02,0,24.31
2026-10-02 00:15,12167306,Wta Singles,Beijing,Hard,V. Golubic,P. Stearns,3,0.55,0.5675,0.4082,0.3975,21.5,0.6194,0.4832,1.92,1.795,1,24.31
2026-10-02 00:15,12167306,Wta Singles,Beijing,Hard,V. Golubic,P. Stearns,3,0.55,0.5675,0.4082,0.3975,22.5,0.5541,0.4229,2.19,1.605,0,24.31
2026-10-02 00:15,12167306,Wta Singles,Beijing,Hard,V. Golubic,P. Stearns,3,0.55,0.5675,0.4082,0.3975,23.5,0.5093,0.3907,2.355,1.51,0,24.31
2026-10-02 00:15,12167306,Wta Singles,Beijing,Hard,V. Golubic,P. Stearns,3,0.55,0.5675,0.4082,0.3975,24.5,0.4837,0.3668,2.495,1.4449999999999998,0,24.31
2026-10-02 00:15,12167306,Wta Singles,Beijing,Hard,V. Golubic,P. Stearns,3,0.55,0.5675,0.4082,0.3975,25.5,0.4377,0.3246,2.85,1.37,0,24.31
2026-10-02 00:15,12167306,Wta Singles,Beijing,Hard,V. Golubic,P. Stearns,3,0.55,0.5675,0.4082,0.3975,26.5,0.3869,0.2905,3.2,1.31,0,24.31
2026-10-02 00:15,12167306,Wta Singles,Beijing,Hard,V. Golubic,P. Stearns,3,0.55,0.5675,0.4082,0.3975,27.5,0.3375,0.2577,3.6,1.25,0,24.31
2026-10-02 00:15,12167306,Wta Singles,Beijing,Hard,V. Golubic,P. Stearns,3,0.55,0.5675,0.4082,0.3975,28.5,0.2832,0.2228,4.15,1.19,0,24.31
2026-10-02 00:15,12167306,Wta Singles,Beijing,Hard,V. Golubic,P. Stearns,3,0.55,0.5675,0.4082,0.3975,29.5,0.2272,0.1887,4.9,1.14,0,24.31
2026-10-02 00:15,12167306,Wta Singles,Beijing,Hard,V. Golubic,P. Stearns,3,0.55,0.5675,0.4082,0.3975,30.5,0.1734,0.1571,5.9,1.1,0,24.31
2026-10-02 00:15,12167307,Wta Singles,Beijing,Hard,J. Paolini,D. Snigur,3,0.54,0.5700000000000001,0.3451,0.6234,16.5,0.9228,0.8346,1.11,5.6,0,24.06
2026-10-02 00:15,12167307,Wta Singles,Beijing,Hard,J. Paolini,D. Snigur,3,0.54,0.5700000000000001,0.3451,0.6234,17.5,0.8608,0.7479,1.225,3.635,0,24.06
2026-10-02 00:15,12167307,Wta Singles,Beijing,Hard,J. Paolini,D. Snigur,3,0.54,0.5700000000000001,0.3451,0.6234,18.5,0.7899,0.6859,1.335,2.915,0,24.06
2026-10-02 00:15,12167307,Wta Singles,Beijing,Hard,J. Paolini,D. Snigur,3,0.54,0.5700000000000001,0.3451,0.6234,19.5,0.7176,0.6152,1.495,2.3899999999999997,0,24.06
2026-10-02 00:15,12167307,Wta Singles,Beijing,Hard,J. Paolini,D. Snigur,3,0.54,0.5700000000000001,0.3451,0.6234,20.5,0.6517,0.5496,1.68,2.05,0,24.06
2026-10-02 00:15,12167307,Wta Singles,Beijing,Hard,J. Paolini,D. Snigur,3,0.54,0.5700000000000001,0.3451,0.6234,21.5,0.6012,0.4987,1.87,1.86,1,24.06
2026-10-02 00:15,12167307,Wta Singles,Beijing,Hard,J. Paolini,D. Snigur,3,0.54,0.5700000000000001,0.3451,0.6234,22.5,0.5367,0.4471,2.065,1.67,0,24.06
2026-10-02 00:15,12167307,Wta Singles,Beijing,Hard,J. Paolini,D. Snigur,3,0.54,0.5700000000000001,0.3451,0.6234,23.5,0.493,0.4037,2.26,1.53,0,24.06
2026-10-02 00:15,12167307,Wta Singles,Beijing,Hard,J. Paolini,D. Snigur,3,0.54,0.5700000000000001,0.3451,0.6234,24.5,0.4672,0.3914,2.34,1.505,0,24.06
2026-10-02 00:15,12167307,Wta Singles,Beijing,Hard,J. Paolini,D. Snigur,3,0.54,0.5700000000000001,0.3451,0.6234,25.5,0.4216,0.3625,2.55,1.45,0,24.06
2026-10-02 00:15,12167307,Wta Singles,Beijing,Hard,J. Paolini,D. Snigur,3,0.54,0.5700000000000001,0.3451,0.6234,26.5,0.3717,0.3246,2.85,1.37,0,24.06
2026-10-02 00:15,12167307,Wta Singles,Beijing,Hard,J. Paolini,D. Snigur,3,0.54,0.5700000000000001,0.3451,0.6234,27.5,0.3231,0.2937,3.15,1.31,0,24.06
2026-10-02 00:15,12167307,Wta Singles,Beijing,Hard,J. Paolini,D. Snigur,3,0.54,0.5700000000000001,0.3451,0.6234,28.5,0.27,0.2536,3.65,1.24,0,24.06
2026-10-02 00:15,12167307,Wta Singles,Beijing,Hard,J. Paolini,D. Snigur,3,0.54,0.5700000000000001,0.3451,0.6234,29.5,0.2155,0.212,4.35,1.17,0,24.06
2026-10-02 00:15,12167307,Wta Singles,Beijing,Hard,J. Paolini,D. Snigur,3,0.54,0.5700000000000001,0.3451,0.6234,30.5,0.1636,0.1745,5.3,1.12,0,24.06
2026-10-02 00:15,12167308,Wta Singles,Beijing,Hard,C. Tauson,P. Kudermetova,3,0.6125,0.58,0.6633,0.6595,16.5,0.9437,0.837,1.11,5.7,0,24.5
2026-10-02 00:15,12167308,Wta Singles,Beijing,Hard,C. Tauson,P. Kudermetova,3,0.6125,0.58,0.6633,0.6595,17.5,0.887,0.7316,1.255,3.42,0,24.5
2026-10-02 00:15,12167308,Wta Singles,Beijing,Hard,C. Tauson,P. Kudermetova,3,0.6125,0.58,0.6633,0.6595,18.5,0.8193,0.6762,1.355,2.83,0,24.5
2026-10-02 00:15,12167308,Wta Singles,Beijing,Hard,C. Tauson,P. Kudermetova,3,0.6125,0.58,0.6633,0.6595,19.5,0.7449,0.6029,1.525,2.315,0,24.5
2026-10-02 00:15,12167308,Wta Singles,Beijing,Hard,C. Tauson,P. Kudermetova,3,0.6125,0.58,0.6633,0.6595,20.5,0.675,0.531,1.74,1.97,0,24.5
2026-10-02 00:15,12167308,Wta Singles,Beijing,Hard,C. Tauson,P. Kudermetova,3,0.6125,0.58,0.6633,0.6595,21.5,0.6238,0.488,1.915,1.8250000000000002,1,24.5
2026-10-02 00:15,12167308,Wta Singles,Beijing,Hard,C. Tauson,P. Kudermetova,3,0.6125,0.58,0.6633,0.6595,22.5,0.5532,0.4416,2.15,1.7,0,24.5
2026-10-02 00:15,12167308,Wta Singles,Beijing,Hard,C. Tauson,P. Kudermetova,3,0.6125,0.58,0.6633,0.6595,23.5,0.5033,0.3987,2.3150000000000004,1.5350000000000001,0,24.5
2026-10-02 00:15,12167308,Wta Singles,Beijing,Hard,C. Tauson,P. Kudermetova,3,0.6125,0.58,0.6633,0.6595,24.5,0.4835,0.3764,2.435,1.47,0,24.5
2026-10-02 00:15,12167308,Wta Singles,Beijing,Hard,C. Tauson,P. Kudermetova,3,0.6125,0.58,0.6633,0.6595,25.5,0.4415,0.3703,2.5,1.47,0,24.5
2026-10-02 00:15,12167308,Wta Singles,Beijing,Hard,C. Tauson,P. Kudermetova,3,0.6125,0.58,0.6633,0.6595,26.5,0.3924,0.3341,2.77,1.39,0,24.5
2026-10-02 00:15,12167308,Wta Singles,Beijing,Hard,C. Tauson,P. Kudermetova,3,0.6125,0.58,0.6633,0.6595,27.5,0.3481,0.2937,3.15,1.31,0,24.5
2026-10-02 00:15,12167308,Wta Singles,Beijing,Hard,C. Tauson,P. Kudermetova,3,0.6125,0.58,0.6633,0.6595,28.5,0.2978,0.2562,3.6,1.24,0,24.5
2026-10-02 00:15,12167308,Wta Singles,Beijing,Hard,C. Tauson,P. Kudermetova,3,0.6125,0.58,0.6633,0.6595,29.5,0.2447,0.2153,4.3,1.18,0,24.5
2026-10-02 00:15,12167308,Wta Singles,Beijing,Hard,C. Tauson,P. Kudermetova,3,0.6125,0.58,0.6633,0.6595,30.5,0.1924,0.1785,5.2,1.13,0,24.5
2026-10-02 00:15,12167313,Wta Singles,Beijing,Hard,E. Alexandrova,A. Sasnovich,3,0.6,0.5650000000000001,0.6766,0.5699,16.5,0.9334,0.8484,1.09,6.1,0,24.24
2026-10-02 00:15,12167313,Wta Singles,Beijing,Hard,E. Alexandrova,A. Sasnovich,3,0.6,0.5650000000000001,0.6766,0.5699,17.5,0.8731,0.7847,1.18,4.3,0,24.24
2026-10-02 00:15,12167313,Wta Singles,Beijing,Hard,E. Alexandrova,A. Sasnovich,3,0.6,0.5650000000000001,0.6766,0.5699,18.5,0.8028,0.7132,1.2850000000000001,3.1950000000000003,0,24.24
2026-10-02 00:15,12167313,Wta Singles,Beijing,Hard,E. Alexandrova,A. Sasnovich,3,0.6,0.5650000000000001,0.6766,0.5699,19.5,0.7285,0.6429,1.43,2.575,0,24.24
2026-10-02 00:15,12167313,Wta Singles,Beijing,Hard,E. Alexandrova,A. Sasnovich,3,0.6,0.5650000000000001,0.6766,0.5699,20.5,0.6598,0.5778,1.6,2.1900000000000004,0,24.24
2026-10-02 00:15,12167313,Wta Singles,Beijing,Hard,E. Alexandrova,A. Sasnovich,3,0.6,0.5650000000000001,0.6766,0.5699,21.5,0.6085,0.5214,1.79,1.95,1,24.24
2026-10-02 00:15,12167313,Wta Singles,Beijing,Hard,E. Alexandrova,A. Sasnovich,3,0.6,0.5650000000000001,0.6766,0.5699,22.5,0.5406,0.4597,2.01,1.71,0,24.24
2026-10-02 00:15,12167313,Wta Singles,Beijing,Hard,E. Alexandrova,A. Sasnovich,3,0.6,0.5650000000000001,0.6766,0.5699,23.5,0.4937,0.4293,2.14,1.6099999999999999,0,24.24
2026-10-02 00:15,12167313,Wta Singles,Beijing,Hard,E. Alexandrova,A. Sasnovich,3,0.6,0.5650000000000001,0.6766,0.5699,24.5,0.4717,0.409,2.24,1.55,0,24.24
2026-10-02 00:15,12167313,Wta Singles,Beijing,Hard,E. Alexandrova,A. Sasnovich,3,0.6,0.5650000000000001,0.6766,0.5699,25.5,0.4285,0.3774,2.425,1.47,0,24.24
2026-10-02 00:15,12167313,Wta Singles,Beijing,Hard,E. Alexandrova,A. Sasnovich,3,0.6,0.5650000000000001,0.6766,0.5699,26.5,0.3795,0.3415,2.7,1.4,0,24.24
2026-10-02 00:15,12167313,Wta Singles,Beijing,Hard,E. Alexandrova,A. Sasnovich,3,0.6,0.5650000000000001,0.6766,0.5699,27.5,0.3337,0.3037,3.05,1.33,0,24.24
2026-10-02 00:15,12167313,Wta Singles,Beijing,Hard,E. Alexandrova,A. Sasnovich,3,0.6,0.5650000000000001,0.6766,0.5699,28.5,0.2827,0.2647,3.5,1.26,0,24.24
2026-10-02 00:15,12167313,Wta Singles,Beijing,Hard,E. Alexandrova,A. Sasnovich,3,0.6,0.5650000000000001,0.6766,0.5699,29.5,0.2295,0.2228,4.15,1.19,0,24.24
2026-10-02 00:15,12167313,Wta Singles,Beijing,Hard,E. Alexandrova,A. Sasnovich,3,0.6,0.5650000000000001,0.6766,0.5699,30.5,0.1777,0.1857,5.0,1.14,0,24.24
2026-10-02 00:15,12167316,Wta Singles,Beijing,Hard,S. Bejlek,M. Inglis,3,0.6175,0.545,0.8286,0.7096,15.5,0.9452,0.8406,1.1,5.8,0,22.94
2026-10-02 00:15,12167316,Wta Singles,Beijing,Hard,S. Bejlek,M. Inglis,3,0.6175,0.545,0.8286,0.7096,16.5,0.8871,0.7943,1.1549999999999998,4.46,0,22.94
2026-10-02 00:15,12167316,Wta Singles,Beijing,Hard,S. Bejlek,M. Inglis,3,0.6175,0.545,0.8286,0.7096,17.5,0.8056,0.7279,1.26,3.37,0,22.94
2026-10-02 00:15,12167316,Wta Singles,Beijing,Hard,S. Bejlek,M. Inglis,3,0.6175,0.545,0.8286,0.7096,18.5,0.7196,0.6481,1.42,2.615,0,22.94
2026-10-02 00:15,12167316,Wta Singles,Beijing,Hard,S. Bejlek,M. Inglis,3,0.6175,0.545,0.8286,0.7096,19.5,0.6373,0.5771,1.605,2.19,0,22.94
2026-10-02 00:15,12167316,Wta Singles,Beijing,Hard,S. Bejlek,M. Inglis,3,0.6175,0.545,0.8286,0.7096,20.5,0.5641,0.5013,1.85,1.86,1,22.94
2026-10-02 00:15,12167316,Wta Singles,Beijing,Hard,S. Bejlek,M. Inglis,3,0.6175,0.545,0.8286,0.7096,21.5,0.5102,0.4678,1.9849999999999999,1.745,0,22.94
2026-10-02 00:15,12167316,Wta Singles,Beijing,Hard,S. Bejlek,M. Inglis,3,0.6175,0.545,0.8286,0.7096,22.5,0.4459,0.4163,2.215,1.58,0,22.94
2026-10-02 00:15,12167316,Wta Singles,Beijing,Hard,S. Bejlek,M. Inglis,3,0.6175,0.545,0.8286,0.7096,23.5,0.4041,0.3827,2.395,1.4849999999999999,0,22.94
2026-10-02 00:15,12167316,Wta Singles,Beijing,Hard,S. Bejlek,M. Inglis,3,0.6175,0.545,0.8286,0.7096,24.5,0.3828,0.3827,2.42,1.5,0,22.94
2026-10-02 00:15,12167316,Wta Singles,Beijing,Hard,S. Bejlek,M. Inglis,3,0.6175,0.545,0.8286,0.7096,25.5,0.3437,0.3489,2.65,1.42,0,22.94
2026-10-02 00:15,12167316,Wta Singles,Beijing,Hard,S. Bejlek,M. Inglis,3,0.6175,0.545,0.8286,0.7096,26.5,0.3008,0.2765,3.35,1.28,0,22.94
2026-10-02 00:15,12167316,Wta Singles,Beijing,Hard,S. Bejlek,M. Inglis,3,0.6175,0.545,0.8286,0.7096,27.5,0.2608,0.2495,3.7,1.23,0,22.94
2026-10-02 00:15,12167316,Wta Singles,Beijing,Hard,S. Bejlek,M. Inglis,3,0.6175,0.545,0.8286,0.7096,28.5,0.2175,0.2173,4.25,1.18,0,22.94
2026-10-02 00:15,12167316,Wta Singles,Beijing,Hard,S. Bejlek,M. Inglis,3,0.6175,0.545,0.8286,0.7096,29.5,0.1731,0.1857,5.0,1.14,0,22.94
2026-10-02 00:15,12167316,Wta Singles,Beijing,Hard,S. Bejlek,M. Inglis,3,0.6175,0.545,0.8286,0.7096,30.5,0.1312,0.1594,5.8,1.1,0,22.94
2026-10-02 00:15,12167323,Wta Singles,Beijing,Hard,L. Fruhvirtova,L. Samsonova,3,0.545,0.6075,0.206,0.2337,15.5,0.9515,0.8186,1.13,5.1,0,23.28
2026-10-02 00:15,12167323,Wta Singles,Beijing,Hard,L. Fruhvirtova,L. Samsonova,3,0.545,0.6075,0.206,0.2337,16.5,0.8985,0.7565,1.2149999999999999,3.7750000000000004,0,23.28
2026-10-02 00:15,12167323,Wta Singles,Beijing,Hard,L. Fruhvirtova,L. Samsonova,3,0.545,0.6075,0.206,0.2337,17.5,0.8228,0.6699,1.375,2.79,0,23.28
2026-10-02 00:15,12167323,Wta Singles,Beijing,Hard,L. Fruhvirtova,L. Samsonova,3,0.545,0.6075,0.206,0.2337,18.5,0.7413,0.5872,1.5750000000000002,2.24,0,23.28
2026-10-02 00:15,12167323,Wta Singles,Beijing,Hard,L. Fruhvirtova,L. Samsonova,3,0.545,0.6075,0.206,0.2337,19.5,0.6616,0.5237,1.81,1.99,1,23.28
2026-10-02 00:15,12167323,Wta Singles,Beijing,Hard,L. Fruhvirtova,L. Samsonova,3,0.545,0.6075,0.206,0.2337,20.5,0.5903,0.4567,2.07,1.74,0,23.28
2026-10-02 00:15,12167323,Wta Singles,Beijing,Hard,L. Fruhvirtova,L. Samsonova,3,0.545,0.6075,0.206,0.2337,21.5,0.5372,0.4167,2.205,1.5750000000000002,0,23.28
2026-10-02 00:15,12167323,Wta Singles,Beijing,Hard,L. Fruhvirtova,L. Samsonova,3,0.545,0.6075,0.206,0.2337,22.5,0.4725,0.3702,2.475,1.455,0,23.28
2026-10-02 00:15,12167323,Wta Singles,Beijing,Hard,L. Fruhvirtova,L. Samsonova,3,0.545,0.6075,0.206,0.2337,23.5,0.4299,0.3399,2.6900000000000004,1.385,0,23.28
2026-10-02 00:15,12167323,Wta Singles,Beijing,Hard,L. Fruhvirtova,L. Samsonova,3,0.545,0.6075,0.206,0.2337,24.5,0.4075,0.3215,2.87,1.36,0,23.28
2026-10-02 00:15,12167323,Wta Singles,Beijing,Hard,L. Fruhvirtova,L. Samsonova,3,0.545,0.6075,0.206,0.2337,25.5,0.3667,0.2841,3.25,1.29,0,23.28
2026-10-02 00:15,12167323,Wta Singles,Beijing,Hard,L. Fruhvirtova,L. Samsonova,3,0.545,0.6075,0.206,0.2337,26.5,0.3218,0.2536,3.65,1.24,0,23.28
2026-10-02 00:15,12167323,Wta Singles,Beijing,Hard,L. Fruhvirtova,L. Samsonova,3,0.545,0.6075,0.206,0.2337,27.5,0.2794,0.2286,4.05,1.2,0,23.28
2026-10-02 00:15,12167323,Wta Singles,Beijing,Hard,L. Fruhvirtova,L. Samsonova,3,0.545,0.6075,0.206,0.2337,28.5,0.2335,0.1997,4.65,1.16,0,23.28
2026-10-02 00:15,12167323,Wta Singles,Beijing,Hard,L. Fruhvirtova,L. Samsonova,3,0.545,0.6075,0.206,0.2337,29.5,0.1863,0.1718,5.4,1.12,0,23.28
2026-10-02 00:15,12167324,Wta Singles,Beijing,Hard,Y. Yuan,M. Andreeva,3,0.5175,0.64,0.0548,0.1142,14.5,0.9466,0.8527,1.0750000000000002,6.225,0,20.59
2026-10-02 00:15,12167324,Wta Singles,Beijing,Hard,Y. Yuan,M. Andreeva,3,0.5175,0.64,0.0548,0.1142,15.5,0.8747,0.7602,1.21,3.835,0,20.59
2026-10-02 00:15,12167324,Wta Singles,Beijing,Hard,Y. Yuan,M. Andreeva,3,0.5175,0.64,0.0548,0.1142,16.5,0.7718,0.6515,1.42,2.6550000000000002,0,20.59
2026-10-02 00:15,12167324,Wta Singles,Beijing,Hard,Y. Yuan,M. Andreeva,3,0.5175,0.64,0.0548,0.1142,17.5,0.6536,0.5333,1.75,2.0,1,20.59
2026-10-02 00:15,12167324,Wta Singles,Beijing,Hard,Y. Yuan,M. Andreeva,3,0.5175,0.64,0.0548,0.1142,18.5,0.5461,0.4543,2.03,1.69,0,20.59
2026-10-02 00:15,12167324,Wta Singles,Beijing,Hard,Y. Yuan,M. Andreeva,3,0.5175,0.64,0.0548,0.1142,19.5,0.457,0.399,2.3049999999999997,1.53,0,20.59
2026-10-02 00:15,12167324,Wta Singles,Beijing,Hard,Y. Yuan,M. Andreeva,3,0.5175,0.64,0.0548,0.1142,20.5,0.3836,0.3457,2.6500000000000004,1.4,0,20.59
2026-10-02 00:15,12167324,Wta Singles,Beijing,Hard,Y. Yuan,M. Andreeva,3,0.5175,0.64,0.0548,0.1142,21.5,0.3316,0.3145,2.91,1.335,0,20.59
2026-10-02 00:15,12167324,Wta Singles,Beijing,Hard,Y. Yuan,M. Andreeva,3,0.5175,0.64,0.0548,0.1142,22.5,0.2796,0.2765,3.35,1.28,0,20.59
2026-10-02 00:15,12167324,Wta Singles,Beijing,Hard,Y. Yuan,M. Andreeva,3,0.5175,0.64,0.0548,0.1142,23.5,0.2491,0.2536,3.65,1.24,0,20.59
2026-10-02 00:15,12167324,Wta Singles,Beijing,Hard,Y. Yuan,M. Andreeva,3,0.5175,0.64,0.0548,0.1142,24.5,0.2308,0.2406,3.85,1.22,0,20.59
2026-10-02 00:15,12167324,Wta Singles,Beijing,Hard,Y. Yuan,M. Andreeva,3,0.5175,0.64,0.0548,0.1142,25.5,0.2015,0.2208,4.2,1.19,0,20.59
2026-10-02 00:15,12167324,Wta Singles,Beijing,Hard,Y. Yuan,M. Andreeva,3,0.5175,0.64,0.0548,0.1142,26.5,0.1712,0.1966,4.7,1.15,0,20.59
2026-10-02 00:15,12167324,Wta Singles,Beijing,Hard,Y. Yuan,M. Andreeva,3,0.5175,0.64,0.0548,0.1142,27.5,0.1432,0.1745,5.3,1.12,0,20.59
2026-10-02 00:15,12167324,Wta Singles,Beijing,Hard,Y. Yuan,M. Andreeva,3,0.5175,0.64,0.0548,0.1142,28.5,0.1148,0.1549,6.0,1.1,0,20.59
2026-10-02 00:15,12167353,Wta Singles,Beijing,Hard,K. Muchova,K. Boulter,3,0.6575,0.545,0.9262,0.8553,14.5,0.9676,0.8484,1.09,6.1,0,21.45
2026-10-02 00:15,12167353,Wta Singles,Beijing,Hard,K. Muchova,K. Boulter,3,0.6575,0.545,0.9262,0.8553,15.5,0.9146,0.7878,1.165,4.325,0,21.45
2026-10-02 00:15,12167353,Wta Singles,Beijing,Hard,K. Muchova,K. Boulter,3,0.6575,0.545,0.9262,0.8553,16.5,0.8323,0.6839,1.3450000000000002,2.91,0,21.45
2026-10-02 00:15,12167353,Wta Singles,Beijing,Hard,K. Muchova,K. Boulter,3,0.6575,0.545,0.9262,0.8553,17.5,0.724,0.5703,1.62,2.15,0,21.45
2026-10-02 00:15,12167353,Wta Singles,Beijing,Hard,K. Muchova,K. Boulter,3,0.6575,0.545,0.9262,0.8553,18.5,0.6183,0.4946,1.87,1.83,1,21.45
2026-10-02 00:15,12167353,Wta Singles,Beijing,Hard,K. Muchova,K. Boulter,3,0.6575,0.545,0.9262,0.8553,19.5,0.5256,0.4415,2.1,1.6600000000000001,0,21.45
2026-10-02 00:15,12167353,Wta Singles,Beijing,Hard,K. Muchova,K. Boulter,3,0.6575,0.545,0.9262,0.8553,20.5,0.4461,0.3843,2.395,1.495,0,21.45
2026-10-02 00:15,12167353,Wta Singles,Beijing,Hard,K. Muchova,K. Boulter,3,0.6575,0.545,0.9262,0.8553,21.5,0.3898,0.349,2.63,1.4100000000000001,0,21.45
2026-10-02 00:15,12167353,Wta Singles,Beijing,Hard,K. Muchova,K. Boulter,3,0.6575,0.545,0.9262,0.8553,22.5,0.3287,0.3357,2.75,1.39,0,21.45
2026-10-02 00:15,12167353,Wta Singles,Beijing,Hard,K. Muchova,K. Boulter,3,0.6575,0.545,0.9262,0.8553,23.5,0.2917,0.3088,3.0,1.34,0,21.45
2026-10-02 00:15,12167353,Wta Singles,Beijing,Hard,K. Muchova,K. Boulter,3,0.6575,0.545,0.9262,0.8553,24.5,0.2749,0.2937,3.15,1.31,0,21.45
2026-10-02 00:15,12167353,Wta Singles,Beijing,Hard,K. Muchova,K. Boulter,3,0.6575,0.545,0.9262,0.8553,25.5,0.244,0.2647,3.5,1.26,0,21.45
2026-10-02 00:15,12167353,Wta Singles,Beijing,Hard,K. Muchova,K. Boulter,3,0.6575,0.545,0.9262,0.8553,26.5,0.2105,0.2368,3.9,1.21,0,21.45
2026-10-02 00:15,12167353,Wta Singles,Beijing,Hard,K. Muchova,K. Boulter,3,0.6575,0.545,0.9262,0.8553,27.5,0.1807,0.2101,4.4,1.17,0,21.45
2026-10-02 00:15,12167353,Wta Singles,Beijing,Hard,K. Muchova,K. Boulter,3,0.6575,0.545,0.9262,0.8553,28.5,0.1491,0.1814,5.1,1.13,0,21.45
2026-10-02 00:15,12167353,Wta Singles,Beijing,Hard,K. Muchova,K. Boulter,3,0.6575,0.545,0.9262,0.8553,29.5,0.1172,0.1571,5.9,1.1,0,21.45
2026-10-02 00:15,12167354,Wta Singles,Beijing,Hard,T. Preston,D. Parry,3,0.595,0.5775,0.5904,0.4077,16.5,0.9456,0.8451,1.1,6.0,0,24.62
2026-10-02 00:15,12167354,Wta Singles,Beijing,Hard,T. Preston,D. Parry,3,0.595,0.5775,0.5904,0.4077,17.5,0.8912,0.7508,1.225,3.6899999999999995,0,24.62
2026-10-02 00:15,12167354,Wta Singles,Beijing,Hard,T. Preston,D. Parry,3,0.595,0.5775,0.5904,0.4077,18.5,0.8256,0.7128,1.2850000000000001,3.19,0,24.62
2026-10-02 00:15,12167354,Wta Singles,Beijing,Hard,T. Preston,D. Parry,3,0.595,0.5775,0.5904,0.4077,19.5,0.7536,0.6395,1.44,2.5549999999999997,0,24.62
2026-10-02 00:15,12167354,Wta Singles,Beijing,Hard,T. Preston,D. Parry,3,0.595,0.5775,0.5904,0.4077,20.5,0.686,0.5754,1.605,2.175,0,24.62
2026-10-02 00:15,12167354,Wta Singles,Beijing,Hard,T. Preston,D. Parry,3,0.595,0.5775,0.5904,0.4077,21.5,0.6357,0.5235,1.775,1.95,1,24.62
2026-10-02 00:15,12167354,Wta Singles,Beijing,Hard,T. Preston,D. Parry,3,0.595,0.5775,0.5904,0.4077,22.5,0.5667,0.4636,1.99,1.72,0,24.62
2026-10-02 00:15,12167354,Wta Singles,Beijing,Hard,T. Preston,D. Parry,3,0.595,0.5775,0.5904,0.4077,23.5,0.518,0.4261,2.1550000000000002,1.6,0,24.62
2026-10-02 00:15,12167354,Wta Singles,Beijing,Hard,T. Preston,D. Parry,3,0.595,0.5775,0.5904,0.4077,24.5,0.4964,0.4058,2.255,1.54,0,24.62
2026-10-02 00:15,12167354,Wta Singles,Beijing,Hard,T. Preston,D. Parry,3,0.595,0.5775,0.5904,0.4077,25.5,0.4527,0.3712,2.465,1.455,0,24.62
2026-10-02 00:15,12167354,Wta Singles,Beijing,Hard,T. Preston,D. Parry,3,0.595,0.5775,0.5904,0.4077,26.5,0.4023,0.3398,2.72,1.4,0,24.62
2026-10-02 00:15,12167354,Wta Singles,Beijing,Hard,T. Preston,D. Parry,3,0.595,0.5775,0.5904,0.4077,27.5,0.3556,0.3037,3.05,1.33,0,24.62
2026-10-02 00:15,12167354,Wta Singles,Beijing,Hard,T. Preston,D. Parry,3,0.595,0.5775,0.5904,0.4077,28.5,0.303,0.2604,3.55,1.25,0,24.62
2026-10-02 00:15,12167354,Wta Singles,Beijing,Hard,T. Preston,D. Parry,3,0.595,0.5775,0.5904,0.4077,29.5,0.2477,0.2208,4.2,1.19,0,24.62
2026-10-02 00:15,12167354,Wta Singles,Beijing,Hard,T. Preston,D. Parry,3,0.595,0.5775,0.5904,0.4077,30.5,0.1934,0.1814,5.1,1.13,0,24.62
2026-10-02 00:15,12167355,Challenger Women Singles,Jingshan,Hard,A. Shubladze,S. Wei,3,0.6025,0.5075000000000001,0.896,0.757,16.5,0.8172,0.7196,1.27,3.26,0,21.6
2026-10-02 00:15,12167355,Challenger Women Singles,Jingshan,Hard,A. Shubladze,S. Wei,3,0.6025,0.5075000000000001,0.896,0.757,17.5,0.7173,0.6817,1.34,2.87,0,21.6
2026-10-02 00:15,12167355,Challenger Women Singles,Jingshan,Hard,A. Shubladze,S. Wei,3,0.6025,0.5075000000000001,0.896,0.757,18.5,0.6217,0.5797,1.5950000000000002,2.2,0,21.6
2026-10-02 00:15,12167355,Challenger Women Singles,Jingshan,Hard,A. Shubladze,S. Wei,3,0.6025,0.5075000000000001,0.896,0.757,19.5,0.5375,0.5041,1.83,1.86,1,21.6
2026-10-02 00:15,12167355,Challenger Women Singles,Jingshan,Hard,A. Shubladze,S. Wei,3,0.6025,0.5075000000000001,0.896,0.757,20.5,0.4669,0.4427,2.09,1.66,0,21.6
2026-10-02 00:15,12167355,Challenger Women Singles,Jingshan,Hard,A. Shubladze,S. Wei,3,0.6025,0.5075000000000001,0.896,0.757,21.5,0.4148,0.3932,2.33,1.51,0,21.6
2026-10-02 00:15,12167355,Challenger Women Singles,Jingshan,Hard,A. Shubladze,S. Wei,3,0.6025,0.5075000000000001,0.896,0.757,22.5,0.3591,0.3415,2.68,1.39,0,21.6
2026-10-02 00:15,12167355,Challenger Women Singles,Jingshan,Hard,A. Shubladze,S. Wei,3,0.6025,0.5075000000000001,0.896,0.757,23.5,0.3249,0.307,2.98,1.32,0,21.6
2026-10-02 00:15,12167355,Challenger Women Singles,Jingshan,Hard,A. Shubladze,S. Wei,3,0.6025,0.5075000000000001,0.896,0.757,24.5,0.3022,0.3175,2.88,1.34,0,21.6
2026-10-02 00:15,12167368,Challenger Men Singles,Bari (Italy) - Qualification,Clay,G. Cadenasso,V. Sachko,3,0.58,0.5825,0.4869,0.4582,20.5,0.6904,0.5791,1.57,2.16,0,24.66
2026-10-02 00:15,12167368,Challenger Men Singles,Bari (Italy) - Qualification,Clay,G. Cadenasso,V. Sachko,3,0.58,0.5825,0.4869,0.4582,21.5,0.6405,0.5257,1.75,1.94,0,24.66
2026-10-02 00:15,12167368,Challenger Men Singles,Bari (Italy) - Qualification,Clay,G. Cadenasso,V. Sachko,3,0.58,0.5825,0.4869,0.4582,22.5,0.5721,0.479,1.92,1.7650000000000001,1,24.66
2026-10-02 00:15,12167368,Challenger Men Singles,Bari (Italy) - Qualification,Clay,G. Cadenasso,V. Sachko,3,0.58,0.5825,0.4869,0.4582,23.5,0.5239,0.4404,2.09,1.645,0,24.66
2026-10-02 00:15,12167394,Atp Singles,Beijing,Hard,Y. Bu,N. Djokovic,3,0.65,0.7325,0.1657,0.2545,17.5,0.9391,0.8051,1.15,4.75,0,25.2
2026-10-02 00:15,12167394,Atp Singles,Beijing,Hard,Y. Bu,N. Djokovic,3,0.65,0.7325,0.1657,0.2545,18.5,0.8861,0.7555,1.23,3.8,0,25.2
2026-10-02 00:15,12167394,Atp Singles,Beijing,Hard,Y. Bu,N. Djokovic,3,0.65,0.7325,0.1657,0.2545,19.5,0.8029,0.6671,1.38,2.7649999999999997,0,25.2
2026-10-02 00:15,12167394,Atp Singles,Beijing,Hard,Y. Bu,N. Djokovic,3,0.65,0.7325,0.1657,0.2545,20.5,0.7193,0.6152,1.495,2.39,0,25.2
2026-10-02 00:15,12167394,Atp Singles,Beijing,Hard,Y. Bu,N. Djokovic,3,0.65,0.7325,0.1657,0.2545,21.5,0.6657,0.5612,1.65,2.11,0,25.2
2026-10-02 00:15,12167394,Atp Singles,Beijing,Hard,Y. Bu,N. Djokovic,3,0.65,0.7325,0.1657,0.2545,22.5,0.5579,0.4809,1.97,1.8250000000000002,1,25.2
2026-10-02 00:15,12167394,Atp Singles,Beijing,Hard,Y. Bu,N. Djokovic,3,0.65,0.7325,0.1657,0.2545,23.5,0.4653,0.4241,2.2,1.62,0,25.2
2026-10-02 00:15,12167394,Atp Singles,Beijing,Hard,Y. Bu,N. Djokovic,3,0.65,0.7325,0.1657,0.2545,24.5,0.4591,0.4132,2.2300000000000004,1.57,0,25.2
2026-10-02 00:15,12167394,Atp Singles,Beijing,Hard,Y. Bu,N. Djokovic,3,0.65,0.7325,0.1657,0.2545,25.5,0.4253,0.3827,2.42,1.5,0,25.2
2026-10-02 00:15,12167394,Atp Singles,Beijing,Hard,Y. Bu,N. Djokovic,3,0.65,0.7325,0.1657,0.2545,26.5,0.3646,0.3472,2.67,1.42,0,25.2
2026-10-02 00:15,12167394,Atp Singles,Beijing,Hard,Y. Bu,N. Djokovic,3,0.65,0.7325,0.1657,0.2545,27.5,0.3466,0.3192,2.9,1.36,0,25.2
2026-10-02 00:15,12167394,Atp Singles,Beijing,Hard,Y. Bu,N. Djokovic,3,0.65,0.7325,0.1657,0.2545,28.5,0.3211,0.2937,3.15,1.31,0,25.2
2026-10-02 00:15,12167394,Atp Singles,Beijing,Hard,Y. Bu,N. Djokovic,3,0.65,0.7325,0.1657,0.2545,29.5,0.2928,0.2604,3.55,1.25,0,25.2
2026-10-02 00:15,12167394,Atp Singles,Beijing,Hard,Y. Bu,N. Djokovic,3,0.65,0.7325,0.1657,0.2545,30.5,0.2613,0.2345,3.95,1.21,0,25.2
2026-10-02 00:15,12167394,Atp Singles,Beijing,Hard,Y. Bu,N. Djokovic,3,0.65,0.7325,0.1657,0.2545,31.5,0.2145,0.1933,4.8,1.15,0,25.2
2026-10-02 00:15,12167421,Challenger Women Singles,Adana (Turkey) - Qualification,Hard,E. Pridankina,E. Andreeva,3,0.5650000000000001,0.5700000000000001,0.4737,0.4959,19.5,0.7471,0.6256,1.46,2.44,0,24.5
2026-10-02 00:15,12167421,Challenger Women Singles,Adana (Turkey) - Qualification,Hard,E. Pridankina,E. Andreeva,3,0.5650000000000001,0.5700000000000001,0.4737,0.4959,20.5,0.6815,0.562,1.625,2.085,0,24.5
2026-10-02 00:15,12167421,Challenger Women Singles,Adana (Turkey) - Qualification,Hard,E. Pridankina,E. Andreeva,3,0.5650000000000001,0.5700000000000001,0.4737,0.4959,21.5,0.6317,0.5088,1.8050000000000002,1.87,1,24.5
2026-10-02 00:15,12167421,Challenger Women Singles,Adana (Turkey) - Qualification,Hard,E. Pridankina,E. Andreeva,3,0.5650000000000001,0.5700000000000001,0.4737,0.4959,22.5,0.5652,0.4336,2.1550000000000002,1.65,0,24.5
2026-10-02 00:15,12167421,Challenger Women Singles,Adana (Turkey) - Qualification,Hard,E. Pridankina,E. Andreeva,3,0.5650000000000001,0.5700000000000001,0.4737,0.4959,23.5,0.5191,0.386,2.37,1.49,0,24.5
2026-10-02 00:15,12167421,Challenger Women Singles,Adana (Turkey) - Qualification,Hard,E. Pridankina,E. Andreeva,3,0.5650000000000001,0.5700000000000001,0.4737,0.4959,24.5,0.4946,0.3636,2.52,1.44,0,24.5
2026-10-02 00:15,12167421,Challenger Women Singles,Adana (Turkey) - Qualification,Hard,E. Pridankina,E. Andreeva,3,0.5650000000000001,0.5700000000000001,0.4737,0.4959,25.5,0.4489,0.3254,2.82,1.36,0,24.5
2026-10-02 00:15,12167439,Wta Singles,Beijing,Hard,N. Bartunkova,M. Frech,3,0.5875,0.585,0.513,0.5803,16.5,0.9488,0.8321,1.11,5.5,0,24.73
2026-10-02 00:15,12167439,Wta Singles,Beijing,Hard,N. Bartunkova,M. Frech,3,0.5875,0.585,0.513,0.5803,17.5,0.8962,0.7655,1.21,3.95,0,24.73
2026-10-02 00:15,12167439,Wta Singles,Beijing,Hard,N. Bartunkova,M. Frech,3,0.5875,0.585,0.513,0.5803,18.5,0.832,0.7017,1.3050000000000002,3.0700000000000003,0,24.73
2026-10-02 00:15,12167439,Wta Singles,Beijing,Hard,N. Bartunkova,M. Frech,3,0.5875,0.585,0.513,0.5803,19.5,0.7609,0.6338,1.45,2.51,0,24.73
2026-10-02 00:15,12167439,Wta Singles,Beijing,Hard,N. Bartunkova,M. Frech,3,0.5875,0.585,0.513,0.5803,20.5,0.6938,0.5676,1.63,2.14,0,24.73
2026-10-02 00:15,12167439,Wta Singles,Beijing,Hard,N. Bartunkova,M. Frech,3,0.5875,0.585,0.513,0.5803,21.5,0.6439,0.5181,1.8,1.935,1,24.73
2026-10-02 00:15,12167439,Wta Singles,Beijing,Hard,N. Bartunkova,M. Frech,3,0.5875,0.585,0.513,0.5803,22.5,0.5748,0.4597,2.01,1.71,0,24.73
2026-10-02 00:15,12167439,Wta Singles,Beijing,Hard,N. Bartunkova,M. Frech,3,0.5875,0.585,0.513,0.5803,23.5,0.5257,0.4242,2.165,1.5950000000000002,0,24.73
2026-10-02 00:15,12167439,Wta Singles,Beijing,Hard,N. Bartunkova,M. Frech,3,0.5875,0.585,0.513,0.5803,24.5,0.5041,0.3997,2.29,1.525,0,24.73
2026-10-02 00:15,12167439,Wta Singles,Beijing,Hard,N. Bartunkova,M. Frech,3,0.5875,0.585,0.513,0.5803,25.5,0.46,0.3703,2.5,1.47,0,24.73
2026-10-02 00:15,12167439,Wta Singles,Beijing,Hard,N. Bartunkova,M. Frech,3,0.5875,0.585,0.513,0.5803,26.5,0.4092,0.3301,2.8,1.38,0,24.73
2026-10-02 00:15,12167439,Wta Singles,Beijing,Hard,N. Bartunkova,M. Frech,3,0.5875,0.585,0.513,0.5803,27.5,0.3621,0.2937,3.15,1.31,0,24.73
2026-10-02 00:15,12167439,Wta Singles,Beijing,Hard,N. Bartunkova,M. Frech,3,0.5875,0.585,0.513,0.5803,28.5,0.3088,0.251,3.7,1.24,0,24.73
2026-10-02 00:15,12167439,Wta Singles,Beijing,Hard,N. Bartunkova,M. Frech,3,0.5875,0.585,0.513,0.5803,29.5,0.2527,0.2101,4.4,1.17,0,24.73
2026-10-02 00:15,12167439,Wta Singles,Beijing,Hard,N. Bartunkova,M. Frech,3,0.5875,0.585,0.513,0.5803,30.5,0.1977,0.1718,5.4,1.12,0,24.73
2026-10-02 00:15,12167440,Challenger Women Singles,Adana (Turkey) - Qualification,Hard,A. Ruzic,T. Kostovic,3,0.5875,0.5750000000000001,0.5651,0.5378,18.5,0.8247,0.625,1.5,2.5,0,24.61
2026-10-02 00:15,12167440,Challenger Women Singles,Adana (Turkey) - Qualification,Hard,A. Ruzic,T. Kostovic,3,0.5875,0.5750000000000001,0.5651,0.5378,19.5,0.7533,0.6221,1.47,2.42,0,24.61
2026-10-02 00:15,12167440,Challenger Women Singles,Adana (Turkey) - Qualification,Hard,A. Ruzic,T. Kostovic,3,0.5875,0.5750000000000001,0.5651,0.5378,20.5,0.6864,0.5426,1.72,2.04,0,24.61
2026-10-02 00:15,12167440,Challenger Women Singles,Adana (Turkey) - Qualification,Hard,A. Ruzic,T. Kostovic,3,0.5875,0.5750000000000001,0.5651,0.5378,21.5,0.6363,0.5,1.87,1.87,1,24.61
2026-10-02 00:15,12167440,Challenger Women Singles,Adana (Turkey) - Qualification,Hard,A. Ruzic,T. Kostovic,3,0.5875,0.5750000000000001,0.5651,0.5378,22.5,0.5681,0.4348,2.145,1.65,0,24.61
2026-10-02 00:15,12167440,Challenger Women Singles,Adana (Turkey) - Qualification,Hard,A. Ruzic,T. Kostovic,3,0.5875,0.5750000000000001,0.5651,0.5378,23.5,0.5201,0.386,2.37,1.49,0,24.61
2026-10-02 00:15,12167440,Challenger Women Singles,Adana (Turkey) - Qualification,Hard,A. Ruzic,T. Kostovic,3,0.5875,0.5750000000000001,0.5651,0.5378,24.5,0.4977,0.3636,2.52,1.44,0,24.61
2026-10-02 00:15,12167440,Challenger Women Singles,Adana (Turkey) - Qualification,Hard,A. Ruzic,T. Kostovic,3,0.5875,0.5750000000000001,0.5651,0.5378,25.5,0.4533,0.3183,2.87,1.34,0,24.61
2026-10-02 00:15,12167473,Wta Singles,Beijing,Hard,R. Zarazua,A. Sabalenka,3,0.505,0.6875,0.0095,0.0647,13.5,0.9621,0.8822,1.0350000000000001,7.75,0,18.32
2026-10-02 00:15,12167473,Wta Singles,Beijing,Hard,R. Zarazua,A. Sabalenka,3,0.505,0.6875,0.0095,0.0647,14.5,0.8899,0.7923,1.16,4.425000000000001,0,18.32
2026-10-02 00:15,12167473,Wta Singles,Beijing,Hard,R. Zarazua,A. Sabalenka,3,0.505,0.6875,0.0095,0.0647,15.5,0.7667,0.661,1.4,2.73,0,18.32
2026-10-02 00:15,12167473,Wta Singles,Beijing,Hard,R. Zarazua,A. Sabalenka,3,0.505,0.6875,0.0095,0.0647,16.5,0.6145,0.5214,1.79,1.95,1,18.32
2026-10-02 00:15,12167473,Wta Singles,Beijing,Hard,R. Zarazua,A. Sabalenka,3,0.505,0.6875,0.0095,0.0647,17.5,0.4655,0.4377,2.12,1.65,0,18.32
2026-10-02 00:15,12167473,Wta Singles,Beijing,Hard,R. Zarazua,A. Sabalenka,3,0.505,0.6875,0.0095,0.0647,18.5,0.3482,0.3545,2.5949999999999998,1.4249999999999998,0,18.32
2026-10-02 00:15,12167473,Wta Singles,Beijing,Hard,R. Zarazua,A. Sabalenka,3,0.505,0.6875,0.0095,0.0647,19.5,0.2649,0.293,3.125,1.295,0,18.32
2026-10-02 00:15,12167473,Wta Singles,Beijing,Hard,R. Zarazua,A. Sabalenka,3,0.505,0.6875,0.0095,0.0647,20.5,0.2016,0.26,3.515,1.2349999999999999,0,18.32
2026-10-02 00:15,12167473,Wta Singles,Beijing,Hard,R. Zarazua,A. Sabalenka,3,0.505,0.6875,0.0095,0.0647,21.5,0.1607,0.2264,4.1,1.2,0,18.32
2026-10-02 00:15,12167473,Wta Singles,Beijing,Hard,R. Zarazua,A. Sabalenka,3,0.505,0.6875,0.0095,0.0647,22.5,0.1265,0.2014,4.6,1.16,0,18.32
2026-10-02 00:15,12167473,Wta Singles,Beijing,Hard,R. Zarazua,A. Sabalenka,3,0.505,0.6875,0.0095,0.0647,23.5,0.1087,0.1857,5.0,1.14,0,18.32
2026-10-02 00:15,12167473,Wta Singles,Beijing,Hard,R. Zarazua,A. Sabalenka,3,0.505,0.6875,0.0095,0.0647,24.5,0.098,0.1745,5.3,1.12,0,18.32
2026-10-02 00:15,12167473,Wta Singles,Beijing,Hard,R. Zarazua,A. Sabalenka,3,0.505,0.6875,0.0095,0.0647,25.5,0.0822,0.1594,5.8,1.1,0,18.32
2026-10-02 00:15,12167473,Wta Singles,Beijing,Hard,R. Zarazua,A. Sabalenka,3,0.505,0.6875,0.0095,0.0647,26.5,0.0668,0.1463,6.3,1.08,0,18.32
2026-10-02 00:15,12167473,Wta Singles,Beijing,Hard,R. Zarazua,A. Sabalenka,3,0.505,0.6875,0.0095,0.0647,27.5,0.0533,0.131,7.1,1.07,0,18.32
2026-10-02 00:15,12167474,Challenger Men Singles,Mouilleron-Le-Captif,Hard,C. Tabur,S. Gueymard Wayenburg,3,0.67,0.655,0.5725,0.4489,21.5,0.7287,0.6146,1.48,2.36,0,26.16
2026-10-02 00:15,12167474,Challenger Men Singles,Mouilleron-Le-Captif,Hard,C. Tabur,S. Gueymard Wayenburg,3,0.67,0.655,0.5725,0.4489,22.5,0.6388,0.5368,1.7,1.97,0,26.16
2026-10-02 00:15,12167474,Challenger Men Singles,Mouilleron-Le-Captif,Hard,C. Tabur,S. Gueymard Wayenburg,3,0.67,0.655,0.5725,0.4489,23.5,0.5612,0.477,1.935,1.7650000000000001,1,26.16
2026-10-02 00:15,12167474,Challenger Men Singles,Mouilleron-Le-Captif,Hard,C. Tabur,S. Gueymard Wayenburg,3,0.67,0.655,0.5725,0.4489,24.5,0.5527,0.4688,1.955,1.725,0,26.16
2026-10-02 00:15,12167501,Challenger Men Singles,Curitiba,Clay,G. Heide,L. Midon,3,0.625,0.585,0.6967,0.6667,20.5,0.67,0.557,1.67,2.1,0,24.46
2026-10-02 00:15,12167501,Challenger Men Singles,Curitiba,Clay,G. Heide,L. Midon,3,0.625,0.585,0.6967,0.6667,21.5,0.618,0.5,1.83,1.83,1,24.46
2026-10-02 00:15,12167501,Challenger Men Singles,Curitiba,Clay,G. Heide,L. Midon,3,0.625,0.585,0.6967,0.6667,22.5,0.5457,0.4422,2.17,1.72,0,24.46
2026-10-02 00:15,12167512,Challenger Men Singles,Columbus,Hard,Dar. Blanch,D. Dietrich,3,0.6175,0.6900000000000001,0.1866,0.4348,21.5,0.6062,0.5535,1.67,2.07,0,24.44
2026-10-02 00:15,12167512,Challenger Men Singles,Columbus,Hard,Dar. Blanch,D. Dietrich,3,0.6175,0.6900000000000001,0.1866,0.4348,22.5,0.5175,0.4892,1.9,1.82,1,24.44
2026-10-02 00:15,12167512,Challenger Men Singles,Columbus,Hard,Dar. Blanch,D. Dietrich,3,0.6175,0.6900000000000001,0.1866,0.4348,23.5,0.45,0.4465,2.07,1.67,0,24.44
2026-10-02 00:15,12167516,Challenger Men Singles,Columbus,Hard,M. Rottgering,A. Andrade,3,0.6175,0.5975,0.6014,0.5974,20.5,0.7014,0.5649,1.61,2.09,0,24.91
2026-10-02 00:15,12167516,Challenger Men Singles,Columbus,Hard,M. Rottgering,A. Andrade,3,0.6175,0.5975,0.6014,0.5974,21.5,0.6511,0.5109,1.8,1.88,1,24.91
2026-10-02 00:15,12167516,Challenger Men Singles,Columbus,Hard,M. Rottgering,A. Andrade,3,0.6175,0.5975,0.6014,0.5974,22.5,0.5778,0.4267,2.23,1.66,0,24.91
2026-10-02 00:15,12167516,Challenger Men Singles,Columbus,Hard,M. Rottgering,A. Andrade,3,0.6175,0.5975,0.6014,0.5974,23.5,0.5242,0.4274,2.13,1.59,0,24.91
2026-10-02 00:15,12167532,Challenger Women Singles,Adana (Turkey) - Qualification,Hard,L. Jeanjean,L. Stefanini,3,0.5525,0.54,0.5662,0.4824,19.5,0.7324,0.6094,1.5,2.34,0,24.26
2026-10-02 00:15,12167532,Challenger Women Singles,Adana (Turkey) - Qualification,Hard,L. Jeanjean,L. Stefanini,3,0.5525,0.54,0.5662,0.4824,20.5,0.6682,0.536,1.74,2.01,0,24.26
2026-10-02 00:15,12167532,Challenger Women Singles,Adana (Turkey) - Qualification,Hard,L. Jeanjean,L. Stefanini,3,0.5525,0.54,0.5662,0.4824,21.5,0.6185,0.4947,1.89,1.85,1,24.26
2026-10-02 00:15,12167532,Challenger Women Singles,Adana (Turkey) - Qualification,Hard,L. Jeanjean,L. Stefanini,3,0.5525,0.54,0.5662,0.4824,22.5,0.5541,0.4101,2.23,1.55,0,24.26
2026-10-02 00:15,12167532,Challenger Women Singles,Adana (Turkey) - Qualification,Hard,L. Jeanjean,L. Stefanini,3,0.5525,0.54,0.5662,0.4824,23.5,0.5102,0.3636,2.52,1.44,0,24.26
2026-10-02 00:15,12167532,Challenger Women Singles,Adana (Turkey) - Qualification,Hard,L. Jeanjean,L. Stefanini,3,0.5525,0.54,0.5662,0.4824,24.5,0.4833,0.3374,2.71,1.38,0,24.26
2026-10-02 00:15,12167532,Challenger Women Singles,Adana (Turkey) - Qualification,Hard,L. Jeanjean,L. Stefanini,3,0.5525,0.54,0.5662,0.4824,25.5,0.4363,0.2968,3.08,1.3,0,24.26
2026-10-02 00:15,12167538,Itf Women Singles,W100 Templeton,Hard,C. Dolehide,K. Fakih,3,0.6575,0.5225,0.9599,0.8094,16.5,0.7546,0.6881,1.36,3.0,0,20.19
2026-10-02 00:15,12167538,Itf Women Singles,W100 Templeton,Hard,C. Dolehide,K. Fakih,3,0.6575,0.5225,0.9599,0.8094,17.5,0.6283,0.5943,1.57,2.3,0,20.19
2026-10-02 00:15,12167538,Itf Women Singles,W100 Templeton,Hard,C. Dolehide,K. Fakih,3,0.6575,0.5225,0.9599,0.8094,18.5,0.5155,0.5205,1.75,1.9,1,20.19
2026-10-02 00:15,12167538,Itf Women Singles,W100 Templeton,Hard,C. Dolehide,K. Fakih,3,0.6575,0.5225,0.9599,0.8094,19.5,0.4242,0.439,2.16,1.69,0,20.19
2026-10-02 00:15,12167538,Itf Women Singles,W100 Templeton,Hard,C. Dolehide,K. Fakih,3,0.6575,0.5225,0.9599,0.8094,20.5,0.3496,0.3913,2.38,1.53,0,20.19
2026-10-02 00:15,12167605,Challenger Men Singles,Curitiba,Clay,M. Pucinelli de Almeida,T. Barrios Vera,3,0.5975,0.5650000000000001,0.6649,0.4708,21.5,0.612,0.5474,1.72,2.08,0,24.29
2026-10-02 00:15,12167605,Challenger Men Singles,Curitiba,Clay,M. Pucinelli de Almeida,T. Barrios Vera,3,0.5975,0.5650000000000001,0.6649,0.4708,22.5,0.5443,0.4946,1.87,1.83,1,24.29
2026-10-02 00:15,12167605,Challenger Men Singles,Curitiba,Clay,M. Pucinelli de Almeida,T. Barrios Vera,3,0.5975,0.5650000000000001,0.6649,0.4708,23.5,0.4974,0.4456,2.065,1.6600000000000001,0,24.29
2026-10-02 00:15,12167606,Itf Women Singles,W35 Wagga Wagga,Hard,N. Sato,H. Sato,3,0.5825,0.5775,0.5261,0.5383,18.5,0.8265,0.6345,1.44,2.5,0,24.64
2026-10-02 00:15,12167606,Itf Women Singles,W35 Wagga Wagga,Hard,N. Sato,H. Sato,3,0.5825,0.5775,0.5261,0.5383,19.5,0.7556,0.5511,1.67,2.05,0,24.64
2026-10-02 00:15,12167606,Itf Women Singles,W35 Wagga Wagga,Hard,N. Sato,H. Sato,3,0.5825,0.5775,0.5261,0.5383,20.5,0.6891,0.5262,1.72,1.91,0,24.64
2026-10-02 00:15,12167606,Itf Women Singles,W35 Wagga Wagga,Hard,N. Sato,H. Sato,3,0.5825,0.5775,0.5261,0.5383,21.5,0.6391,0.4795,1.9,1.75,1,24.64
2026-10-02 00:15,12167606,Itf Women Singles,W35 Wagga Wagga,Hard,N. Sato,H. Sato,3,0.5825,0.5775,0.5261,0.5383,22.5,0.571,0.427,2.12,1.58,0,24.64
2026-10-02 00:15,12167606,Itf Women Singles,W35 Wagga Wagga,Hard,N. Sato,H. Sato,3,0.5825,0.5775,0.5261,0.5383,23.5,0.523,0.3866,2.38,1.5,0,24.64
2026-10-02 00:15,12167609,Itf Women Singles,W35 Wagga Wagga,Hard,M. Uemura,A. Simes,3,0.5275,0.5875,0.2131,0.7221,17.5,0.8129,0.6856,1.33,2.9,0,23.16
2026-10-02 00:15,12167609,Itf Women Singles,W35 Wagga Wagga,Hard,M. Uemura,A. Simes,3,0.5275,0.5875,0.2131,0.7221,18.5,0.732,0.6005,1.53,2.3,0,23.16
2026-10-02 00:15,12167609,Itf Women Singles,W35 Wagga Wagga,Hard,M. Uemura,A. Simes,3,0.5275,0.5875,0.2131,0.7221,19.5,0.6539,0.5041,1.82,1.85,1,23.16
2026-10-02 00:15,12167609,Itf Women Singles,W35 Wagga Wagga,Hard,M. Uemura,A. Simes,3,0.5275,0.5875,0.2131,0.7221,20.5,0.585,0.4824,1.91,1.78,0,23.16
2026-10-02 00:15,12167609,Itf Women Singles,W35 Wagga Wagga,Hard,M. Uemura,A. Simes,3,0.5275,0.5875,0.2131,0.7221,21.5,0.5328,0.4348,2.08,1.6,0,23.16
2026-10-02 00:15,12167611,Itf Women Singles,W35 Wagga Wagga,Hard,K. Sawashiro,N. Hanatani,3,0.5925,0.495,0.9028,0.8227,16.5,0.802,0.6691,1.36,2.75,0,21.38
2026-10-02 00:15,12167611,Itf Women Singles,W35 Wagga Wagga,Hard,K. Sawashiro,N. Hanatani,3,0.5925,0.495,0.9028,0.8227,17.5,0.7001,0.5995,1.51,2.26,0,21.38
2026-10-02 00:15,12167611,Itf Women Singles,W35 Wagga Wagga,Hard,K. Sawashiro,N. Hanatani,3,0.5925,0.495,0.9028,0.8227,18.5,0.6043,0.5165,1.76,1.88,1,21.38
2026-10-02 00:15,12167611,Itf Women Singles,W35 Wagga Wagga,Hard,K. Sawashiro,N. Hanatani,3,0.5925,0.495,0.9028,0.8227,19.5,0.5206,0.4521,2.0,1.65,0,21.38
2026-10-02 00:15,12167611,Itf Women Singles,W35 Wagga Wagga,Hard,K. Sawashiro,N. Hanatani,3,0.5925,0.495,0.9028,0.8227,20.5,0.4514,0.3866,2.38,1.5,0,21.38
2026-10-02 00:15,12167611,Itf Women Singles,W35 Wagga Wagga,Hard,K. Sawashiro,N. Hanatani,3,0.5925,0.495,0.9028,0.8227,21.5,0.4002,0.3866,2.38,1.5,0,21.38
2026-10-02 00:15,12167612,Atp Singles,Beijing,Hard,A. Molcan,K. Khachanov,3,0.625,0.6900000000000001,0.2132,0.26,16.5,0.9654,0.8406,1.1,5.8,0,24.82
2026-10-02 00:15,12167612,Atp Singles,Beijing,Hard,A. Molcan,K. Khachanov,3,0.625,0.6900000000000001,0.2132,0.26,17.5,0.9155,0.7736,1.2,4.1,0,24.82
2026-10-02 00:15,12167612,Atp Singles,Beijing,Hard,A. Molcan,K. Khachanov,3,0.625,0.6900000000000001,0.2132,0.26,18.5,0.8523,0.6963,1.33,3.05,0,24.82
2026-10-02 00:15,12167612,Atp Singles,Beijing,Hard,A. Molcan,K. Khachanov,3,0.625,0.6900000000000001,0.2132,0.26,19.5,0.7691,0.6269,1.44,2.42,0,24.82
2026-10-02 00:15,12167612,Atp Singles,Beijing,Hard,A. Molcan,K. Khachanov,3,0.625,0.6900000000000001,0.2132,0.26,20.5,0.6881,0.5476,1.76,2.13,0,24.82
2026-10-02 00:15,12167612,Atp Singles,Beijing,Hard,A. Molcan,K. Khachanov,3,0.625,0.6900000000000001,0.2132,0.26,21.5,0.6342,0.4961,1.95,1.92,1,24.82
2026-10-02 00:15,12167612,Atp Singles,Beijing,Hard,A. Molcan,K. Khachanov,3,0.625,0.6900000000000001,0.2132,0.26,22.5,0.5438,0.4335,2.13,1.63,0,24.82
2026-10-02 00:15,12167612,Atp Singles,Beijing,Hard,A. Molcan,K. Khachanov,3,0.625,0.6900000000000001,0.2132,0.26,23.5,0.4729,0.3834,2.38,1.48,0,24.82
2026-10-02 00:15,12167612,Atp Singles,Beijing,Hard,A. Molcan,K. Khachanov,3,0.625,0.6900000000000001,0.2132,0.26,24.5,0.4633,0.3827,2.42,1.5,0,24.82
2026-10-02 00:15,12167612,Atp Singles,Beijing,Hard,A. Molcan,K. Khachanov,3,0.625,0.6900000000000001,0.2132,0.26,25.5,0.4291,0.3547,2.62,1.44,0,24.82
2026-10-02 00:15,12167612,Atp Singles,Beijing,Hard,A. Molcan,K. Khachanov,3,0.625,0.6900000000000001,0.2132,0.26,26.5,0.38,0.3192,2.9,1.36,0,24.82
2026-10-02 00:15,12167612,Atp Singles,Beijing,Hard,A. Molcan,K. Khachanov,3,0.625,0.6900000000000001,0.2132,0.26,27.5,0.3511,0.2937,3.15,1.31,0,24.82
2026-10-02 00:15,12167612,Atp Singles,Beijing,Hard,A. Molcan,K. Khachanov,3,0.625,0.6900000000000001,0.2132,0.26,28.5,0.3145,0.2604,3.55,1.25,0,24.82
2026-10-02 00:15,12167612,Atp Singles,Beijing,Hard,A. Molcan,K. Khachanov,3,0.625,0.6900000000000001,0.2132,0.26,29.5,0.2748,0.2286,4.05,1.2,0,24.82
2026-10-02 00:15,12167612,Atp Singles,Beijing,Hard,A. Molcan,K. Khachanov,3,0.625,0.6900000000000001,0.2132,0.26,30.5,0.233,0.1966,4.7,1.15,0,24.82
2026-10-02 00:15,12167612,Atp Singles,Beijing,Hard,A. Molcan,K. Khachanov,3,0.625,0.6900000000000001,0.2132,0.26,31.5,0.1813,0.163,5.7,1.11,0,24.82
2026-10-02 00:15,12167613,Atp Singles,Tokyo,Hard,K. Jacquet,L. Darderi,3,0.6475,0.6325000000000001,0.5742,0.4326,18.5,0.8848,0.7918,1.17,4.45,0,25.61
2026-10-02 00:15,12167613,Atp Singles,Tokyo,Hard,K. Jacquet,L. Darderi,3,0.6475,0.6325000000000001,0.5742,0.4326,19.5,0.8128,0.7235,1.28,3.35,0,25.61
2026-10-02 00:15,12167613,Atp Singles,Tokyo,Hard,K. Jacquet,L. Darderi,3,0.6475,0.6325000000000001,0.5742,0.4326,20.5,0.7417,0.6609,1.38,2.69,0,25.61
2026-10-02 00:15,12167613,Atp Singles,Tokyo,Hard,K. Jacquet,L. Darderi,3,0.6475,0.6325000000000001,0.5742,0.4326,21.5,0.6936,0.6072,1.52,2.35,0,25.61
2026-10-02 00:15,12167613,Atp Singles,Tokyo,Hard,K. Jacquet,L. Darderi,3,0.6475,0.6325000000000001,0.5742,0.4326,22.5,0.6111,0.5195,1.85,2.0,1,25.61
2026-10-02 00:15,12167613,Atp Singles,Tokyo,Hard,K. Jacquet,L. Darderi,3,0.6475,0.6325000000000001,0.5742,0.4326,23.5,0.5453,0.455,2.12,1.77,0,25.61
2026-10-02 00:15,12167613,Atp Singles,Tokyo,Hard,K. Jacquet,L. Darderi,3,0.6475,0.6325000000000001,0.5742,0.4326,24.5,0.5334,0.4526,2.02,1.67,0,25.61
2026-10-02 00:15,12167613,Atp Singles,Tokyo,Hard,K. Jacquet,L. Darderi,3,0.6475,0.6325000000000001,0.5742,0.4326,25.5,0.4957,0.4297,2.15,1.62,0,25.61
2026-10-02 00:15,12167613,Atp Singles,Tokyo,Hard,K. Jacquet,L. Darderi,3,0.6475,0.6325000000000001,0.5742,0.4326,26.5,0.4439,0.3907,2.37,1.52,0,25.61
2026-10-02 00:15,12167613,Atp Singles,Tokyo,Hard,K. Jacquet,L. Darderi,3,0.6475,0.6325000000000001,0.5742,0.4326,27.5,0.4075,0.3607,2.57,1.45,0,25.61
2026-10-02 00:15,12167613,Atp Singles,Tokyo,Hard,K. Jacquet,L. Darderi,3,0.6475,0.6325000000000001,0.5742,0.4326,28.5,0.3619,0.3231,2.87,1.37,0,25.61
2026-10-02 00:15,12167613,Atp Singles,Tokyo,Hard,K. Jacquet,L. Darderi,3,0.6475,0.6325000000000001,0.5742,0.4326,29.5,0.3128,0.2857,3.25,1.3,0,25.61
2026-10-02 00:15,12167613,Atp Singles,Tokyo,Hard,K. Jacquet,L. Darderi,3,0.6475,0.6325000000000001,0.5742,0.4326,30.5,0.262,0.247,3.75,1.23,0,25.61
2026-10-02 00:15,12167613,Atp Singles,Tokyo,Hard,K. Jacquet,L. Darderi,3,0.6475,0.6325000000000001,0.5742,0.4326,31.5,0.2018,0.2032,4.55,1.16,0,25.61
2026-10-02 00:15,12167613,Atp Singles,Tokyo,Hard,K. Jacquet,L. Darderi,3,0.6475,0.6325000000000001,0.5742,0.4326,32.5,0.1421,0.1594,5.8,1.1,0,25.61
2026-10-02 00:15,12167613,Atp Singles,Tokyo,Hard,K. Jacquet,L. Darderi,3,0.6475,0.6325000000000001,0.5742,0.4326,33.5,0.1042,0.1654,5.6,1.11,0,25.61
2026-10-02 00:15,12167614,Atp Singles,Tokyo,Hard,J. Munar,J. Faria,3,0.6725,0.625,0.7214,0.5756,17.5,0.9239,0.8321,1.11,5.5,0,25.16
2026-10-02 00:15,12167614,Atp Singles,Tokyo,Hard,J. Munar,J. Faria,3,0.6725,0.625,0.7214,0.5756,18.5,0.8656,0.7714,1.2,4.05,0,25.16
2026-10-02 00:15,12167614,Atp Singles,Tokyo,Hard,J. Munar,J. Faria,3,0.6725,0.625,0.7214,0.5756,19.5,0.7876,0.6963,1.33,3.05,0,25.16
2026-10-02 00:15,12167614,Atp Singles,Tokyo,Hard,J. Munar,J. Faria,3,0.6725,0.625,0.7214,0.5756,20.5,0.7112,0.6297,1.47,2.5,0,25.16
2026-10-02 00:15,12167614,Atp Singles,Tokyo,Hard,J. Munar,J. Faria,3,0.6725,0.625,0.7214,0.5756,21.5,0.66,0.5789,1.6,2.2,0,25.16
2026-10-02 00:15,12167614,Atp Singles,Tokyo,Hard,J. Munar,J. Faria,3,0.6725,0.625,0.7214,0.5756,22.5,0.5737,0.5108,1.82,1.9,1,25.16
2026-10-02 00:15,12167614,Atp Singles,Tokyo,Hard,J. Munar,J. Faria,3,0.6725,0.625,0.7214,0.5756,23.5,0.5057,0.441,2.18,1.72,0,25.16
2026-10-02 00:15,12167614,Atp Singles,Tokyo,Hard,J. Munar,J. Faria,3,0.6725,0.625,0.7214,0.5756,24.5,0.495,0.4465,2.07,1.67,0,25.16
2026-10-02 00:15,12167614,Atp Singles,Tokyo,Hard,J. Munar,J. Faria,3,0.6725,0.625,0.7214,0.5756,25.5,0.4592,0.4188,2.22,1.6,0,25.16
2026-10-02 00:15,12167614,Atp Singles,Tokyo,Hard,J. Munar,J. Faria,3,0.6725,0.625,0.7214,0.5756,26.5,0.4091,0.3703,2.5,1.47,0,25.16
2026-10-02 00:15,12167614,Atp Singles,Tokyo,Hard,J. Munar,J. Faria,3,0.6725,0.625,0.7214,0.5756,27.5,0.3766,0.3472,2.67,1.42,0,25.16
2026-10-02 00:15,12167614,Atp Singles,Tokyo,Hard,J. Munar,J. Faria,3,0.6725,0.625,0.7214,0.5756,28.5,0.3357,0.3088,3.0,1.34,0,25.16
2026-10-02 00:15,12167614,Atp Singles,Tokyo,Hard,J. Munar,J. Faria,3,0.6725,0.625,0.7214,0.5756,29.5,0.2915,0.2691,3.45,1.27,0,25.16
2026-10-02 00:15,12167614,Atp Singles,Tokyo,Hard,J. Munar,J. Faria,3,0.6725,0.625,0.7214,0.5756,30.5,0.2455,0.2286,4.05,1.2,0,25.16
2026-10-02 00:15,12167614,Atp Singles,Tokyo,Hard,J. Munar,J. Faria,3,0.6725,0.625,0.7214,0.5756,31.5,0.1898,0.1887,4.9,1.14,0,25.16
2026-10-02 00:15,12167616,Atp Singles,Tokyo,Hard,V. Vacherot,S. Tsitsipas,3,0.6975,0.7025,0.4768,0.397,18.5,0.9571,0.8215,1.13,5.2,0,27.34
2026-10-02 00:15,12167616,Atp Singles,Tokyo,Hard,V. Vacherot,S. Tsitsipas,3,0.6975,0.7025,0.4768,0.397,19.5,0.9012,0.753,1.23,3.75,0,27.34
2026-10-02 00:15,12167616,Atp Singles,Tokyo,Hard,V. Vacherot,S. Tsitsipas,3,0.6975,0.7025,0.4768,0.397,20.5,0.8419,0.6785,1.36,2.87,0,27.34
2026-10-02 00:15,12167616,Atp Singles,Tokyo,Hard,V. Vacherot,S. Tsitsipas,3,0.6975,0.7025,0.4768,0.397,21.5,0.8063,0.6423,1.42,2.55,0,27.34
2026-10-02 00:15,12167616,Atp Singles,Tokyo,Hard,V. Vacherot,S. Tsitsipas,3,0.6975,0.7025,0.4768,0.397,22.5,0.7064,0.5496,1.68,2.05,0,27.34
2026-10-02 00:15,12167616,Atp Singles,Tokyo,Hard,V. Vacherot,S. Tsitsipas,3,0.6975,0.7025,0.4768,0.397,23.5,0.6066,0.478,2.02,1.85,0,27.34
2026-10-02 00:15,12167616,Atp Singles,Tokyo,Hard,V. Vacherot,S. Tsitsipas,3,0.6975,0.7025,0.4768,0.397,24.5,0.602,0.4856,1.96,1.85,1,27.34
2026-10-02 00:15,12167616,Atp Singles,Tokyo,Hard,V. Vacherot,S. Tsitsipas,3,0.6975,0.7025,0.4768,0.397,25.5,0.5668,0.4394,2.08,1.63,0,27.34
2026-10-02 00:15,12167616,Atp Singles,Tokyo,Hard,V. Vacherot,S. Tsitsipas,3,0.6975,0.7025,0.4768,0.397,26.5,0.4857,0.3974,2.32,1.53,0,27.34
2026-10-02 00:15,12167616,Atp Singles,Tokyo,Hard,V. Vacherot,S. Tsitsipas,3,0.6975,0.7025,0.4768,0.397,27.5,0.4689,0.3703,2.5,1.47,0,27.34
2026-10-02 00:15,12167616,Atp Singles,Tokyo,Hard,V. Vacherot,S. Tsitsipas,3,0.6975,0.7025,0.4768,0.397,28.5,0.4422,0.3472,2.67,1.42,0,27.34
2026-10-02 00:15,12167616,Atp Singles,Tokyo,Hard,V. Vacherot,S. Tsitsipas,3,0.6975,0.7025,0.4768,0.397,29.5,0.4129,0.314,2.95,1.35,0,27.34
2026-10-02 00:15,12167616,Atp Singles,Tokyo,Hard,V. Vacherot,S. Tsitsipas,3,0.6975,0.7025,0.4768,0.397,30.5,0.3809,0.2765,3.35,1.28,0,27.34
2026-10-02 00:15,12167616,Atp Singles,Tokyo,Hard,V. Vacherot,S. Tsitsipas,3,0.6975,0.7025,0.4768,0.397,31.5,0.3245,0.2345,3.95,1.21,0,27.34
2026-10-02 00:15,12167616,Atp Singles,Tokyo,Hard,V. Vacherot,S. Tsitsipas,3,0.6975,0.7025,0.4768,0.397,32.5,0.2533,0.1857,5.0,1.14,0,27.34
2026-10-02 00:15,12167623,Atp Singles,Tokyo,Hard,A. Fils,F. Tiafoe,3,0.6825,0.6375000000000001,0.7087,0.6802,17.5,0.9376,0.8186,1.13,5.1,0,25.53
2026-10-02 00:15,12167623,Atp Singles,Tokyo,Hard,A. Fils,F. Tiafoe,3,0.6825,0.6375000000000001,0.7087,0.6802,18.5,0.8858,0.7692,1.2,4.0,0,25.53
2026-10-02 00:15,12167623,Atp Singles,Tokyo,Hard,A. Fils,F. Tiafoe,3,0.6825,0.6375000000000001,0.7087,0.6802,19.5,0.8098,0.6754,1.37,2.85,0,25.53
2026-10-02 00:15,12167623,Atp Singles,Tokyo,Hard,A. Fils,F. Tiafoe,3,0.6825,0.6375000000000001,0.7087,0.6802,20.5,0.7343,0.6292,1.45,2.46,0,25.53
2026-10-02 00:15,12167623,Atp Singles,Tokyo,Hard,A. Fils,F. Tiafoe,3,0.6825,0.6375000000000001,0.7087,0.6802,21.5,0.6848,0.5851,1.61,2.27,0,25.53
2026-10-02 00:15,12167623,Atp Singles,Tokyo,Hard,A. Fils,F. Tiafoe,3,0.6825,0.6375000000000001,0.7087,0.6802,22.5,0.5942,0.4961,1.95,1.92,1,25.53
2026-10-02 00:15,12167623,Atp Singles,Tokyo,Hard,A. Fils,F. Tiafoe,3,0.6825,0.6375000000000001,0.7087,0.6802,23.5,0.5197,0.4326,2.23,1.7,0,25.53
2026-10-02 00:15,12167623,Atp Singles,Tokyo,Hard,A. Fils,F. Tiafoe,3,0.6825,0.6375000000000001,0.7087,0.6802,24.5,0.5106,0.4225,2.16,1.58,0,25.53
2026-10-02 00:15,12167623,Atp Singles,Tokyo,Hard,A. Fils,F. Tiafoe,3,0.6825,0.6375000000000001,0.7087,0.6802,25.5,0.4755,0.4026,2.3,1.55,0,25.53
2026-10-02 00:15,12167623,Atp Singles,Tokyo,Hard,A. Fils,F. Tiafoe,3,0.6825,0.6375000000000001,0.7087,0.6802,26.5,0.4225,0.3625,2.55,1.45,0,25.53
2026-10-02 00:15,12167623,Atp Singles,Tokyo,Hard,A. Fils,F. Tiafoe,3,0.6825,0.6375000000000001,0.7087,0.6802,27.5,0.3931,0.3373,2.75,1.4,0,25.53
2026-10-02 00:15,12167623,Atp Singles,Tokyo,Hard,A. Fils,F. Tiafoe,3,0.6825,0.6375000000000001,0.7087,0.6802,28.5,0.3545,0.3088,3.0,1.34,0,25.53
2026-10-02 00:15,12167623,Atp Singles,Tokyo,Hard,A. Fils,F. Tiafoe,3,0.6825,0.6375000000000001,0.7087,0.6802,29.5,0.3127,0.2719,3.4,1.27,0,25.53
2026-10-02 00:15,12167623,Atp Singles,Tokyo,Hard,A. Fils,F. Tiafoe,3,0.6825,0.6375000000000001,0.7087,0.6802,30.5,0.2686,0.2383,3.9,1.22,0,25.53
2026-10-02 00:15,12167623,Atp Singles,Tokyo,Hard,A. Fils,F. Tiafoe,3,0.6825,0.6375000000000001,0.7087,0.6802,31.5,0.2117,0.1949,4.75,1.15,0,25.53
2026-10-02 00:15,12167626,Challenger Women Singles,Jingshan,Hard,K. Okamura,E. Jones,3,0.55,0.585,0.322,0.235,17.5,0.8623,0.6691,1.37,2.77,0,24.06
2026-10-02 00:15,12167626,Challenger Women Singles,Jingshan,Hard,K. Okamura,E. Jones,3,0.55,0.585,0.322,0.235,18.5,0.7907,0.5862,1.56,2.21,0,24.06
2026-10-02 00:15,12167626,Challenger Women Singles,Jingshan,Hard,K. Okamura,E. Jones,3,0.55,0.585,0.322,0.235,19.5,0.7171,0.5027,1.82,1.84,1,24.06
2026-10-02 00:15,12167626,Challenger Women Singles,Jingshan,Hard,K. Okamura,E. Jones,3,0.55,0.585,0.322,0.235,20.5,0.6498,0.4355,2.1,1.62,0,24.06
2026-10-02 00:15,12167626,Challenger Women Singles,Jingshan,Hard,K. Okamura,E. Jones,3,0.55,0.585,0.322,0.235,21.5,0.5988,0.385,2.38,1.49,0,24.06
2026-10-02 00:15,12167626,Challenger Women Singles,Jingshan,Hard,K. Okamura,E. Jones,3,0.55,0.585,0.322,0.235,22.5,0.5332,0.3254,2.82,1.36,0,24.06
2026-10-02 00:15,12167626,Challenger Women Singles,Jingshan,Hard,K. Okamura,E. Jones,3,0.55,0.585,0.322,0.235,23.5,0.4885,0.2968,3.08,1.3,0,24.06
2026-10-02 00:15,12167632,Challenger Women Singles,Jingshan,Hard,J. Bouzas Maneiro,S. Lansere,3,0.5425,0.5125,0.6563,0.8117,15.5,0.9592,0.7565,1.21,3.76,0,23.88
2026-10-02 00:15,12167632,Challenger Women Singles,Jingshan,Hard,J. Bouzas Maneiro,S. Lansere,3,0.5425,0.5125,0.6563,0.8117,16.5,0.9133,0.7101,1.29,3.16,0,23.88
2026-10-02 00:15,12167632,Challenger Women Singles,Jingshan,Hard,J. Bouzas Maneiro,S. Lansere,3,0.5425,0.5125,0.6563,0.8117,17.5,0.8497,0.6094,1.5,2.34,0,23.88
2026-10-02 00:15,12167632,Challenger Women Singles,Jingshan,Hard,J. Bouzas Maneiro,S. Lansere,3,0.5425,0.5125,0.6563,0.8117,18.5,0.7781,0.5,1.85,1.85,1,23.88
2026-10-02 00:15,12167632,Challenger Women Singles,Jingshan,Hard,J. Bouzas Maneiro,S. Lansere,3,0.5425,0.5125,0.6563,0.8117,19.5,0.7064,0.429,2.13,1.6,0,23.88
2026-10-02 00:15,12167632,Challenger Women Singles,Jingshan,Hard,J. Bouzas Maneiro,S. Lansere,3,0.5425,0.5125,0.6563,0.8117,20.5,0.6421,0.3646,2.51,1.44,0,23.88
2026-10-02 00:15,12167632,Challenger Women Singles,Jingshan,Hard,J. Bouzas Maneiro,S. Lansere,3,0.5425,0.5125,0.6563,0.8117,21.5,0.592,0.3175,2.88,1.34,0,23.88
2026-10-02 00:15,12167632,Challenger Women Singles,Jingshan,Hard,J. Bouzas Maneiro,S. Lansere,3,0.5425,0.5125,0.6563,0.8117,22.5,0.5294,0.2638,3.46,1.24,0,23.88
2026-10-02 00:15,12167634,Itf Men Singles,M15 Luan 4,Hard,N. Ehrenschneider,T. Ichikawa,3,0.665,0.625,0.6902,0.6593,19.5,0.7937,0.5957,1.52,2.24,0,25.28
2026-10-02 00:15,12167634,Itf Men Singles,M15 Luan 4,Hard,N. Ehrenschneider,T. Ichikawa,3,0.665,0.625,0.6902,0.6593,20.5,0.719,0.5443,1.75,2.09,0,25.28
2026-10-02 00:15,12167634,Itf Men Singles,M15 Luan 4,Hard,N. Ehrenschneider,T. Ichikawa,3,0.665,0.625,0.6902,0.6593,21.5,0.6686,0.4895,1.95,1.87,1,25.28
2026-10-02 00:15,12167634,Itf Men Singles,M15 Luan 4,Hard,N. Ehrenschneider,T. Ichikawa,3,0.665,0.625,0.6902,0.6593,22.5,0.584,0.4267,2.23,1.66,0,25.28
2026-10-02 00:15,12167635,Itf Men Singles,M15 Luan 4,Hard,R. Matsuda,K. Ogura,3,0.625,0.6175,0.538,0.6194,20.5,0.7235,0.5431,1.75,2.08,0,25.28
2026-10-02 00:15,12167635,Itf Men Singles,M15 Luan 4,Hard,R. Matsuda,K. Ogura,3,0.625,0.6175,0.538,0.6194,21.5,0.6743,0.4908,1.94,1.87,1,25.28
2026-10-02 00:15,12167635,Itf Men Singles,M15 Luan 4,Hard,R. Matsuda,K. Ogura,3,0.625,0.6175,0.538,0.6194,22.5,0.5975,0.4293,2.22,1.67,0,25.28
2026-10-02 00:15,12167636,Itf Men Singles,M15 Luan 4,Hard,K. Wang,I. Becroft,3,0.59,0.63,0.304,0.225,18.5,0.8237,0.6115,1.48,2.33,0,24.54
2026-10-02 00:15,12167636,Itf Men Singles,M15 Luan 4,Hard,K. Wang,I. Becroft,3,0.59,0.63,0.304,0.225,19.5,0.7473,0.5288,1.72,1.93,0,24.54
2026-10-02 00:15,12167636,Itf Men Singles,M15 Luan 4,Hard,K. Wang,I. Becroft,3,0.59,0.63,0.304,0.225,20.5,0.675,0.4751,2.0,1.81,1,24.54
2026-10-02 00:15,12167636,Itf Men Singles,M15 Luan 4,Hard,K. Wang,I. Becroft,3,0.59,0.63,0.304,0.225,21.5,0.6231,0.4167,2.17,1.55,0,24.54
2026-10-02 00:15,12167637,Itf Men Singles,M15 Luan 4,Hard,T. Yamanaka,M. Purcell,3,0.6025,0.71,0.0942,0.1175,17.5,0.846,0.5995,1.51,2.26,0,23.0
2026-10-02 00:15,12167637,Itf Men Singles,M15 Luan 4,Hard,T. Yamanaka,M. Purcell,3,0.6025,0.71,0.0942,0.1175,18.5,0.7538,0.5131,1.86,1.96,1,23.0
2026-10-02 00:15,12167637,Itf Men Singles,M15 Luan 4,Hard,T. Yamanaka,M. Purcell,3,0.6025,0.71,0.0942,0.1175,19.5,0.6537,0.427,2.12,1.58,0,23.0
2026-10-02 00:15,12167640,Itf Men Singles,M25 Darwin,Hard,P. Sekulic,H. Hoeyeraal,3,0.6975,0.6475,0.7264,0.7858,18.5,0.8986,0.6032,1.5,2.28,0,25.74
2026-10-02 00:15,12167640,Itf Men Singles,M25 Darwin,Hard,P. Sekulic,H. Hoeyeraal,3,0.6975,0.6475,0.7264,0.7858,19.5,0.8235,0.5677,1.66,2.18,0,25.74
2026-10-02 00:15,12167640,Itf Men Singles,M25 Darwin,Hard,P. Sekulic,H. Hoeyeraal,3,0.6975,0.6475,0.7264,0.7858,20.5,0.748,0.4735,1.99,1.79,1,25.74
2026-10-02 00:15,12167640,Itf Men Singles,M25 Darwin,Hard,P. Sekulic,H. Hoeyeraal,3,0.6975,0.6475,0.7264,0.7858,21.5,0.6994,0.4167,2.17,1.55,0,25.74
2026-10-02 00:15,12167641,Itf Men Singles,M25 Darwin,Hard,D. Pham,Ja. Delaney,3,0.645,0.72,0.1861,0.3699,20.5,0.7163,0.5833,1.55,2.17,0,25.2
2026-10-02 00:15,12167641,Itf Men Singles,M25 Darwin,Hard,D. Pham,Ja. Delaney,3,0.645,0.72,0.1861,0.3699,21.5,0.6631,0.5529,1.69,2.09,0,25.2
2026-10-02 00:15,12167641,Itf Men Singles,M25 Darwin,Hard,D. Pham,Ja. Delaney,3,0.645,0.72,0.1861,0.3699,22.5,0.5605,0.48,1.95,1.8,1,25.2
2026-10-02 00:15,12167645,Itf Men Singles,M25 Darwin,Hard,C. Hoole,C. Sinclair,3,0.675,0.685,0.4525,0.5636,21.5,0.7637,0.6031,1.56,2.37,0,26.69
2026-10-02 00:15,12167645,Itf Men Singles,M25 Darwin,Hard,C. Hoole,C. Sinclair,3,0.675,0.685,0.4525,0.5636,22.5,0.6684,0.5,1.83,1.83,1,26.69
2026-10-02 00:15,12167645,Itf Men Singles,M25 Darwin,Hard,C. Hoole,C. Sinclair,3,0.675,0.685,0.4525,0.5636,23.5,0.5804,0.4349,2.17,1.67,0,26.69
2026-10-02 00:15,12167646,Itf Men Singles,M25 Darwin,Hard,S. Jones,H. Jones,3,0.65,0.6,0.7365,0.4767,20.5,0.6721,0.5669,1.65,2.16,0,24.54
2026-10-02 00:15,12167646,Itf Men Singles,M25 Darwin,Hard,S. Jones,H. Jones,3,0.65,0.6,0.7365,0.4767,21.5,0.6192,0.5133,1.83,1.93,1,24.54
2026-10-02 00:15,12167646,Itf Men Singles,M25 Darwin,Hard,S. Jones,H. Jones,3,0.65,0.6,0.7365,0.4767,22.5,0.5414,0.4444,2.1,1.68,0,24.54
2026-10-02 00:15,12167651,Challenger Men Singles,Mouilleron-Le-Captif,Hard,L. Poullain,J. J. Schwaerzler,3,0.65,0.62,0.6466,0.4091,20.5,0.7202,0.5789,1.6,2.2,0,25.27
2026-10-02 00:15,12167651,Challenger Men Singles,Mouilleron-Le-Captif,Hard,L. Poullain,J. J. Schwaerzler,3,0.65,0.62,0.6466,0.4091,21.5,0.6704,0.5622,1.62,2.08,0,25.27
2026-10-02 00:15,12167651,Challenger Men Singles,Mouilleron-Le-Captif,Hard,L. Poullain,J. J. Schwaerzler,3,0.65,0.62,0.6466,0.4091,22.5,0.5893,0.4918,1.87,1.81,1,25.27
2026-10-02 00:15,12167651,Challenger Men Singles,Mouilleron-Le-Captif,Hard,L. Poullain,J. J. Schwaerzler,3,0.65,0.62,0.6466,0.4091,23.5,0.5265,0.4417,2.06,1.63,0,25.27
2026-10-02 00:15,12167652,Challenger Women Singles,Jingshan,Hard,A. Falei,S. Sorribes Tormo,3,0.5475,0.5125,0.6805,0.4343,18.5,0.7712,0.625,1.5,2.5,0,23.77
2026-10-02 00:15,12167652,Challenger Women Singles,Jingshan,Hard,A. Falei,S. Sorribes Tormo,3,0.5475,0.5125,0.6805,0.4343,19.5,0.6987,0.6094,1.5,2.34,0,23.77
2026-10-02 00:15,12167652,Challenger Women Singles,Jingshan,Hard,A. Falei,S. Sorribes Tormo,3,0.5475,0.5125,0.6805,0.4343,20.5,0.6339,0.5328,1.71,1.95,0,23.77
2026-10-02 00:15,12167652,Challenger Women Singles,Jingshan,Hard,A. Falei,S. Sorribes Tormo,3,0.5475,0.5125,0.6805,0.4343,21.5,0.5836,0.4933,1.89,1.84,1,23.77
2026-10-02 00:15,12167652,Challenger Women Singles,Jingshan,Hard,A. Falei,S. Sorribes Tormo,3,0.5475,0.5125,0.6805,0.4343,22.5,0.5212,0.4313,2.11,1.6,0,23.77
2026-10-02 00:15,12167652,Challenger Women Singles,Jingshan,Hard,A. Falei,S. Sorribes Tormo,3,0.5475,0.5125,0.6805,0.4343,23.5,0.4795,0.3744,2.44,1.46,0,23.77
2026-10-02 00:15,12167652,Challenger Women Singles,Jingshan,Hard,A. Falei,S. Sorribes Tormo,3,0.5475,0.5125,0.6805,0.4343,24.5,0.4516,0.3507,2.61,1.41,0,23.77
2026-10-02 00:15,12167652,Challenger Women Singles,Jingshan,Hard,A. Falei,S. Sorribes Tormo,3,0.5475,0.5125,0.6805,0.4343,25.5,0.4053,0.3084,2.96,1.32,0,23.77
2026-10-02 00:15,12167655,Itf Men Singles,M25 Kigali,Clay,M. Houkes,A. Beckley,3,0.6325000000000001,0.5825,0.7397,0.8433,17.5,0.8761,0.6198,1.46,2.38,0,24.21
2026-10-02 00:15,12167655,Itf Men Singles,M25 Kigali,Clay,M. Houkes,A. Beckley,3,0.6325000000000001,0.5825,0.7397,0.8433,18.5,0.8037,0.5135,1.8,1.9,1,24.21
2026-10-02 00:15,12167655,Itf Men Singles,M25 Kigali,Clay,M. Houkes,A. Beckley,3,0.6325000000000001,0.5825,0.7397,0.8433,19.5,0.7251,0.4643,1.95,1.69,0,24.21
2026-10-02 00:15,12167655,Itf Men Singles,M25 Kigali,Clay,M. Houkes,A. Beckley,3,0.6325000000000001,0.5825,0.7397,0.8433,20.5,0.6515,0.4237,2.19,1.61,0,24.21
2026-10-02 00:15,12167657,Itf Men Singles,M25 Slobozia (Romania),Clay,S. Gima,J. Opitz,3,0.6475,0.61,0.6819,0.6389,19.5,0.7745,0.5909,1.53,2.21,0,24.97
2026-10-02 00:15,12167657,Itf Men Singles,M25 Slobozia (Romania),Clay,S. Gima,J. Opitz,3,0.6475,0.61,0.6819,0.6389,20.5,0.701,0.5233,1.74,1.91,1,24.97
2026-10-02 00:15,12167657,Itf Men Singles,M25 Slobozia (Romania),Clay,S. Gima,J. Opitz,3,0.6475,0.61,0.6819,0.6389,21.5,0.6499,0.4711,1.92,1.71,0,24.97
2026-10-02 00:15,12167657,Itf Men Singles,M25 Slobozia (Romania),Clay,S. Gima,J. Opitz,3,0.6475,0.61,0.6819,0.6389,22.5,0.5708,0.4267,2.19,1.63,0,24.97
2026-10-02 00:15,12167663,Itf Women Singles,W35 Baza,Hard,C. Brace,A. Hesse,3,0.5700000000000001,0.51,0.7885,0.6568,19.5,0.6441,0.5833,1.55,2.17,0,23.02
2026-10-02 00:15,12167663,Itf Women Singles,W35 Baza,Hard,C. Brace,A. Hesse,3,0.5700000000000001,0.51,0.7885,0.6568,20.5,0.5766,0.5205,1.75,1.9,0,23.02
2026-10-02 00:15,12167663,Itf Women Singles,W35 Baza,Hard,C. Brace,A. Hesse,3,0.5700000000000001,0.51,0.7885,0.6568,21.5,0.5251,0.4853,1.93,1.82,1,23.02
2026-10-02 00:15,12167664,Itf Women Singles,W35 Reims,Hard,S. Nahimana,D. Martynov,3,0.585,0.555,0.6538,0.4382,19.5,0.7268,0.5795,1.56,2.15,0,24.21
2026-10-02 00:15,12167664,Itf Women Singles,W35 Reims,Hard,S. Nahimana,D. Martynov,3,0.585,0.555,0.6538,0.4382,20.5,0.6597,0.5289,1.71,1.92,0,24.21
2026-10-02 00:15,12167664,Itf Women Singles,W35 Reims,Hard,S. Nahimana,D. Martynov,3,0.585,0.555,0.6538,0.4382,21.5,0.609,0.4835,1.88,1.76,1,24.21
2026-10-02 00:15,12167664,Itf Women Singles,W35 Reims,Hard,S. Nahimana,D. Martynov,3,0.585,0.555,0.6538,0.4382,22.5,0.5428,0.427,2.12,1.58,0,24.21
2026-10-02 00:15,12167669,Challenger Men Singles,Bari (Italy) - Qualification,Clay,S. Pieri,C. Taberner,3,0.5675,0.61,0.2898,0.2381,19.5,0.7205,0.5791,1.57,2.16,0,24.13
2026-10-02 00:15,12167669,Challenger Men Singles,Bari (Italy) - Qualification,Clay,S. Pieri,C. Taberner,3,0.5675,0.61,0.2898,0.2381,20.5,0.6502,0.5136,1.79,1.89,1,24.13
2026-10-02 00:15,12167669,Challenger Men Singles,Bari (Italy) - Qualification,Clay,S. Pieri,C. Taberner,3,0.5675,0.61,0.2898,0.2381,21.5,0.5982,0.4485,2.14,1.74,0,24.13
2026-10-02 00:15,12167669,Challenger Men Singles,Bari (Italy) - Qualification,Clay,S. Pieri,C. Taberner,3,0.5675,0.61,0.2898,0.2381,22.5,0.5296,0.4297,2.15,1.62,0,24.13
2026-10-02 00:15,12167670,Challenger Men Singles,Jingshan,Hard,A. Bolt,D. Sweeny,3,0.64,0.6525,0.4384,0.4248,21.5,0.7042,0.5726,1.59,2.13,0,25.77
2026-10-02 00:15,12167670,Challenger Men Singles,Jingshan,Hard,A. Bolt,D. Sweeny,3,0.64,0.6525,0.4384,0.4248,22.5,0.6198,0.5,1.84,1.84,1,25.77
2026-10-02 00:15,12167670,Challenger Men Singles,Jingshan,Hard,A. Bolt,D. Sweeny,3,0.64,0.6525,0.4384,0.4248,23.5,0.5509,0.4558,2.03,1.7,0,25.77
2026-10-02 00:15,12167670,Challenger Men Singles,Jingshan,Hard,A. Bolt,D. Sweeny,3,0.64,0.6525,0.4384,0.4248,24.5,0.54,0.457,2.02,1.7,0,25.77
2026-10-02 00:15,12167671,Challenger Men Singles,Porto,Hard,D. Rincon,D. Jorda Sanchis,3,0.655,0.63,0.6221,0.6837,20.5,0.7362,0.5687,1.6,2.11,0,25.53
2026-10-02 00:15,12167671,Challenger Men Singles,Porto,Hard,D. Rincon,D. Jorda Sanchis,3,0.655,0.63,0.6221,0.6837,21.5,0.6875,0.5,1.83,1.83,1,25.53
2026-10-02 00:15,12167671,Challenger Men Singles,Porto,Hard,D. Rincon,D. Jorda Sanchis,3,0.655,0.63,0.6221,0.6837,22.5,0.6041,0.4473,2.15,1.74,0,25.53
2026-10-02 00:15,12167671,Challenger Men Singles,Porto,Hard,D. Rincon,D. Jorda Sanchis,3,0.655,0.63,0.6221,0.6837,23.5,0.5375,0.4263,2.18,1.62,0,25.53
2026-10-02 00:15,12167673,Itf Men Singles,M25 Kigali,Clay,Y. Oliel,F. Bax,3,0.5775,0.7025,0.0602,0.3245,19.5,0.5561,0.5652,1.6,2.08,0,21.75
2026-10-02 00:15,12167673,Itf Men Singles,M25 Kigali,Clay,Y. Oliel,F. Bax,3,0.5775,0.7025,0.0602,0.3245,20.5,0.4647,0.5669,1.65,2.16,0,21.75
2026-10-02 00:15,12167673,Itf Men Singles,M25 Kigali,Clay,Y. Oliel,F. Bax,3,0.5775,0.7025,0.0602,0.3245,21.5,0.4027,0.5106,1.84,1.92,1,21.75
2026-10-02 00:15,12167673,Itf Men Singles,M25 Kigali,Clay,Y. Oliel,F. Bax,3,0.5775,0.7025,0.0602,0.3245,22.5,0.3281,0.4395,2.13,1.67,0,21.75
2026-10-02 00:15,12167674,Itf Men Singles,M25 Kigali,Clay,M. Plunger,B. Lock,3,0.5750000000000001,0.645,0.1849,0.5516,20.5,0.6017,0.5519,1.64,2.02,0,23.53
2026-10-02 00:15,12167674,Itf Men Singles,M25 Kigali,Clay,M. Plunger,B. Lock,3,0.5750000000000001,0.645,0.1849,0.5516,21.5,0.5464,0.5,1.82,1.82,1,23.53
2026-10-02 00:15,12167674,Itf Men Singles,M25 Kigali,Clay,M. Plunger,B. Lock,3,0.5750000000000001,0.645,0.1849,0.5516,22.5,0.4746,0.4454,2.03,1.63,0,23.53
2026-10-02 00:15,12167675,Itf Men Singles,M25 Zaragoza,Clay,L. Carboni,S. Jong,3,0.615,0.62,0.4746,0.3926,19.5,0.79,0.5733,1.63,2.19,0,25.22
2026-10-02 00:15,12167675,Itf Men Singles,M25 Zaragoza,Clay,L. Carboni,S. Jong,3,0.615,0.62,0.4746,0.3926,20.5,0.7203,0.5106,1.84,1.92,1,25.22
2026-10-02 00:15,12167675,Itf Men Singles,M25 Zaragoza,Clay,L. Carboni,S. Jong,3,0.615,0.62,0.4746,0.3926,21.5,0.671,0.4865,1.9,1.8,0,25.22
2026-10-02 00:15,12167676,Itf Men Singles,M25 Zaragoza,Clay,A. Moro Canas,P. Vives Marcos,3,0.63,0.6,0.6492,0.6858,20.5,0.6968,0.5372,1.74,2.02,0,24.87
2026-10-02 00:15,12167676,Itf Men Singles,M25 Zaragoza,Clay,A. Moro Canas,P. Vives Marcos,3,0.63,0.6,0.6492,0.6858,21.5,0.646,0.484,1.93,1.81,1,24.87
2026-10-02 00:15,12167677,Itf Women Singles,W75 Quinta do Lago,Hard,M. Rouvroy,S. Bandecchi,3,0.5675,0.5825,0.4218,0.191,18.5,0.8184,0.577,1.62,2.21,0,24.51
2026-10-02 00:15,12167677,Itf Women Singles,W75 Quinta do Lago,Hard,M. Rouvroy,S. Bandecchi,3,0.5675,0.5825,0.4218,0.191,19.5,0.747,0.5067,1.85,1.9,1,24.51
2026-10-02 00:15,12167677,Itf Women Singles,W75 Quinta do Lago,Hard,M. Rouvroy,S. Bandecchi,3,0.5675,0.5825,0.4218,0.191,20.5,0.6806,0.4406,2.12,1.67,0,24.51
2026-10-02 00:15,12167689,Itf Women Singles,W75 Quinta do Lago,Hard,A. Dudeney,K. Swan,3,0.5700000000000001,0.595,0.3717,0.3163,19.5,0.7429,0.5214,1.79,1.95,1,24.46
2026-10-02 00:15,12167689,Itf Women Singles,W75 Quinta do Lago,Hard,A. Dudeney,K. Swan,3,0.5700000000000001,0.595,0.3717,0.3163,20.5,0.6751,0.4553,2.07,1.73,0,24.46
2026-10-02 00:15,12167689,Itf Women Singles,W75 Quinta do Lago,Hard,A. Dudeney,K. Swan,3,0.5700000000000001,0.595,0.3717,0.3163,21.5,0.6244,0.427,2.12,1.58,0,24.46
2026-10-02 00:15,12167689,Itf Women Singles,W75 Quinta do Lago,Hard,A. Dudeney,K. Swan,3,0.5700000000000001,0.595,0.3717,0.3163,22.5,0.5562,0.3699,2.47,1.45,0,24.46
2026-10-02 00:15,12167689,Itf Women Singles,W75 Quinta do Lago,Hard,A. Dudeney,K. Swan,3,0.5700000000000001,0.595,0.3717,0.3163,23.5,0.5086,0.3254,2.82,1.36,0,24.46
2026-10-02 00:15,12167690,Atp Singles,Beijing,Hard,H. Hurkacz,A. Gea,3,0.675,0.6475,0.6314,0.5595,18.5,0.9043,0.7899,1.17,4.4,0,25.95
2026-10-02 00:15,12167690,Atp Singles,Beijing,Hard,H. Hurkacz,A. Gea,3,0.675,0.6475,0.6314,0.5595,19.5,0.833,0.7159,1.29,3.25,0,25.95
2026-10-02 00:15,12167690,Atp Singles,Beijing,Hard,H. Hurkacz,A. Gea,3,0.675,0.6475,0.6314,0.5595,20.5,0.7612,0.6659,1.37,2.73,0,25.95
2026-10-02 00:15,12167690,Atp Singles,Beijing,Hard,H. Hurkacz,A. Gea,3,0.675,0.6475,0.6314,0.5595,21.5,0.7147,0.6211,1.47,2.41,0,25.95
2026-10-02 00:15,12167690,Atp Singles,Beijing,Hard,H. Hurkacz,A. Gea,3,0.675,0.6475,0.6314,0.5595,22.5,0.6247,0.5297,1.82,2.05,1,25.95
2026-10-02 00:15,12167690,Atp Singles,Beijing,Hard,H. Hurkacz,A. Gea,3,0.675,0.6475,0.6314,0.5595,23.5,0.5483,0.4619,2.12,1.82,0,25.95
2026-10-02 00:15,12167690,Atp Singles,Beijing,Hard,H. Hurkacz,A. Gea,3,0.675,0.6475,0.6314,0.5595,24.5,0.5395,0.4597,2.01,1.71,0,25.95
2026-10-02 00:15,12167690,Atp Singles,Beijing,Hard,H. Hurkacz,A. Gea,3,0.675,0.6475,0.6314,0.5595,25.5,0.504,0.4233,2.18,1.6,0,25.95
2026-10-02 00:15,12167690,Atp Singles,Beijing,Hard,H. Hurkacz,A. Gea,3,0.675,0.6475,0.6314,0.5595,26.5,0.4487,0.3846,2.4,1.5,0,25.95
2026-10-02 00:15,12167690,Atp Singles,Beijing,Hard,H. Hurkacz,A. Gea,3,0.675,0.6475,0.6314,0.5595,27.5,0.419,0.3564,2.6,1.44,0,25.95
2026-10-02 00:15,12167690,Atp Singles,Beijing,Hard,H. Hurkacz,A. Gea,3,0.675,0.6475,0.6314,0.5595,28.5,0.3793,0.3215,2.87,1.36,0,25.95
2026-10-02 00:15,12167690,Atp Singles,Beijing,Hard,H. Hurkacz,A. Gea,3,0.675,0.6475,0.6314,0.5595,29.5,0.3363,0.2841,3.25,1.29,0,25.95
2026-10-02 00:15,12167690,Atp Singles,Beijing,Hard,H. Hurkacz,A. Gea,3,0.675,0.6475,0.6314,0.5595,30.5,0.2909,0.243,3.8,1.22,0,25.95
2026-10-02 00:15,12167690,Atp Singles,Beijing,Hard,H. Hurkacz,A. Gea,3,0.675,0.6475,0.6314,0.5595,31.5,0.2308,0.1997,4.65,1.16,0,25.95
2026-10-02 00:15,12167692,Challenger Men Singles,Jingshan,Hard,L. Harris,A. Ilagan,3,0.7025,0.6375000000000001,0.7837,0.775,20.5,0.7125,0.5687,1.6,2.11,0,25.18
2026-10-02 00:15,12167692,Challenger Men Singles,Jingshan,Hard,L. Harris,A. Ilagan,3,0.7025,0.6375000000000001,0.7837,0.775,21.5,0.66,0.5109,1.8,1.88,1,25.18
2026-10-02 00:15,12167692,Challenger Men Singles,Jingshan,Hard,L. Harris,A. Ilagan,3,0.7025,0.6375000000000001,0.7837,0.775,22.5,0.564,0.4378,2.08,1.62,0,25.18
2026-10-02 00:15,12167693,Challenger Men Singles,Mouilleron-Le-Captif,Hard,H. Bernet,F. Balshaw,3,0.645,0.6875,0.3031,0.5155,22.5,0.6084,0.544,1.76,2.1,0,25.77
2026-10-02 00:15,12167693,Challenger Men Singles,Mouilleron-Le-Captif,Hard,H. Bernet,F. Balshaw,3,0.645,0.6875,0.3031,0.5155,23.5,0.5299,0.4637,2.07,1.79,0,25.77
2026-10-02 00:15,12167693,Challenger Men Singles,Mouilleron-Le-Captif,Hard,H. Bernet,F. Balshaw,3,0.645,0.6875,0.3031,0.5155,24.5,0.5217,0.4919,1.88,1.82,1,25.77
2026-10-02 00:15,12167693,Challenger Men Singles,Mouilleron-Le-Captif,Hard,H. Bernet,F. Balshaw,3,0.645,0.6875,0.3031,0.5155,25.5,0.4867,0.4599,2.02,1.72,0,25.77
2026-10-02 00:15,12167695,Challenger Men Singles,Porto,Hard,J. Kym,E. Butvilas,3,0.6725,0.6575,0.5723,0.5273,21.5,0.733,0.6146,1.48,2.36,0,26.22
2026-10-02 00:15,12167695,Challenger Men Singles,Porto,Hard,J. Kym,E. Butvilas,3,0.6725,0.6575,0.5723,0.5273,22.5,0.6423,0.5286,1.81,2.03,1,26.22
2026-10-02 00:15,12167695,Challenger Men Singles,Porto,Hard,J. Kym,E. Butvilas,3,0.6725,0.6575,0.5723,0.5273,23.5,0.5633,0.4649,2.06,1.79,0,26.22
2026-10-02 00:15,12167695,Challenger Men Singles,Porto,Hard,J. Kym,E. Butvilas,3,0.6725,0.6575,0.5723,0.5273,24.5,0.5552,0.4645,1.96,1.7,0,26.22
2026-10-02 00:15,12167698,Itf Men Singles,M15 Baku 2 (Azerbaijan),Hard,A. Azkara,D. Singh,3,0.71,0.6925,0.5807,0.526,21.5,0.8038,0.5385,1.68,1.96,0,27.3
2026-10-02 00:15,12167698,Itf Men Singles,M15 Baku 2 (Azerbaijan),Hard,A. Azkara,D. Singh,3,0.71,0.6925,0.5807,0.526,22.5,0.7031,0.4881,1.94,1.85,1,27.3
2026-10-02 00:15,12167698,Itf Men Singles,M15 Baku 2 (Azerbaijan),Hard,A. Azkara,D. Singh,3,0.71,0.6925,0.5807,0.526,23.5,0.6024,0.4286,2.2,1.65,0,27.3
2026-10-02 00:15,12167699,Itf Men Singles,M15 Baku 2 (Azerbaijan),Hard,M. Hurrion,L. Larue,3,0.6325000000000001,0.5425,0.8793,0.8768,16.5,0.8616,0.6368,1.42,2.49,0,22.26
2026-10-02 00:15,12167699,Itf Men Singles,M15 Baku 2 (Azerbaijan),Hard,M. Hurrion,L. Larue,3,0.6325000000000001,0.5425,0.8793,0.8768,17.5,0.7684,0.5328,1.71,1.95,1,22.26
2026-10-02 00:15,12167699,Itf Men Singles,M15 Baku 2 (Azerbaijan),Hard,M. Hurrion,L. Larue,3,0.6325000000000001,0.5425,0.8793,0.8768,18.5,0.674,0.4521,2.0,1.65,0,22.26
2026-10-02 00:15,12167700,Itf Men Singles,M15 Baku 2 (Azerbaijan),Hard,M. Walters,J. Connel,3,0.63,0.6575,0.3663,0.387,19.5,0.8076,0.573,1.58,2.12,0,25.52
2026-10-02 00:15,12167700,Itf Men Singles,M15 Baku 2 (Azerbaijan),Hard,M. Walters,J. Connel,3,0.63,0.6575,0.3663,0.387,20.5,0.7351,0.5303,1.78,2.01,0,25.52
2026-10-02 00:15,12167700,Itf Men Singles,M15 Baku 2 (Azerbaijan),Hard,M. Walters,J. Connel,3,0.63,0.6575,0.3663,0.387,21.5,0.6863,0.4788,1.97,1.81,1,25.52
2026-10-02 00:15,12167701,Itf Men Singles,M15 Baku 2 (Azerbaijan),Hard,V. Iakubenko,K. Yilmaz,3,0.62,0.62,0.5,0.489,20.5,0.7235,0.5546,1.63,2.03,0,25.27
2026-10-02 00:15,12167701,Itf Men Singles,M15 Baku 2 (Azerbaijan),Hard,V. Iakubenko,K. Yilmaz,3,0.62,0.62,0.5,0.489,21.5,0.6744,0.5,1.82,1.82,1,25.27
2026-10-02 00:15,12167701,Itf Men Singles,M15 Baku 2 (Azerbaijan),Hard,V. Iakubenko,K. Yilmaz,3,0.62,0.62,0.5,0.489,22.5,0.5979,0.4454,2.03,1.63,0,25.27
2026-10-02 00:15,12167703,Itf Men Singles,M15 Sharm ElSheikh 11,Hard,P. Jubb,A. Elsayed,3,0.665,0.5625,0.9044,0.856,17.5,0.7751,0.5909,1.53,2.21,0,22.17
2026-10-02 00:15,12167703,Itf Men Singles,M15 Sharm ElSheikh 11,Hard,P. Jubb,A. Elsayed,3,0.665,0.5625,0.9044,0.856,18.5,0.675,0.5055,1.8,1.84,1,22.17
2026-10-02 00:15,12167703,Itf Men Singles,M15 Sharm ElSheikh 11,Hard,P. Jubb,A. Elsayed,3,0.665,0.5625,0.9044,0.856,19.5,0.5818,0.4375,2.07,1.61,0,22.17
2026-10-02 00:15,12167704,Itf Men Singles,M15 Sharm ElSheikh 11,Hard,R. Strombachs,M. Krajci,3,0.6825,0.6425,0.6869,0.6601,19.5,0.8209,0.5795,1.56,2.15,0,25.72
2026-10-02 00:15,12167704,Itf Men Singles,M15 Sharm ElSheikh 11,Hard,R. Strombachs,M. Krajci,3,0.6825,0.6425,0.6869,0.6601,20.5,0.7468,0.5165,1.76,1.88,1,25.72
2026-10-02 00:15,12167704,Itf Men Singles,M15 Sharm ElSheikh 11,Hard,R. Strombachs,M. Krajci,3,0.6825,0.6425,0.6869,0.6601,21.5,0.6985,0.467,1.94,1.7,0,25.72
2026-10-02 00:15,12167705,Itf Men Singles,M15 Sharm ElSheikh 11,Hard,F. Zakaria,R. Faucon,3,0.585,0.7125,0.0582,0.455,20.5,0.4747,0.5546,1.63,2.03,0,21.87
2026-10-02 00:15,12167705,Itf Men Singles,M15 Sharm ElSheikh 11,Hard,F. Zakaria,R. Faucon,3,0.585,0.7125,0.0582,0.455,21.5,0.4111,0.5027,1.81,1.83,1,21.87
2026-10-02 00:15,12167705,Itf Men Singles,M15 Sharm ElSheikh 11,Hard,F. Zakaria,R. Faucon,3,0.585,0.7125,0.0582,0.455,22.5,0.332,0.4481,2.02,1.64,0,21.87
2026-10-02 00:15,12167706,Itf Men Singles,M15 Sibenik,Clay,F. Krolo,N. Lopez,3,0.5575,0.6075,0.2565,0.4973,20.5,0.6284,0.528,1.77,1.98,0,23.81
2026-10-02 00:15,12167706,Itf Men Singles,M15 Sibenik,Clay,F. Krolo,N. Lopez,3,0.5575,0.6075,0.2565,0.4973,21.5,0.5759,0.4863,1.87,1.77,1,23.81
2026-10-02 00:15,12167706,Itf Men Singles,M15 Sibenik,Clay,F. Krolo,N. Lopez,3,0.5575,0.6075,0.2565,0.4973,22.5,0.5089,0.4309,2.1,1.59,0,23.81
2026-10-02 00:15,12167707,Itf Men Singles,M15 Sibenik,Clay,N. Mashtakov,J. Von der Schulenburg,3,0.5675,0.595,0.3593,0.5899,20.5,0.6708,0.5425,1.67,1.98,0,24.39
2026-10-02 00:15,12167707,Itf Men Singles,M15 Sibenik,Clay,N. Mashtakov,J. Von der Schulenburg,3,0.5675,0.595,0.3593,0.5899,21.5,0.62,0.4945,1.84,1.8,1,24.39
2026-10-02 00:15,12167707,Itf Men Singles,M15 Sibenik,Clay,N. Mashtakov,J. Von der Schulenburg,3,0.5675,0.595,0.3593,0.5899,22.5,0.5521,0.4375,2.07,1.61,0,24.39
2026-10-02 00:15,12167708,Itf Men Singles,M15 Sibenik,Clay,J. Nicod,C. Bertimon,3,0.6525,0.5425,0.9222,0.8148,17.5,0.7251,0.5957,1.52,2.24,0,21.49
2026-10-02 00:15,12167708,Itf Men Singles,M15 Sibenik,Clay,J. Nicod,C. Bertimon,3,0.6525,0.5425,0.9222,0.8148,18.5,0.6208,0.5137,1.77,1.87,1,21.49
2026-10-02 00:15,12167708,Itf Men Singles,M15 Sibenik,Clay,J. Nicod,C. Bertimon,3,0.6525,0.5425,0.9222,0.8148,19.5,0.5291,0.4481,2.02,1.64,0,21.49
2026-10-02 00:15,12167709,Itf Men Singles,M15 Sibenik,Clay,M. Mikovic,M. Van Der Meerschen,3,0.56,0.62,0.2175,0.1866,18.5,0.7618,0.5598,1.62,2.06,0,23.57
2026-10-02 00:15,12167709,Itf Men Singles,M15 Sibenik,Clay,M. Mikovic,M. Van Der Meerschen,3,0.56,0.62,0.2175,0.1866,19.5,0.6817,0.4918,1.85,1.79,1,23.57
2026-10-02 00:15,12167709,Itf Men Singles,M15 Sibenik,Clay,M. Mikovic,M. Van Der Meerschen,3,0.56,0.62,0.2175,0.1866,20.5,0.609,0.4309,2.1,1.59,0,23.57
2026-10-02 00:15,12167711,Itf Women Singles,W35 Baza,Hard,V. Ryser,C. Esquiva Banuls,3,0.6125,0.5525,0.7837,0.4595,19.5,0.6742,0.5833,1.55,2.17,0,23.46
2026-10-02 00:15,12167711,Itf Women Singles,W35 Baza,Hard,V. Ryser,C. Esquiva Banuls,3,0.6125,0.5525,0.7837,0.4595,20.5,0.6024,0.5266,1.78,1.98,0,23.46
2026-10-02 00:15,12167711,Itf Women Singles,W35 Baza,Hard,V. Ryser,C. Esquiva Banuls,3,0.6125,0.5525,0.7837,0.4595,21.5,0.5492,0.4786,1.95,1.79,1,23.46
2026-10-02 00:15,12167711,Itf Women Singles,W35 Baza,Hard,V. Ryser,C. Esquiva Banuls,3,0.6125,0.5525,0.7837,0.4595,22.5,0.4831,0.4243,2.13,1.57,0,23.46
2026-10-02 00:15,12167713,Itf Women Singles,W75 Quinta do Lago,Hard,F. Jorge,E. Vedder,3,0.61,0.58,0.6515,0.5459,20.5,0.6778,0.5594,1.67,2.12,0,24.53
2026-10-02 00:15,12167713,Itf Women Singles,W75 Quinta do Lago,Hard,F. Jorge,E. Vedder,3,0.61,0.58,0.6515,0.5459,21.5,0.6268,0.5067,1.85,1.9,1,24.53
2026-10-02 00:15,12167713,Itf Women Singles,W75 Quinta do Lago,Hard,F. Jorge,E. Vedder,3,0.61,0.58,0.6515,0.5459,22.5,0.5564,0.4497,2.08,1.7,0,24.53
2026-10-02 00:15,12167713,Itf Women Singles,W75 Quinta do Lago,Hard,F. Jorge,E. Vedder,3,0.61,0.58,0.6515,0.5459,23.5,0.5066,0.3507,2.61,1.41,0,24.53
2026-10-02 00:15,12167713,Itf Women Singles,W75 Quinta do Lago,Hard,F. Jorge,E. Vedder,3,0.61,0.58,0.6515,0.5459,24.5,0.4866,0.3309,2.77,1.37,0,24.53
2026-10-02 00:15,12167714,Itf Women Singles,W75 Quinta do Lago,Hard,L. Pigato,P. Hercog,3,0.61,0.5925,0.5894,0.6755,19.5,0.767,0.5833,1.55,2.17,0,24.84
2026-10-02 00:15,12167714,Itf Women Singles,W75 Quinta do Lago,Hard,L. Pigato,P. Hercog,3,0.61,0.5925,0.5894,0.6755,20.5,0.698,0.5205,1.75,1.9,1,24.84
2026-10-02 00:15,12167714,Itf Women Singles,W75 Quinta do Lago,Hard,L. Pigato,P. Hercog,3,0.61,0.5925,0.5894,0.6755,21.5,0.6478,0.4711,1.92,1.71,0,24.84
2026-10-02 00:15,12167714,Itf Women Singles,W75 Quinta do Lago,Hard,L. Pigato,P. Hercog,3,0.61,0.5925,0.5894,0.6755,22.5,0.5759,0.3636,2.52,1.44,0,24.84
2026-10-02 00:15,12167714,Itf Women Singles,W75 Quinta do Lago,Hard,L. Pigato,P. Hercog,3,0.61,0.5925,0.5894,0.6755,23.5,0.5239,0.3309,2.77,1.37,0,24.84
2026-10-02 00:15,12167726,Itf Women Singles,W35 Baza,Hard,C. Cervino Ruiz,N. Berecoechea,3,0.5,0.5775,0.1505,0.3534,19.5,0.5892,0.5733,1.63,2.19,0,22.27
2026-10-02 00:15,12167726,Itf Women Singles,W35 Baza,Hard,C. Cervino Ruiz,N. Berecoechea,3,0.5,0.5775,0.1505,0.3534,20.5,0.5206,0.5106,1.84,1.92,1,22.27
2026-10-02 00:15,12167726,Itf Women Singles,W35 Baza,Hard,C. Cervino Ruiz,N. Berecoechea,3,0.5,0.5775,0.1505,0.3534,21.5,0.4689,0.4628,2.02,1.74,0,22.27
2026-10-02 00:15,12167727,Challenger Men Singles,Bari (Italy) - Qualification,Clay,M. Donald,M. Krumich,3,0.555,0.585,0.3462,0.3437,19.5,0.7268,0.6266,1.46,2.45,0,24.21
2026-10-02 00:15,12167727,Challenger Men Singles,Bari (Italy) - Qualification,Clay,M. Donald,M. Krumich,3,0.555,0.585,0.3462,0.3437,20.5,0.6597,0.56,1.65,2.1,0,24.21
2026-10-02 00:15,12167727,Challenger Men Singles,Bari (Italy) - Qualification,Clay,M. Donald,M. Krumich,3,0.555,0.585,0.3462,0.3437,21.5,0.609,0.5135,1.8,1.9,1,24.21
2026-10-02 00:15,12167727,Challenger Men Singles,Bari (Italy) - Qualification,Clay,M. Donald,M. Krumich,3,0.555,0.585,0.3462,0.3437,22.5,0.5428,0.4541,2.02,1.68,0,24.21
2026-10-02 00:15,12167727,Challenger Men Singles,Bari (Italy) - Qualification,Clay,M. Donald,M. Krumich,3,0.555,0.585,0.3462,0.3437,23.5,0.4974,0.3559,2.57,1.42,0,24.21
2026-10-02 00:15,12167727,Challenger Men Singles,Bari (Italy) - Qualification,Clay,M. Donald,M. Krumich,3,0.555,0.585,0.3462,0.3437,24.5,0.4734,0.3366,2.72,1.38,0,24.21
2026-10-02 00:15,12167727,Challenger Men Singles,Bari (Italy) - Qualification,Clay,M. Donald,M. Krumich,3,0.555,0.585,0.3462,0.3437,25.5,0.4288,0.2968,3.08,1.3,0,24.21
2026-10-02 00:15,12167728,Challenger Men Singles,Porto,Hard,A. Holmgren,H. Rocha,3,0.66,0.6875,0.3704,0.3392,20.5,0.7821,0.5867,1.55,2.2,0,26.3
2026-10-02 00:15,12167728,Challenger Men Singles,Porto,Hard,A. Holmgren,H. Rocha,3,0.66,0.6875,0.3704,0.3392,21.5,0.7378,0.5389,1.78,2.08,0,26.3
2026-10-02 00:15,12167728,Challenger Men Singles,Porto,Hard,A. Holmgren,H. Rocha,3,0.66,0.6875,0.3704,0.3392,22.5,0.6435,0.4649,2.06,1.79,1,26.3
2026-10-02 00:15,12167728,Challenger Men Singles,Porto,Hard,A. Holmgren,H. Rocha,3,0.66,0.6875,0.3704,0.3392,23.5,0.5596,0.4236,2.15,1.58,0,26.3
2026-10-02 00:15,12167730,Itf Men Singles,M15 Monastir 33,Hard,T. Duran,J. Loge,3,0.645,0.64,0.5248,0.5,20.5,0.7493,0.5652,1.6,2.08,0,25.73
2026-10-02 00:15,12167730,Itf Men Singles,M15 Monastir 33,Hard,T. Duran,J. Loge,3,0.645,0.64,0.5248,0.5,21.5,0.7019,0.5333,1.75,2.0,1,25.73
2026-10-02 00:15,12167730,Itf Men Singles,M15 Monastir 33,Hard,T. Duran,J. Loge,3,0.645,0.64,0.5248,0.5,22.5,0.6188,0.4628,2.02,1.74,0,25.73
2026-10-02 00:15,12167731,Itf Men Singles,M15 Monastir 33,Hard,K. van Wyk,L. Branger,3,0.6,0.6575,0.2343,0.2842,18.5,0.8187,0.5957,1.52,2.24,0,24.38
2026-10-02 00:15,12167731,Itf Men Singles,M15 Monastir 33,Hard,K. van Wyk,L. Branger,3,0.6,0.6575,0.2343,0.2842,19.5,0.7371,0.5733,1.63,2.19,0,24.38
2026-10-02 00:15,12167731,Itf Men Singles,M15 Monastir 33,Hard,K. van Wyk,L. Branger,3,0.6,0.6575,0.2343,0.2842,20.5,0.6598,0.5067,1.85,1.9,1,24.38
2026-10-02 00:15,12167731,Itf Men Singles,M15 Monastir 33,Hard,K. van Wyk,L. Branger,3,0.6,0.6575,0.2343,0.2842,21.5,0.6058,0.4574,2.04,1.72,0,24.38
2026-10-02 00:15,12167732,Itf Men Singles,M15 Monastir 33,Hard,E. Demanet,A. Ouakaa,3,0.6375000000000001,0.5825,0.7596,0.6509,19.5,0.717,0.5768,1.57,2.14,0,24.09
2026-10-02 00:15,12167732,Itf Men Singles,M15 Monastir 33,Hard,E. Demanet,A. Ouakaa,3,0.6375000000000001,0.5825,0.7596,0.6509,20.5,0.6424,0.5055,1.8,1.84,1,24.09
2026-10-02 00:15,12167732,Itf Men Singles,M15 Monastir 33,Hard,E. Demanet,A. Ouakaa,3,0.6375000000000001,0.5825,0.7596,0.6509,21.5,0.5888,0.4548,1.99,1.66,0,24.09
2026-10-02 00:15,12167741,Itf Men Singles,M25 Zaragoza,Clay,A. Ritschard,M. Damas,3,0.5925,0.5475,0.7235,0.7026,20.5,0.631,0.515,1.78,1.89,1,23.81
2026-10-02 00:15,12167741,Itf Men Singles,M25 Zaragoza,Clay,A. Ritschard,M. Damas,3,0.5925,0.5475,0.7235,0.7026,21.5,0.5793,0.472,1.98,1.77,0,23.81
2026-10-02 00:15,12167743,Itf Women Singles,W15 Monastir 28,Hard,M. Soriano Santiago,A. Cirotte,3,0.5725,0.545,0.6424,0.5405,19.5,0.7233,0.5795,1.56,2.15,0,24.14
2026-10-02 00:15,12167743,Itf Women Singles,W15 Monastir 28,Hard,M. Soriano Santiago,A. Cirotte,3,0.5725,0.545,0.6424,0.5405,20.5,0.6573,0.5137,1.77,1.87,1,24.14
2026-10-02 00:15,12167743,Itf Women Singles,W15 Monastir 28,Hard,M. Soriano Santiago,A. Cirotte,3,0.5725,0.545,0.6424,0.5405,21.5,0.6069,0.4516,2.04,1.68,0,24.14
2026-10-02 00:15,12167745,Itf Women Singles,W15 Varna,Clay,V. Garnevska,S. Sakellaridi,3,0.5125,0.6175,0.0832,0.2779,18.5,0.5951,0.5658,1.65,2.15,0,21.24
2026-10-02 00:15,12167745,Itf Women Singles,W15 Varna,Clay,V. Garnevska,S. Sakellaridi,3,0.5125,0.6175,0.0832,0.2779,19.5,0.5088,0.4761,1.97,1.79,1,21.24
2026-10-02 00:15,12167745,Itf Women Singles,W15 Varna,Clay,V. Garnevska,S. Sakellaridi,3,0.5125,0.6175,0.0832,0.2779,20.5,0.4368,0.4521,2.0,1.65,0,21.24
2026-10-02 00:15,12167745,Itf Women Singles,W15 Varna,Clay,V. Garnevska,S. Sakellaridi,3,0.5125,0.6175,0.0832,0.2779,21.5,0.3846,0.4454,2.03,1.63,0,21.24
2026-10-02 00:15,12167755,Challenger Men Singles,Columbus,Hard,A. Shelbayh,A. Mayo,3,0.6275000000000001,0.655,0.3659,0.555,21.5,0.6826,0.5535,1.67,2.07,0,25.46
2026-10-02 00:15,12167755,Challenger Men Singles,Columbus,Hard,A. Shelbayh,A. Mayo,3,0.6275000000000001,0.655,0.3659,0.555,22.5,0.5995,0.4919,1.88,1.82,1,25.46
2026-10-02 00:15,12167755,Challenger Men Singles,Columbus,Hard,A. Shelbayh,A. Mayo,3,0.6275000000000001,0.655,0.3659,0.555,23.5,0.5337,0.4465,2.07,1.67,0,25.46
2026-10-02 00:15,12167757,Itf Women Singles,W15 Monastir 28,Hard,P. Berezina,S. Biolay,3,0.4975,0.6075,0.0724,0.2781,18.5,0.5645,0.5313,1.72,1.95,0,20.86
2026-10-02 00:15,12167757,Itf Women Singles,W15 Monastir 28,Hard,P. Berezina,S. Biolay,3,0.4975,0.6075,0.0724,0.2781,19.5,0.4792,0.4863,1.88,1.78,1,20.86
2026-10-02 00:15,12167757,Itf Women Singles,W15 Monastir 28,Hard,P. Berezina,S. Biolay,3,0.4975,0.6075,0.0724,0.2781,20.5,0.4095,0.4521,2.0,1.65,0,20.86
2026-10-02 00:15,12167759,Itf Women Singles,W15 Sharm ElSheikh 13,Hard,A. Sushkova,E. Adeshina,3,0.52,0.5575,0.3081,0.5137,19.5,0.6971,0.5833,1.55,2.17,0,23.75
2026-10-02 00:15,12167759,Itf Women Singles,W15 Sharm ElSheikh 13,Hard,A. Sushkova,E. Adeshina,3,0.52,0.5575,0.3081,0.5137,20.5,0.6317,0.5233,1.74,1.91,1,23.75
2026-10-02 00:15,12167759,Itf Women Singles,W15 Sharm ElSheikh 13,Hard,A. Sushkova,E. Adeshina,3,0.52,0.5575,0.3081,0.5137,21.5,0.5811,0.4766,1.9,1.73,0,23.75
2026-10-02 00:15,12167760,Itf Women Singles,W15 Sharm ElSheikh 13,Hard,C. Van Zonneveld,D. Zelinskaya,3,0.5625,0.64,0.1588,0.411,19.5,0.6452,0.5691,1.59,2.1,0,23.05
2026-10-02 00:15,12167760,Itf Women Singles,W15 Sharm ElSheikh 13,Hard,C. Van Zonneveld,D. Zelinskaya,3,0.5625,0.64,0.1588,0.411,20.5,0.5683,0.511,1.78,1.86,1,23.05
2026-10-02 00:15,12167760,Itf Women Singles,W15 Sharm ElSheikh 13,Hard,C. Van Zonneveld,D. Zelinskaya,3,0.5625,0.64,0.1588,0.411,21.5,0.5128,0.4643,1.95,1.69,0,23.05
2026-10-02 00:15,12167761,Itf Women Singles,W35 Baza,Hard,V. Ivanov,J. Giaccio,3,0.61,0.5,0.9274,0.5958,17.5,0.6674,0.6691,1.36,2.75,0,20.88
2026-10-02 00:15,12167761,Itf Women Singles,W35 Baza,Hard,V. Ivanov,J. Giaccio,3,0.61,0.5,0.9274,0.5958,18.5,0.5667,0.5836,1.57,2.2,0,20.88
2026-10-02 00:15,12167761,Itf Women Singles,W35 Baza,Hard,V. Ivanov,J. Giaccio,3,0.61,0.5,0.9274,0.5958,19.5,0.4812,0.5768,1.57,2.14,0,20.88
2026-10-02 00:15,12167761,Itf Women Singles,W35 Baza,Hard,V. Ivanov,J. Giaccio,3,0.61,0.5,0.9274,0.5958,20.5,0.4111,0.5137,1.77,1.87,1,20.88
2026-10-02 00:15,12167761,Itf Women Singles,W35 Baza,Hard,V. Ivanov,J. Giaccio,3,0.61,0.5,0.9274,0.5958,21.5,0.3603,0.467,1.94,1.7,0,20.88
2026-10-02 00:15,12167766,Challenger Men Singles,Mouilleron-Le-Captif,Hard,C. Chidekh,H. Mayot,3,0.6175,0.6225,0.4746,0.496,21.5,0.6737,0.5848,1.64,2.31,0,25.26
2026-10-02 00:15,12167766,Challenger Men Singles,Mouilleron-Le-Captif,Hard,C. Chidekh,H. Mayot,3,0.6175,0.6225,0.4746,0.496,22.5,0.5972,0.5117,1.88,1.97,1,25.26
2026-10-02 00:15,12167766,Challenger Men Singles,Mouilleron-Le-Captif,Hard,C. Chidekh,H. Mayot,3,0.6175,0.6225,0.4746,0.496,23.5,0.5393,0.4599,2.09,1.78,0,25.26
2026-10-02 00:15,12167766,Challenger Men Singles,Mouilleron-Le-Captif,Hard,C. Chidekh,H. Mayot,3,0.6175,0.6225,0.4746,0.496,24.5,0.5238,0.4465,2.07,1.67,0,25.26
2026-10-02 00:15,12167769,Challenger Men Singles,Columbus,Hard,M. Krueger,K. Smith,3,0.6675,0.6825,0.4285,0.4781,22.5,0.6574,0.5687,1.6,2.11,0,26.5
2026-10-02 00:15,12167769,Challenger Men Singles,Columbus,Hard,M. Krueger,K. Smith,3,0.6675,0.6825,0.4285,0.4781,23.5,0.5725,0.4946,1.86,1.82,1,26.5
2026-10-02 00:15,12167769,Challenger Men Singles,Columbus,Hard,M. Krueger,K. Smith,3,0.6675,0.6825,0.4285,0.4781,24.5,0.5656,0.4835,1.88,1.76,0,26.5
2026-10-02 00:15,12167771,Itf Men Singles,"M15 Ann Arbor, MI",Hard,J. Hallquist Lithen,N. Tomizawa,3,0.6475,0.5925,0.7577,0.747,19.5,0.7302,0.5426,1.72,2.04,0,24.28
2026-10-02 00:15,12167771,Itf Men Singles,"M15 Ann Arbor, MI",Hard,J. Hallquist Lithen,N. Tomizawa,3,0.6475,0.5925,0.7577,0.747,20.5,0.6543,0.4773,1.96,1.79,1,24.28
2026-10-02 00:15,12167779,Itf Men Singles,"M15 Ann Arbor, MI",Hard,O. Bonding,N. Djosic,3,0.65,0.5875,0.7867,0.8716,17.5,0.8696,0.5353,1.71,1.97,0,23.99
2026-10-02 00:15,12167779,Itf Men Singles,"M15 Ann Arbor, MI",Hard,O. Bonding,N. Djosic,3,0.65,0.5875,0.7867,0.8716,18.5,0.7935,0.4863,1.88,1.78,1,23.99
2026-10-02 00:15,12167780,Itf Men Singles,"M15 Ann Arbor, MI",Hard,H. Coquelin,O. Pieczkowski,3,0.5475,0.65,0.093,0.287,19.5,0.5582,0.5844,1.6,2.25,0,21.87
2026-10-02 00:15,12167780,Itf Men Singles,"M15 Ann Arbor, MI",Hard,H. Coquelin,O. Pieczkowski,3,0.5475,0.65,0.093,0.287,20.5,0.4794,0.5123,1.79,1.88,1,21.87
2026-10-02 00:15,12167780,Itf Men Singles,"M15 Ann Arbor, MI",Hard,H. Coquelin,O. Pieczkowski,3,0.5475,0.65,0.093,0.287,21.5,0.4232,0.4601,2.03,1.73,0,21.87
2026-10-02 00:15,12167782,Itf Women Singles,W15 Nashville,Hard,A. Bowers,C. Di Genova,3,0.5775,0.5650000000000001,0.5654,0.8034,19.5,0.7462,0.4714,1.94,1.73,1,24.49
2026-10-02 00:15,12167785,Itf Women Singles,W15 Nashville,Hard,A. Sharma,A. Lahey,3,0.6125,0.62,0.4619,0.7025,20.5,0.7183,0.4877,1.88,1.79,1,25.18
