config,nucleo,n_extras,n_rasgos,brier_sel,vs_clasica_elo_sel
base_cf+elo+tabla+cp_ataque+h2h_reciente,base_cf,4,84,0.47546516596651817,0.7611781509795477
base_cf+tabla+cp_ataque+cp_minutos+h2h_reciente,base_cf,4,87,0.4759390762997196,0.7157747625707004
base_cf+elo+tabla+cp_minutos+h2h_reciente,base_cf,4,84,0.47599286992843437,0.6473257961474519
base_cf+elo+tabla+cp_ataque+cp_minutos+h2h_reciente,base_cf,5,90,0.4760544725391892,0.7095997093605567
base_cf+tabla+cp_ataque+h2h_reciente,base_cf,3,81,0.4760776580988868,0.6900573486585875
base_cf+elo+tabla+h2h_reciente,base_cf,3,78,0.4762368040176433,0.6153544753632366
base_cf+elo+cp_ataque+h2h_reciente,base_cf,3,75,0.4765204738187645,0.6384857338079521
base_cf+elo+cp_ataque+cp_minutos+h2h_reciente,base_cf,4,81,0.4767151391445509,0.6045337211989972
base_cf+elo+tabla+cp_ataque,base_cf,3,79,0.4767912992253362,0.6077394043434792
base_cf+cp_ataque+cp_minutos+h2h_reciente,base_cf,3,78,0.4768751153627439,0.5860069013600522
base_cf+elo+tabla+cp_ataque+cp_minutos,base_cf,4,85,0.4770180691817989,0.5784976339936503
base_cf+tabla+cp_minutos+h2h_reciente,base_cf,3,81,0.47705005771126197,0.5221984310843951
base_cf+elo+tabla+cp_ataque+cp_defensa+h2h_reciente,base_cf,5,93,0.47739339274045023,0.5871101430278896
base_cf+tabla+h2h_reciente,base_cf,2,75,0.47743700387352794,0.47036848162576333
base_cf+tabla+cp_ataque+cp_defensa+cp_minutos+h2h_reciente,base_cf,5,96,0.4778799915404916,0.5229527357368704
base_cf+elo+tabla+cp_minutos,base_cf,3,79,0.4781415223315987,0.4004396875690476
base_cf+tabla+cp_ataque+cp_defensa+h2h_reciente,base_cf,4,90,0.4781525124578879,0.4764445706260978
base_cf+elo+cp_minutos+h2h_reciente,base_cf,3,75,0.4782040379935016,0.38507393351487024
base_cf+tabla+cp_ataque,base_cf,2,76,0.4782519283630556,0.4134681116463838
base_cf+elo+cp_ataque+cp_minutos,base_cf,3,76,0.4784134812801576,0.3933300010155621
base_cf+elo+cp_ataque+cp_defensa+cp_minutos+h2h_reciente,base_cf,5,90,0.47842010447297106,0.44397765634145137
base_clasica+elo+tabla+cp_ataque+cp_defensa+h2h_reciente,base_clasica,5,122,0.47844752122049594,1.363402982696434
base_clasica+elo+tabla+cp_ataque+cp_defensa+cp_minutos+h2h_reciente,base_clasica,6,122,0.47844752122049594,1.363402982696434
base_clasica+elo+tabla+h2h_reciente,base_clasica,3,122,0.47844752122049594,1.363402982696434
base_clasica+elo+tabla+cp_minutos+h2h_reciente,base_clasica,4,122,0.47844752122049594,1.363402982696434
base_clasica+elo+tabla+cp_ataque+h2h_reciente,base_clasica,4,122,0.47844752122049594,1.363402982696434
base_clasica+elo+tabla+cp_defensa+h2h_reciente,base_clasica,4,122,0.47844752122049594,1.363402982696434
base_clasica+elo+tabla+cp_defensa+cp_minutos+h2h_reciente,base_clasica,5,122,0.47844752122049594,1.363402982696434
base_clasica+elo+tabla+cp_ataque+cp_minutos+h2h_reciente,base_clasica,5,122,0.47844752122049594,1.363402982696434
base_cf+tabla+cp_ataque+cp_minutos,base_cf,3,82,0.47850536085205475,0.37713463816108334
base_cf+elo+h2h_reciente,base_cf,2,69,0.47851226308118994,0.3404357408510368
base_cf+cp_ataque+h2h_reciente,base_cf,2,72,0.4786113172450118,0.35966119521990525
base_cf+cp_ataque+cp_minutos,base_cf,2,73,0.47865075929339607,0.3487248919506407
base_cf+elo+cp_ataque+cp_defensa+h2h_reciente,base_cf,4,84,0.47874773444859775,0.3865490634216251
base_cf+tabla+cp_defensa+h2h_reciente,base_cf,3,84,0.47876634407791324,0.33896501203302976
base_cf+elo+tabla+cp_defensa+cp_minutos+h2h_reciente,base_cf,5,93,0.478798499430746,0.34224632212192924
base_cf+elo+cp_ataque,base_cf,2,70,0.47884787484262253,0.3316908118596925
base_cf+elo+tabla+cp_ataque+cp_defensa+cp_minutos+h2h_reciente,base_cf,6,99,0.47897590967079756,0.3546860216836915
base_cf+elo+tabla+cp_defensa+h2h_reciente,base_cf,4,87,0.47898841625204264,0.31217577197507046
base_cf+tabla+cp_minutos,base_cf,2,76,0.47899511949175777,0.28877080746448225
base_cf+elo+tabla,base_cf,2,73,0.4791277720049005,0.272861445910649
base_cf+cp_minutos+h2h_reciente,base_cf,2,72,0.47930171398808646,0.24652118139868417
base_cf+h2h_reciente,base_cf,1,66,0.4793686426371332,0.23248367717472498
base_cf+tabla+cp_defensa+cp_minutos+h2h_reciente,base_cf,4,90,0.47947086020218094,0.25189650979416267
base_clasica+elo+cp_minutos+h2h_reciente,base_clasica,3,113,0.4794798636595807,0.9543057409900879
base_clasica+elo+cp_ataque+h2h_reciente,base_clasica,3,113,0.4794798636595807,0.9543057409900879
base_clasica+elo+h2h_reciente,base_clasica,2,113,0.4794798636595807,0.9543057409900879
base_clasica+elo+cp_ataque+cp_defensa+h2h_reciente,base_clasica,4,113,0.4794798636595807,0.9543057409900879
base_clasica+elo+cp_ataque+cp_defensa+cp_minutos+h2h_reciente,base_clasica,5,113,0.4794798636595807,0.9543057409900879
base_clasica+elo+cp_defensa+cp_minutos+h2h_reciente,base_clasica,4,113,0.4794798636595807,0.9543057409900879
base_clasica+elo+cp_ataque+cp_minutos+h2h_reciente,base_clasica,4,113,0.4794798636595807,0.9543057409900879
base_clasica+elo+cp_defensa+h2h_reciente,base_clasica,3,113,0.4794798636595807,0.9543057409900879
base_cf+cp_ataque,base_cf,1,67,0.47951807204822394,0.23903925228705755
base_cf+elo+tabla+cp_ataque+cp_defensa+cp_minutos,base_cf,5,94,0.479547253760924,0.2769478763475546
base_cf+tabla,base_cf,1,70,0.4795540112448676,0.2203505477166828
base_cf+cp_ataque+cp_defensa+cp_minutos+h2h_reciente,base_cf,4,87,0.4797903075509271,0.2355545788152648
base_cf+elo+cp_minutos,base_cf,2,70,0.4798542972871154,0.18444433080915398
base_clasica+cp_defensa+h2h_reciente,base_clasica,2,110,0.47996415753563076,0.6632791325811574
base_clasica+h2h_reciente,base_clasica,1,110,0.47996415753563076,0.6632791325811574
base_clasica+cp_ataque+cp_defensa+h2h_reciente,base_clasica,3,110,0.47996415753563076,0.6632791325811574
base_clasica+cp_ataque+cp_minutos+h2h_reciente,base_clasica,3,110,0.47996415753563076,0.6632791325811574
base_clasica+cp_defensa+cp_minutos+h2h_reciente,base_clasica,3,110,0.47996415753563076,0.6632791325811574
base_clasica+cp_ataque+cp_defensa+cp_minutos+h2h_reciente,base_clasica,4,110,0.47996415753563076,0.6632791325811574
base_clasica+cp_minutos+h2h_reciente,base_clasica,2,110,0.47996415753563076,0.6632791325811574
base_clasica+cp_ataque+h2h_reciente,base_clasica,2,110,0.47996415753563076,0.6632791325811574
base_cf+tabla+cp_ataque+cp_defensa+cp_minutos,base_cf,4,91,0.4800101744032511,0.2070364278691816
base_cf+elo+cp_defensa+cp_minutos+h2h_reciente,base_cf,4,84,0.4800855380422248,0.1698752147385524
base_clasica+tabla+cp_defensa+h2h_reciente,base_clasica,3,119,0.48014616191559994,0.5595735546360036
base_clasica+tabla+cp_defensa+cp_minutos+h2h_reciente,base_clasica,4,119,0.48014616191559994,0.5595735546360036
base_clasica+tabla+h2h_reciente,base_clasica,2,119,0.48014616191559994,0.5595735546360036
base_clasica+tabla+cp_minutos+h2h_reciente,base_clasica,3,119,0.48014616191559994,0.5595735546360036
base_clasica+tabla+cp_ataque+cp_defensa+cp_minutos+h2h_reciente,base_clasica,5,119,0.48014616191559994,0.5595735546360036
base_clasica+tabla+cp_ataque+cp_defensa+h2h_reciente,base_clasica,4,119,0.48014616191559994,0.5595735546360036
base_clasica+tabla+cp_ataque+cp_minutos+h2h_reciente,base_clasica,4,119,0.48014616191559994,0.5595735546360036
base_clasica+tabla+cp_ataque+h2h_reciente,base_clasica,3,119,0.48014616191559994,0.5595735546360036
base_cf+elo+tabla+cp_ataque+cp_defensa,base_cf,4,88,0.4803231997170068,0.15676990336552163
base_cf+cp_ataque+cp_defensa+h2h_reciente,base_cf,3,81,0.48041159210776746,0.14068663283314292
base_clasica+tabla+cp_defensa+cp_minutos,base_clasica,3,114,0.48069719670775135,0.44496523248015796
base_clasica+tabla+cp_ataque,base_clasica,2,114,0.48069719670775135,0.44496523248015796
base_clasica+tabla+cp_ataque+cp_defensa+cp_minutos,base_clasica,4,114,0.48069719670775135,0.44496523248015796
base_clasica+tabla,base_clasica,1,114,0.48069719670775135,0.44496523248015796
base_clasica+tabla+cp_defensa,base_clasica,2,114,0.48069719670775135,0.44496523248015796
base_clasica+tabla+cp_ataque+cp_defensa,base_clasica,3,114,0.48069719670775135,0.44496523248015796
base_clasica+tabla+cp_minutos,base_clasica,2,114,0.48069719670775135,0.44496523248015796
base_clasica+tabla+cp_ataque+cp_minutos,base_clasica,3,114,0.48069719670775135,0.44496523248015796
base_cf+elo+cp_defensa+h2h_reciente,base_cf,3,78,0.48083301370842924,0.07006004814090473
base_cf+elo+tabla+cp_defensa+cp_minutos,base_cf,4,88,0.4808832494696491,0.06639074784689948
base_cf+cp_ataque+cp_defensa+cp_minutos,base_cf,3,82,0.48088794343660024,0.07250513582133977
base_cf+elo+tabla+cp_defensa,base_cf,3,82,0.48094095787402213,0.0576339946963239
base_cf+tabla+cp_ataque+cp_defensa,base_cf,3,85,0.48104691298902985,0.048463318571529336
base_cf+elo,base_cf,1,64,0.4810700797778669,0.036537380857549005
base_cf+elo+cp_ataque+cp_defensa,base_cf,3,79,0.48128228049516564,0.013707782786335608
base_cf+elo+cp_ataque+cp_defensa+cp_minutos,base_cf,4,85,0.4813320685785409,0.006212763670971403
base_clasica+elo+tabla,base_clasica,2,117,0.481353270641488,0.015735009832194936
base_clasica+elo+tabla+cp_ataque+cp_defensa,base_clasica,4,117,0.481353270641488,0.015735009832194936
base_clasica+elo+tabla+cp_ataque,base_clasica,3,117,0.481353270641488,0.015735009832194936
base_clasica+elo+tabla+cp_ataque+cp_defensa+cp_minutos,base_clasica,5,117,0.481353270641488,0.015735009832194936
base_clasica+elo+tabla+cp_defensa+cp_minutos,base_clasica,4,117,0.481353270641488,0.015735009832194936
base_clasica+elo+tabla+cp_defensa,base_clasica,3,117,0.481353270641488,0.015735009832194936
base_clasica+elo+tabla+cp_ataque+cp_minutos,base_clasica,4,117,0.481353270641488,0.015735009832194936
base_clasica+elo+tabla+cp_minutos,base_clasica,3,117,0.481353270641488,0.015735009832194936
base_clasica+elo,base_clasica,1,108,0.48137354318083586,
base_clasica+elo+cp_ataque,base_clasica,2,108,0.48137354318083586,
base_clasica+elo+cp_minutos,base_clasica,2,108,0.48137354318083586,
base_clasica+elo+cp_ataque+cp_defensa,base_clasica,3,108,0.48137354318083586,
base_clasica+elo+cp_ataque+cp_minutos,base_clasica,3,108,0.48137354318083586,
base_clasica+elo+cp_ataque+cp_defensa+cp_minutos,base_clasica,4,108,0.48137354318083586,
base_clasica+elo+cp_defensa,base_clasica,2,108,0.48137354318083586,
base_clasica+elo+cp_defensa+cp_minutos,base_clasica,3,108,0.48137354318083586,
base_cf+cp_minutos,base_cf,1,67,0.4813987529937137,-0.0030075197399973014
base_cf+cp_ataque+cp_defensa,base_cf,2,76,0.4815423959599902,-0.025205329899635663
base_cf+tabla+cp_defensa,base_cf,2,79,0.4820177849084655,-0.08523419723311731
base_cf+cp_defensa+cp_minutos+h2h_reciente,base_cf,3,81,0.48217841160194547,-0.10543315615233784
base_cf+elo+cp_defensa+cp_minutos,base_cf,3,79,0.48260551991073536,-0.1664865942418934
base_clasica+cp_ataque+cp_defensa,base_clasica,2,105,0.4827861121994692,-1.3139359464166114
base_clasica+cp_defensa+cp_minutos,base_clasica,2,105,0.4827861121994692,-1.3139359464166114
base_clasica+cp_defensa,base_clasica,1,105,0.4827861121994692,-1.3139359464166114
base_clasica+cp_minutos,base_clasica,1,105,0.4827861121994692,-1.3139359464166114
base_clasica+cp_ataque+cp_minutos,base_clasica,2,105,0.4827861121994692,-1.3139359464166114
base_clasica+cp_ataque,base_clasica,1,105,0.4827861121994692,-1.3139359464166114
base_clasica,base_clasica,0,105,0.4827861121994692,-1.3139359464166114
base_clasica+cp_ataque+cp_defensa+cp_minutos,base_clasica,3,105,0.4827861121994692,-1.3139359464166114
base_cf+tabla+cp_defensa+cp_minutos,base_cf,3,85,0.48286348295516346,-0.1987518283766858
base_cf+cp_defensa+h2h_reciente,base_cf,2,75,0.48307509191011866,-0.22088949784184508
base_cf,base_cf,0,61,0.4832726064929369,-0.22436032992494115
base_cf+elo+cp_defensa,base_cf,2,73,0.484116747371537,-0.3593963012641095
base_cf+cp_defensa+cp_minutos,base_cf,2,76,0.4842770347746777,-0.3856261278309691
base_cf+cp_defensa,base_cf,1,70,0.48564138212941926,-0.5555192815435687
