generado,match_id,liga_id,saque,local,visitante,mod_1,mod_x,mod_2,mkt_1,mkt_x,mkt_2,mod_mas25,mkt_mas25,mod_ambos,mkt_ambos,lado_ambos,cuota_ambos,ve_ambos,apuesta,mod_ambos_precio
2026-09-27T15:39:00+00:00,1336019724,120775,2026-09-27T16:30:00.000Z,Eibar,Las Palmas,0.48,0.24,0.28,0.5231,0.2679,0.209,0.5,0.5128,0.543,0.5362,si,1.73,-0.0606,False,
2026-09-27T15:39:00+00:00,1336017171,120775,2026-09-27T16:30:00.000Z,Burgos,Eldense,0.42,0.26,0.32,0.4535,0.2952,0.2513,0.47,0.4241,0.534,0.4784,si,1.93,0.0306,True,
2026-09-27T15:39:00+00:00,1336023979,120775,2026-09-27T19:00:00.000Z,Oviedo,Sporting Gijón,0.49,0.29,0.22,0.4541,0.3027,0.2431,0.4,0.3903,0.457,0.4533,no,1.7,-0.0769,False,
2026-09-27T21:22:33+00:00,1336022277,120775,2026-09-28T18:30:00.000Z,Leganes,Castellón,0.2397000044584274,0.1895000040531158,0.5708000063896179,0.3073,0.2831,0.4097,0.521399974822998,0.5081,0.5519999861717224,0.56,si,1.65,-0.0892,False,
2026-09-28T15:38:29+00:00,1336022277,120775,2026-09-28T18:30:00.000Z,Leganes,Castellón,0.2324000000953674,0.1798000037670135,0.5878000259399414,0.3073,0.2831,0.4097,0.5134000182151794,0.5081,0.5475999712944031,0.56,si,1.65,-0.0965,False,
2026-10-02T08:38:52+00:00,1336030787,120775,2026-10-02T18:30:00.000Z,Eldense,Oviedo,0.3592999875545501,0.2793000042438507,0.3614000082015991,0.35,0.3103,0.3397,0.3684000074863434,0.3893,0.4609000086784363,0.4652,no,1.74,-0.062,False,0.4787
2026-10-02T17:57:15+00:00,1336030787,120775,2026-10-02T18:30:00.000Z,Eldense,Oviedo,0.4020000100135803,0.2969000041484833,0.3010999858379364,0.375,0.3125,0.3125,0.3714999854564667,0.3878,0.4654000103473663,0.4638,no,1.73,-0.0752,False,0.4788
2026-10-03T08:32:15+00:00,1336035042,120775,2026-10-03T16:30:00.000Z,Sabadell,FC Andorra,0.4742000102996826,0.2879000008106231,0.2379000037908554,0.4481,0.2912,0.2607,0.4769999980926513,0.4548,0.5676000118255615,0.5148,si,1.8,0.0216,False,0.5313
2026-10-03T08:32:15+00:00,1336028234,120775,2026-10-03T16:30:00.000Z,Cadiz,Leganes,0.3361999988555908,0.2545999884605407,0.4092000126838684,0.3264,0.3001,0.3736,0.4269999861717224,0.4211,0.4253000020980835,0.4879,no,1.81,0.0402,False,0.5021
2026-10-03T08:32:15+00:00,1336027383,120775,2026-10-03T14:15:00.000Z,Almería,Burgos,0.6690000295639038,0.216399997472763,0.1146000027656555,0.5832,0.244,0.1728,0.4936000108718872,0.4973,0.5210999846458435,0.4906,si,1.9,-0.0099,False,0.5246
2026-10-03T08:32:15+00:00,1336026532,120775,2026-10-03T12:00:00.000Z,Albacete,Eibar,0.3328999876976013,0.226500004529953,0.4406000077724457,0.3434,0.282,0.3745,0.4632000029087066,0.4966,0.5412999987602234,0.5481,si,1.69,-0.0852,False,0.5659
2026-10-04T15:37:17+00:00,1336032489,120775,2026-10-04T19:00:00.000Z,Girona,Mallorca,0.4126999974250793,0.3244999945163727,0.262800008058548,0.3893,0.2875,0.3233,0.4436999857425689,0.498,0.5315999984741211,0.5489,si,1.685,-0.1043,False,0.5721
2026-10-04T15:37:17+00:00,1336029085,120775,2026-10-04T16:30:00.000Z,Castellón,AD Ceuta FC,0.7890999913215637,0.1533000022172927,0.0575999990105629,0.7463,0.1555,0.0982,0.6812000274658203,0.6904,0.582099974155426,0.5496,si,1.68,-0.0221,False,0.5979
2026-10-04T15:37:17+00:00,1336033340,120775,2026-10-04T16:30:00.000Z,Las Palmas,Valladolid,0.4336999952793121,0.3391999900341034,0.2270999997854232,0.409,0.2908,0.3002,0.4208000004291534,0.466,0.6096000075340271,0.527,si,1.75,0.0667,False,0.5445
2026-10-05T08:39:42+00:00,1336029936,120775,2026-10-05T18:30:00.000Z,Cordoba,Tenerife,0.4165000021457672,0.2258999943733215,0.3576000034809112,0.4863,0.2692,0.2444,0.5105000138282776,0.5054,0.5389000177383423,0.5405,si,1.7,-0.0839,False,0.5666
2026-10-05T17:57:03+00:00,1336029936,120775,2026-10-05T18:30:00.000Z,Cordoba,Tenerife,0.4253000020980835,0.2110999971628189,0.3637000024318695,0.4965,0.2667,0.2369,0.5408999919891357,0.5241,0.546999990940094,0.5556,si,1.68,-0.081,False,0.5808
2026-10-09T08:39:06+00:00,1336417992,119924,2026-10-09T19:00:00.000Z,Malaga,Espanyol,0.34470000863075256,0.28029999136924744,0.375,0.334,0.3011,0.3648,0.4973999857902527,0.467,0.565500020980835,0.5333,si,1.75,-0.0103,False,0.5442
2026-10-09T08:39:06+00:00,1340475560,67162,2026-10-09T18:30:00.000Z,Borussia Dortmund,Werder Bremen,0.7257000207901001,0.2011999934911728,0.0731000006198883,0.7186,0.1657,0.1157,0.5911999940872192,0.6813,0.5372999906539917,0.5643,si,1.66,-0.1081,False,0.6121
2026-10-09T08:39:06+00:00,1321412309,52695,2026-10-09T18:45:00.000Z,Lens,Lyon,0.47369998693466187,0.2685999870300293,0.25769999623298645,0.403,0.2588,0.3382,0.5735999941825867,0.6209,0.6140000224113464,0.6513,si,1.44,-0.1158,False,0.6702
