match_id,fecha,ronda,local_id,local,visitante_id,visitante,goles_l,goles_v,terminado
1315307235,2026-09-24T16:00:00.000Z,League D - 1,945394,Andorra,947096,Malta,1.0,2.0,True
1301064899,2026-09-24T18:45:00.000Z,League A - 1,928374,Norway,18655,Denmark,3.0,2.0,True
1301063197,2026-09-24T18:45:00.000Z,League A - 1,12698,Serbia,951351,Greece,1.0,2.0,True
1301064048,2026-09-24T18:45:00.000Z,League A - 1,23761,Portugal,653501,Wales,1.0,0.0,True
1301076813,2026-09-24T18:45:00.000Z,League B - 1,946245,Kosovo National Team,661160,Republic of Ireland,1.0,0.0,True
1301075962,2026-09-24T18:45:00.000Z,League B - 1,660309,Austria,950500,Israel,3.0,1.0,True
1301077664,2026-09-24T18:45:00.000Z,League D - 1,942841,Liechtenstein,934331,Lithuania,0.0,2.0,True
1301062346,2026-09-24T18:45:00.000Z,League A - 1,952202,Netherlands,22059,Germany,1.0,1.0,True
1315308086,2026-09-25T16:00:00.000Z,League C - 1,931778,Armenia,930076,Latvia,2.0,0.0,True
1301078515,2026-09-25T16:00:00.000Z,League B - 1,940288,Georgia,656905,Northern Ireland,0.0,1.0,True
1301083621,2026-09-25T18:45:00.000Z,League C - 1,944543,Montenegro,941990,Cyprus,2.0,1.0,True
1301081068,2026-09-25T18:45:00.000Z,League B - 1,655203,Hungary,657756,Ukraine,0.0,1.0,True
1301082770,2026-09-25T18:45:00.000Z,League B - 1,5039,Sweden,659458,Romania,2.0,1.0,True
1301081919,2026-09-25T18:45:00.000Z,League B - 1,21208,Poland,947947,Bosnia & Herzegovina,0.0,0.0,True
1301080217,2026-09-25T18:45:00.000Z,League A - 1,654352,Italy,1635,Belgium,0.0,2.0,True
1301079366,2026-09-25T18:45:00.000Z,League A - 1,662011,Turkey,2486,France,0.0,1.0,True
1315355742,2026-09-26T13:00:00.000Z,League B - 1,929225,Slovenia,943692,Scotland,0.0,0.0,True
1315308937,2026-09-26T16:00:00.000Z,League C - 1,939437,Bulgaria,938586,Luxembourg,1.0,2.0,True
1301084472,2026-09-26T16:00:00.000Z,League C - 1,949649,San Marino,936033,Finland,0.0,7.0,True
1301086174,2026-09-26T16:00:00.000Z,League C - 1,16102,Iceland,937735,Estonia,1.0,1.0,True
1301085323,2026-09-26T16:00:00.000Z,League C - 1,935182,Faroe Islands,932629,Kazakhstan,1.0,1.0,True
1301087025,2026-09-26T18:45:00.000Z,League A - 1,9294,England,8443,Spain,2.0,3.0,True
1301089578,2026-09-26T18:45:00.000Z,League C - 1,658607,Slovakia,948798,Moldova,2.0,0.0,True
1301087876,2026-09-26T18:45:00.000Z,League A - 1,656054,Czech Republic,3337,Croatia,1.0,2.0,True
1315354040,2026-09-26T18:45:00.000Z,League B - 1,941139,North Macedonia,13549,Switzerland,0.0,3.0,True
1301088727,2026-09-26T18:45:00.000Z,League C - 1,662862,Albania,936884,Belarus,2.0,0.0,True
1301090429,2026-09-27T13:00:00.000Z,League D - 2,934331,Lithuania,933480,Azerbaijan,1.0,1.0,True
1301091280,2026-09-27T16:00:00.000Z,League A - 2,12698,Serbia,952202,Netherlands,1.0,2.0,True
1301092131,2026-09-27T16:00:00.000Z,League A - 2,18655,Denmark,653501,Wales,2.0,0.0,True
1301092982,2026-09-27T16:00:00.000Z,League B - 2,660309,Austria,946245,Kosovo National Team,3.0,1.0,True
1315309788,2026-09-27T16:00:00.000Z,League D - 2,930927,Gibraltar,945394,Andorra,0.0,0.0,True
1301095535,2026-09-27T18:45:00.000Z,League B - 2,950500,Israel,661160,Republic of Ireland,0.0,3.0,True
1301093833,2026-09-27T18:45:00.000Z,League A - 2,22059,Germany,951351,Greece,0.0,1.0,True
1301094684,2026-09-27T18:45:00.000Z,League A - 2,928374,Norway,23761,Portugal,1.0,2.0,True
1301096386,2026-09-28T16:00:00.000Z,League B - 2,940288,Georgia,657756,Ukraine,0.0,0.0,True
1315310639,2026-09-28T16:00:00.000Z,League C - 2,930076,Latvia,941990,Cyprus,0.0,0.0,True
1301097237,2026-09-28T16:00:00.000Z,League C - 2,931778,Armenia,944543,Montenegro,2.0,3.0,True
1301099790,2026-09-28T18:45:00.000Z,League B - 2,656905,Northern Ireland,655203,Hungary,0.0,0.0,True
1301098088,2026-09-28T18:45:00.000Z,League A - 2,1635,Belgium,2486,France,0.0,1.0,True
1301098939,2026-09-28T18:45:00.000Z,League A - 2,662011,Turkey,654352,Italy,1.0,4.0,True
1301101492,2026-09-28T18:45:00.000Z,League B - 2,659458,Romania,947947,Bosnia & Herzegovina,2.0,4.0,True
1301100641,2026-09-28T18:45:00.000Z,League B - 2,5039,Sweden,21208,Poland,3.0,1.0,True
1301106598,2026-09-29T16:00:00.000Z,League C - 2,948798,Moldova,935182,Faroe Islands,1.0,1.0,True
1301104896,2026-09-29T16:00:00.000Z,League C - 2,936033,Finland,936884,Belarus,0.0,0.0,True
1301105747,2026-09-29T18:45:00.000Z,League C - 2,658607,Slovakia,932629,Kazakhstan,2.0,1.0,True
1301102343,2026-09-29T18:45:00.000Z,League A - 2,8443,Spain,3337,Croatia,4.0,1.0,True
1315349785,2026-09-29T18:45:00.000Z,League B - 2,943692,Scotland,13549,Switzerland,0.0,3.0,True
1315311490,2026-09-29T18:45:00.000Z,League C - 2,938586,Luxembourg,16102,Iceland,0.0,3.0,True
1301104045,2026-09-29T18:45:00.000Z,League C - 2,949649,San Marino,662862,Albania,0.0,3.0,True
1315358295,2026-09-29T18:45:00.000Z,League B - 2,929225,Slovenia,941139,North Macedonia,2.0,0.0,True
1301107449,2026-09-29T18:45:00.000Z,League C - 2,939437,Bulgaria,937735,Estonia,0.0,0.0,True
1301103194,2026-09-29T18:45:00.000Z,League A - 2,656054,Czech Republic,9294,England,0.0,2.0,True
1301108300,2026-10-01T16:00:00.000Z,League D - 3,933480,Azerbaijan,942841,Liechtenstein,0.0,0.0,True
1301110853,2026-10-01T18:45:00.000Z,League A - 3,18655,Denmark,23761,Portugal,2.0,4.0,True
1301111704,2026-10-01T18:45:00.000Z,League A - 3,653501,Wales,928374,Norway,2.0,1.0,True
1301113406,2026-10-01T18:45:00.000Z,League B - 3,950500,Israel,946245,Kosovo National Team,0.0,0.0,True
1301112555,2026-10-01T18:45:00.000Z,League B - 3,661160,Republic of Ireland,660309,Austria,2.0,2.0,True
1315312341,2026-10-01T18:45:00.000Z,League D - 3,947096,Malta,930927,Gibraltar,1.0,1.0,True
1301109151,2026-10-01T18:45:00.000Z,League A - 3,22059,Germany,12698,Serbia,2.0,0.0,True
1301110002,2026-10-01T18:45:00.000Z,League A - 3,951351,Greece,952202,Netherlands,2.0,2.0,True
1301114257,2026-10-02T14:00:00.000Z,League C - 3,932629,Kazakhstan,948798,Moldova,,,False
1315313192,2026-10-02T16:00:00.000Z,League C - 3,930076,Latvia,944543,Montenegro,,,False
1301120214,2026-10-02T16:00:00.000Z,League C - 3,941990,Cyprus,931778,Armenia,,,False
1301121065,2026-10-02T18:45:00.000Z,League C - 3,935182,Faroe Islands,658607,Slovakia,,,False
1301118512,2026-10-02T18:45:00.000Z,League B - 3,21208,Poland,659458,Romania,,,False
1301115108,2026-10-02T18:45:00.000Z,League A - 3,2486,France,654352,Italy,,,False
1301116810,2026-10-02T18:45:00.000Z,League B - 3,655203,Hungary,940288,Georgia,,,False
1301119363,2026-10-02T18:45:00.000Z,League B - 3,947947,Bosnia & Herzegovina,5039,Sweden,,,False
1301115959,2026-10-02T18:45:00.000Z,League A - 3,1635,Belgium,662011,Turkey,,,False
1301117661,2026-10-02T18:45:00.000Z,League B - 3,657756,Ukraine,656905,Northern Ireland,,,False
1301121916,2026-10-03T13:00:00.000Z,League C - 3,936033,Finland,662862,Albania,,,False
1301122767,2026-10-03T16:00:00.000Z,League A - 3,3337,Croatia,9294,England,,,False
1301123618,2026-10-03T16:00:00.000Z,League C - 3,936884,Belarus,949649,San Marino,,,False
1315314043,2026-10-03T16:00:00.000Z,League C - 3,937735,Estonia,938586,Luxembourg,,,False
1301124469,2026-10-03T16:00:00.000Z,League C - 3,16102,Iceland,939437,Bulgaria,,,False
1301125320,2026-10-03T18:45:00.000Z,League A - 3,8443,Spain,656054,Czech Republic,,,False
1315351487,2026-10-03T18:45:00.000Z,League B - 3,13549,Switzerland,929225,Slovenia,,,False
1315357444,2026-10-03T18:45:00.000Z,League B - 3,941139,North Macedonia,943692,Scotland,,,False
1301126171,2026-10-04T13:00:00.000Z,League D - 4,933480,Azerbaijan,934331,Lithuania,,,False
1301127022,2026-10-04T16:00:00.000Z,League B - 4,946245,Kosovo National Team,660309,Austria,,,False
1315314894,2026-10-04T16:00:00.000Z,League D - 4,947096,Malta,945394,Andorra,,,False
1301127873,2026-10-04T18:45:00.000Z,League A - 4,951351,Greece,22059,Germany,,,False
1301130426,2026-10-04T18:45:00.000Z,League A - 4,653501,Wales,18655,Denmark,,,False
1301128724,2026-10-04T18:45:00.000Z,League A - 4,952202,Netherlands,12698,Serbia,,,False
1301131277,2026-10-04T18:45:00.000Z,League B - 4,661160,Republic of Ireland,950500,Israel,,,False
1301129575,2026-10-04T18:45:00.000Z,League A - 4,23761,Portugal,928374,Norway,,,False
1315315745,2026-10-05T16:00:00.000Z,League C - 4,941990,Cyprus,930076,Latvia,,,False
1301134681,2026-10-05T18:45:00.000Z,League B - 4,656905,Northern Ireland,940288,Georgia,,,False
1301137234,2026-10-05T18:45:00.000Z,League C - 4,944543,Montenegro,931778,Armenia,,,False
1301136383,2026-10-05T18:45:00.000Z,League B - 4,659458,Romania,5039,Sweden,,,False
1301132979,2026-10-05T18:45:00.000Z,League A - 4,654352,Italy,662011,Turkey,,,False
1301135532,2026-10-05T18:45:00.000Z,League B - 4,947947,Bosnia & Herzegovina,21208,Poland,,,False
1301133830,2026-10-05T18:45:00.000Z,League B - 4,657756,Ukraine,655203,Hungary,,,False
1301132128,2026-10-05T18:45:00.000Z,League A - 4,2486,France,1635,Belgium,,,False
1301138085,2026-10-06T14:00:00.000Z,League C - 4,932629,Kazakhstan,935182,Faroe Islands,,,False
1301141489,2026-10-06T18:45:00.000Z,League C - 4,936884,Belarus,936033,Finland,,,False
1315354891,2026-10-06T18:45:00.000Z,League B - 4,943692,Scotland,929225,Slovenia,,,False
1301139787,2026-10-06T18:45:00.000Z,League A - 4,9294,England,656054,Czech Republic,,,False
1301140638,2026-10-06T18:45:00.000Z,League C - 4,662862,Albania,949649,San Marino,,,False
1301138936,2026-10-06T18:45:00.000Z,League A - 4,3337,Croatia,8443,Spain,,,False
1315316596,2026-10-06T18:45:00.000Z,League C - 4,938586,Luxembourg,939437,Bulgaria,,,False
1315353189,2026-10-06T18:45:00.000Z,League B - 4,13549,Switzerland,941139,North Macedonia,,,False
1301142340,2026-10-06T18:45:00.000Z,League C - 4,948798,Moldova,658607,Slovakia,,,False
1301143191,2026-10-06T18:45:00.000Z,League C - 4,937735,Estonia,16102,Iceland,,,False
